iso_code;year;drought;earthquakes;volcanic_activity;floods;storms;landslides;wildfires;extreme_temperatures;disasters
AFG;1950;0;0;0;0;0;0;0;0;200
AFG;1960;4800;0;0;0;0;0;0;0;4800
AFG;1970;0;9000;0;59404.4;0;0;0;0;69169.9
AFG;1980;0;6244;0;19100;0;0;0;0;26353.8
AFG;1990;0;27168.5;0;16435.5;0;0;0;20;53597.2
AFG;2000;476000;9074;0;13537.5;2265.6;30042.1;0;37050.2;572076.1
AFG;2010;1525000;339;0;38113.9;904.5;2757.5;0;0;1580831
AFG;2020;3666666.8;120,544,664;0;30,389,334;24,803,333;0;0;0;3830356.8
ALB;1950;0;0;0;0;0;0;0;0;0
ALB;1960;0;0;0;0;0;0;0;0;28-Aug
ALB;1970;0;0;0;0;0;0;0;0;35
ALB;1980;320000;69;0;0;0;0;0;574.5;321280.6
ALB;1990;0;210;0;4650;0;0;0;0;4860
ALB;2000;0;0;0;7648.4;52500;0;0;15;60185.9
ALB;2010;0;20680;0;8260;0;0;0;23000;52042.7
ALB;2020;0;0;0;28;0;0;0;0;28
DZA;1950;0;0;0;0;0;0;0;0;13425
DZA;1960;0;3700;0;29540;0;0;0;0;36236.4
DZA;1970;0;0;0;13500;0;0;0;0;19600
DZA;1980;0;49409.3;0;850;1010.7;0;0;0;98105.1
DZA;1990;0;1475;0;120;0;0;0;0;6818.7
DZA;2000;0;16;0;19530;0;0;0;0;41138.1
DZA;2010;0;0;0;3595;0;0;0;25000;28653.9
DZA;2020;0;5000;0;9,673,333;0;0;16,339,333;0;22397
ASM;1950;0;0;0;0;0;0;0;0;0
ASM;1960;0;0;0;0;0;0;0;0;0
ASM;1970;0;0;0;0;0;0;0;0;0
ASM;1980;0;0;0;0;0;0;0;0;0
ASM;1990;0;0;0;0;0;0;0;0;0
ASM;2000;0;250;0;0;2000;0;0;0;2556.3
ASM;2010;0;0;0;0;0;0;0;0;0
ASM;2020;0;0;0;0;0;0;0;0;0
AGO;1950;0;0;0;0;0;0;0;0;0
AGO;1960;0;0;0;0;0;0;0;0;0
AGO;1970;0;0;0;0;0;0;0;0;0
AGO;1980;248000;0;0;10000;0;0;0;0;258000
AGO;1990;10500;0;0;0;0;0;0;0;10500
AGO;2000;2500;0;0;78332.8;0;0;0;0;84115.9
AGO;2010;325390;0;0;25168.8;0;0;0;0;360003.4
AGO;2020;526666.7;0;0;10,178,333;0;0;0;0;536845.7
AIA;1950;0;0;0;0;0;0;0;0;0
AIA;1960;0;0;0;0;0;0;0;0;125
AIA;1970;0;0;0;0;0;0;0;0;0
AIA;1980;0;0;0;0;0;0;0;0;0
AIA;1990;0;0;0;0;15;0;0;0;15
AIA;2000;0;0;0;0;0;0;0;0;0
AIA;2010;0;0;0;0;1500;0;0;0;1500
AIA;2020;0;0;0;0;0;0;0;0;0
ATG;1950;0;0;0;0;0;0;0;0;0
ATG;1960;0;0;0;0;0;0;0;0;0
ATG;1970;0;0;0;0;0;0;0;0;0
ATG;1980;7500;0;0;0;750;0;0;0;8303
ATG;1990;0;0;0;0;450;0;0;0;1168.4
ATG;2000;0;0;0;0;2580;0;0;0;2580
ATG;2010;0;0;0;0;680;0;0;0;680
ATG;2020;0;0;0;0;0;0;0;0;0
ARG;1950;0;0;0;0;0;0;0;0;0
ARG;1960;0;0;0;26200;0;0;0;0;33200
ARG;1970;0;0;0;2410;10000;0;0;0;16460
ARG;1980;0;4500;0;1182600;200;1200;15200;0;1240400.4
ARG;1990;0;0;6200;37700;1400;0;0;2500;57127.4
ARG;2000;0;50;0;69022.8;640;2000;0;350;75655.8
ARG;2010;3500;0;300;74465.3;1320;301.6;0;0;80094.3
ARG;2020;0;600;0;1030;83,333,336;0;41,761,668;0;43482
ARM;1950;0;0;0;0;0;0;0;0;0
ARM;1960;0;0;0;0;0;0;0;0;0
ARM;1970;0;0;0;0;0;0;0;0;0
ARM;1980;0;0;0;0;0;0;0;0;0
ARM;1990;0;1500;0;700;0;0;0;0;2214.4
ARM;2000;29700;0;0;0;0;0;0;0;29700
ARM;2010;0;0;0;0;8560;75;0;1200;9835
ARM;2020;0;0;0;0;9,453,333;0;0;0;9,453,333
AUS;1950;0;6103;2-Sep;1251653.4;551916.6;0;0;0;1872982.4
AUS;1960;10484300;75721.3;46970;3658174.8;2298468.2;10;0;0;17351006
AUS;1970;22767288;176971.6;6451;19064606;3701611;8141.3;3000;0;47679096
AUS;1980;48343424;2369574;53981.8;42851348;12278454;10539.2;8468;3000;107602390
AUS;1990;19647828;1749268.8;123547.4;136423120;17695824;37759.9;304800;74463;183150750
AUS;2000;62535500;6734036;39102.4;88431416;35993096;117128.6;402.2;8034061;204425400
AUS;2010;49961484;2352653;71068.9;62954068;21111064;288890.4;49266.4;656826.8;138356800
AUS;2020;11523667;585873.3;267494.34;30868934;18451218;63,925,668;235395.67;15,783,333;62046796
AUT;1950;0;0;0;0;0;0;0;0;0
AUT;1960;0;387.4;0;0;0;0;400;0;919
AUT;1970;0;0;0;2100;4510;0;0;0;6774
AUT;1980;8000;200;0;0;0;0;0;0;9422.7
AUT;1990;700000;500;0;4927.5;393551;10;4700;460000;1564768.6
AUT;2000;0;0;0;3536;3566.5;0;1675.4;0;9805.1
AUT;2010;0;0;0;21299.7;12031.7;0;414.6;0;35200.2
AUT;2020;0;0;0;60,883,332;2875;0;0;0;63,843,332
AZE;1950;0;0;0;0;0;38;0;0;38
AZE;1960;0;0;0;0;0;0;0;0;0
AZE;1970;0;0;0;0;0;0;0;0;0
AZE;1980;0;0;0;0;0;0;0;0;0
AZE;1990;0;0;0;0;0;1000;0;0;1000
AZE;2000;0;0;0;6141.6;30;0;0;0;6171.6
AZE;2010;0;0;0;20;21;0;0;0;53
AZE;2020;0;0;0;0;0;0;0;0;43,333,335
BHS;1950;0;0;0;0;0;0;0;0;0
BHS;1960;0;0;0;0;0;0;0;0;0
BHS;1970;0;0;0;0;0;0;0;0;0
BHS;1980;0;0;0;0;0;0;0;0;0
BHS;1990;0;70075;0;157780;0;0;0;0;244297.8
BHS;2000;0;269.4;0;3500;0;0;0;0;3979.4
BHS;2010;0;1550;0;7000;0;0;0;0;9249.9
BHS;2020;0;0;0;0;0;0;0;0;0
BGD;1950;0;0;0;0;0;0;0;0;0
BGD;1960;0;0;0;0;120;0;0;0;120.3
BGD;1970;0;0;0;0;0;0;0;0;0
BGD;1980;0;0;0;0;0;0;0;0;0
BGD;1990;0;0;0;0;0;0;0;0;170
BGD;2000;0;0;0;0;2050;0;0;0;2050
BGD;2010;0;0;0;100;3165;0;0;0;3265
BGD;2020;0;0;0;0;0;0;0;0;0
BRB;1950;0;0;0;0;0;0;0;0;0
BRB;1960;0;0;0;1641089.2;1293589.2;0;0;0;3626622.8
BRB;1970;200;0;0;5061365;369811;0;0;0;5634981
BRB;1980;2500000;0;0;12284300;1459886;0;0;0;16554406
BRB;1990;0;0;0;5725959.5;2161714.8;0;0;3400;8187303
BRB;2000;0;350;0;5860179.5;1309665.8;0;0;20100;7213937
BRB;2010;0;0;0;2972601;921457.9;15413;0;17700;3949741
BRB;2020;0;0;0;4305671.5;1316666.6;0;0;0;5622338.5
BLR;1950;0;0;0;0;0;0;0;0;0
BLR;1960;0;0;0;0;0;0;0;0;0
BLR;1970;0;0;0;20;0;0;0;0;21
BLR;1980;0;0;0;0;0;0;0;0;533.7
BLR;1990;0;0;0;0;0;0;0;0;0
BLR;2000;0;0;0;0;0;0;0;0;288.1
BLR;2010;0;0;0;0;250;0;0;0;250
BLR;2020;0;0;0;0;1038;0;0;0;1100
BEL;1950;0;0;0;0;0;0;0;0;0
BEL;1960;0;0;0;0;0;0;0;0;0
BEL;1970;0;0;0;0;0;0;0;0;0
BEL;1980;0;0;0;0;0;0;0;0;0
BEL;1990;0;0;0;4200;2104.5;0;0;0;6339
BEL;2000;0;0;0;0;0;0;0;0;182
BEL;2010;0;0;0;5000;0;0;0;9010;14349.4
BEL;2020;0;0;0;0;0;0;0;0;0
BLZ;1950;0;0;0;35;0;0;0;0;35
BLZ;1960;0;0;0;0;0;0;0;0;10
BLZ;1970;0;0;0;60;0;0;0;0;60
BLZ;1980;0;100;0;0;0;0;0;0;103
BLZ;1990;0;0;0;87.5;170;0;0;0;258
BLZ;2000;0;0;0;261;0;0;0;0;261.2
BLZ;2010;0;0;0;69;0;0;0;0;76.1
BLZ;2020;0;0;0;650;0;0;0;0;33,983,332
BEN;1950;0;0;0;0;0;0;0;0;0
BEN;1960;0;0;0;0;0;0;0;0;0
BEN;1970;0;0;0;1700;7600;0;0;0;9300
BEN;1980;0;0;0;0;0;0;0;0;0
BEN;1990;0;0;0;260;6000;0;0;0;6260
BEN;2000;0;0;0;3800;11200;0;0;0;15057
BEN;2010;0;0;0;2000;1035.5;0;0;0;3035.5
BEN;2020;0;0;0;0;77,333,336;0;0;0;77,383,336
BMU;1950;0;0;0;0;0;0;0;0;0
BMU;1960;11500;0;0;0;0;0;0;0;11500
BMU;1970;0;0;0;0;0;0;400;0;720
BMU;1980;210000;0;0;91300;0;0;0;0;323900
BMU;1990;0;0;0;77490.1;0;0;0;0;83419.6
BMU;2000;0;0;0;28789.2;80;0;0;0;28957.6
BMU;2010;0;0;0;77357.5;0;0;0;0;92733.4
BMU;2020;0;0;0;38,616,668;0;0;0;0;38,616,668
BTN;1950;0;0;0;0;0;0;0;0;0
BTN;1960;0;0;0;0;0;0;0;0;0
BTN;1970;0;0;0;0;0;0;0;0;0
BTN;1980;0;0;0;0;0;0;0;0;4
BTN;1990;0;0;0;0;0;0;0;0;0
BTN;2000;0;0;0;0;0;0;0;0;0
BTN;2010;0;0;0;0;0;0;0;0;0
BTN;2020;0;0;0;0;0;0;0;0;0
BOL;1950;0;0;0;0;0;0;0;0;0
BOL;1960;0;0;0;0;0;0;0;0;0
BOL;1970;0;0;0;0;0;0;0;0;0
BOL;1980;0;0;0;0;0;0;0;0;0
BOL;1990;0;0;0;60;6500;0;0;0;6560
BOL;2000;0;0;0;0;0;0;0;0;101.2
BOL;2010;0;2000;0;0;0;0;0;0;2001.6
BOL;2020;0;16,666,667;0;0;0;0;0;0;16,733,333
BIH;1950;0;0;0;0;0;0;0;0;0
BIH;1960;0;0;0;2660;0;0;0;0;3280
BIH;1970;0;0;0;25100;0;0;0;0;28600
BIH;1980;308304.9;0;0;37800;0;0;0;0;351152.4
BIH;1990;33316;1110;0;19100;0;16500;350;0;75478.3
BIH;2000;10250;0;0;143079.5;1874;69;300;2527.7;159157.7
BIH;2010;111903.5;0;300;151873.5;0;1060;3600;1749;271017.5
BIH;2020;0;0;0;238730;0;0;42000;0;280736
BWA;1950;0;0;0;0;0;0;0;0;0
BWA;1960;0;0;0;0;0;0;0;0;0
BWA;1970;0;0;0;0;0;0;0;0;0
BWA;1980;0;0;0;0;0;0;0;0;0
BWA;1990;0;0;0;0;100;0;0;0;109
BWA;2000;6257.5;0;0;29383;0;40;0;1000;36680.8
BWA;2010;0;0;0;103626.9;0;0;0;1034.7;104661.6
BWA;2020;0;350;0;88,333,336;0;0;0;0;88684
BRA;1950;0;0;0;0;0;0;0;0;0
BRA;1960;12000;0;0;0;0;0;0;0;12000
BRA;1970;8760;0;0;100;0;0;0;0;8860
BRA;1980;103730;0;0;1200;0;0;0;0;104930.7
BRA;1990;10000;0;0;350;0;0;0;0;10550
BRA;2000;0;0;0;11639.2;40;0;0;0;14879.2
BRA;2010;3800;0;0;1168.5;0;0;0;0;4968.5
BRA;2020;0;0;0;0;0;0;0;0;0
VGB;1950;0;0;0;0;0;0;0;0;0
VGB;1960;0;0;0;71791.7;0;400000;0;0;482598.6
VGB;1970;1500000;0;0;277037.1;0;0;0;0;1790307.1
VGB;1980;2075000;1500;0;838533.5;4920;7800;0;0;2969320
VGB;1990;1000000;0;0;20252.3;60;700;1200;0;1034124.3
VGB;2000;200000;28;0;400589.9;15185;600;0;0;659972.6
VGB;2010;3106200;0;0;296346.1;2474;0;1000000;0;4421567.5
VGB;2020;0;0;0;599088;373;0;0;0;601687
BRN;1950;0;0;0;0;0;0;0;0;0
BRN;1960;0;0;0;0;0;0;0;0;0
BRN;1970;0;0;0;0;0;0;0;0;0
BRN;1980;0;0;0;0;0;0;0;0;0
BRN;1990;0;0;0;0;0;0;0;0;0.3
BRN;2000;0;0;0;0;0;0;0;0;0
BRN;2010;0;0;0;0;0;0;0;0;0
BRN;2020;0;0;0;0;0;0;0;0;0
BGR;1950;0;0;0;0;0;0;0;0;0
BGR;1960;0;0;0;0;0;0;0;0;0
BGR;1970;0;0;0;0;0;0;0;0;0
BGR;1980;0;0;0;0;0;0;0;0;0
BGR;1990;0;0;0;0;0;0;0;0;0
BGR;2000;0;0;0;0;0;0;0;0;0
BGR;2010;0;0;0;0;0;0;0;0;0
BGR;2020;0;0;0;0;0;0;0;0;0
BFA;1950;0;0;0;0;0;0;0;0;0
BFA;1960;0;0;0;0;0;0;0;0;0
BFA;1970;0;0;0;0;0;0;0;0;16.May
BFA;1980;0;0;0;0;0;0;0;0;306
BFA;1990;0;0;0;20;500;0;0;30;637.3
BFA;2000;0;52.5;0;1326;0;0;0;0;1404.3
BFA;2010;0;14;0;4588.7;0;0;0;0;4739.7
BFA;2020;0;0;0;3654;0;0;16,666,667;0;38,206,667
BDI;1950;0;0;0;0;0;0;0;0;0
BDI;1960;97500;0;0;0;0;0;0;0;97500
BDI;1970;44200;0;0;0;0;0;0;0;44290
BDI;1980;145000;0;0;2482.4;0;0;0;0;148539.6
BDI;1990;269629;0;0;6730;0;0;0;0;276435
BDI;2000;0;0;0;25964;0;0;0;0;31514.3
BDI;2010;685000;0;0;20232.4;0;0;0;0;708045.8
BDI;2020;966666.7;0;0;35,613,668;0;0;0;0;1010150.7
KHM;1950;0;0;0;0;0;0;0;0;0
KHM;1960;0;0;0;0;0;0;0;0;0
KHM;1970;0;0;0;0;0;0;0;0;0
KHM;1980;0;0;0;360;0;0;0;0;360
KHM;1990;65000;0;0;0;3081;0;0;0;68081
KHM;2000;241250;0;0;2896.5;0;0;0;0;250490.6
KHM;2010;0;0;0;5855;0;993.5;0;0;8643.7
KHM;2020;0;0;0;28035;16,666,666;0;0;0;29708
CMR;1950;0;0;0;0;0;0;0;0;0
CMR;1960;0;0;0;0;0;0;0;0;0
CMR;1970;0;0;0;0;0;0;0;0;0
CMR;1980;0;0;0;0;0;0;0;0;0
CMR;1990;500000;0;0;261357.4;0;0;0;0;788937.9
CMR;2000;155000;0;0;664418.2;17800;0;0;0;837232.6
CMR;2010;250000;0;0;414681.7;630;0;0;0;671109
CMR;2020;0;0;0;60,331,668;253286.67;0;0;0;313618.66
CAN;1950;0;0;0;0;0;0;0;0;0
CAN;1960;0;0;0;0;0;0;0;0;0
CAN;1970;40000;0;0;0;0;0;0;0;40000
CAN;1980;0;0;1000;100;0;0;0;0;1143.7
CAN;1990;18690;0;250;0;0;0;0;0;19111
CAN;2000;0;0;0;2450;0;0;0;0;3739.6
CAN;2010;1200;0;0;31369.5;0;0;0;0;36077
CAN;2020;0;0;0;59,800,668;0;33,333,332;0;0;59,915,668
CPV;1950;0;0;0;10700;0;0;0;0;10900.6
CPV;1960;0;0;0;0;0;0;0;0;2-Feb
CPV;1970;0;0;0;0;0;0;0;0;184
CPV;1980;3000;0;0;450;240;0;3200;20;7035
CPV;1990;0;0;0;3790;730;0;2060;0;7800.4
CPV;2000;0;0;0;1607;50;0;180;0;1924.3
CPV;2010;0;0;0;15331.3;90;0;14744.1;0;30874.4
CPV;2020;0;0;0;9,978,667;21,433,334;0;83,333,336;0;31496
CYM;1950;0;0;0;0;0;0;0;0;0
CYM;1960;0;0;0;0;0;0;0;0;0
CYM;1970;0;0;0;0;0;0;0;0;0
CYM;1980;0;0;0;0;760;0;0;0;772.2
CYM;1990;1000;0;130;0;0;0;0;0;1630.6
CYM;2000;3000;0;0;15;0;0;0;0;3015
CYM;2010;7000;0;250;0;0;0;0;0;7250
CYM;2020;15,364,333;0;0;8,333,333;0;0;0;0;23,697,666
CAF;1950;0;0;0;0;0;0;0;0;0
CAF;1960;0;0;0;0;0;0;0;0;0
CAF;1970;0;0;0;0;0;0;0;0;0
CAF;1980;0;0;0;0;0;0;0;0;0
CAF;1990;0;0;0;0;0;0;0;0;0
CAF;2000;0;0;0;0;30;0;0;0;30
CAF;2010;0;0;0;0;0;0;0;0;0
CAF;2020;0;0;0;0;0;0;0;0;0
TCD;1950;0;0;0;0;0;0;0;0;0
TCD;1960;0;0;0;0;0;0;0;0;0
TCD;1970;0;0;0;1300;0;0;0;0;1300
TCD;1980;0;0;0;0;90;0;0;0;185
TCD;1990;0;0;0;3795.7;0;0;8.May;0;7661.8
TCD;2000;0;0;0;600;913.7;0;0;0;7307.2
TCD;2010;0;0;0;8593.1;1533.9;0;0;0;10520.5
TCD;2020;0;0;0;40,650,668;0;0;10000;0;50,653,332
CHL;1950;0;0;0;0;0;0;0;0;0
CHL;1960;90000;0;0;0;0;0;0;0;90000
CHL;1970;0;0;0;0;0;0;0;0;10
CHL;1980;150000;0;0;4745;120;0;0;0;154919.8
CHL;1990;65600;0;0;16884.9;0;0;0;0;91120.6
CHL;2000;320000;0;0;36388.3;0;0;0;0;357627.3
CHL;2010;348680;0;0;75863.3;0;0;0;0;424547
CHL;2020;700000;0;0;461261.66;0;0;0;0;1168781
CHN;1950;0;0;0;0;0;0;0;0;9
CHN;1960;12000;202300;200;35000;0;0;0;0;252335.6
CHN;1970;0;234852.2;0;4600;9000;0;0;0;250177.3
CHN;1980;0;98129.2;200;17848.2;23385.4;0;0;0;210440.2
CHN;1990;0;4120;6235;7029.3;225;6500;30;1000;33541.8
CHN;2000;0;5246.3;800;64157;211.2;0;0;2500;76443
CHN;2010;0;308115.6;1110;18425.7;93.4;0;1805.7;2562.5;416898.4
CHN;2020;0;0;0;200;17,366,667;0;0;0;377
COL;1950;0;0;0;1000000;0;0;0;0;1015373.3
COL;1960;0;0;0;0;0;0;0;0;5589.5
COL;1970;600000;200;0;1100000;606.5;0;0;0;1775347.6
COL;1980;4900000;136488.5;0;13914450;4396950;5411.9;5609.2;3000;23598502
COL;1990;13375000;961023.4;0;96708630;8959093;202.7;0;10218;125194510
COL;2000;24152400;5267437.5;0;52564240;27915964;1010;0;7700000;118201416
COL;2010;7972600;785756;0;38074670;7023028;239244;0;385000;54650530
COL;2020;2033333.4;97115;0;10636473;266195.66;66,666,665;400;0;13041470
COM;1950;0;0;0;0;0;0;0;0;4004.6
COM;1960;0;4000;0;7000;102;0;0;0;11158.3
COM;1970;0;1300;0;510900;0;0;0;0;523193.6
COM;1980;0;3500;960;38080;12800;1800;0;0;58147.6
COM;1990;10000;77572.4;0;40514.4;0;139.5;0;0;192571.5
COM;2000;0;861.6;4235.1;546490.2;307.4;70;0;0;557438.7
COM;2010;0;5033.5;0;461933.7;0;4566.4;11920;0;484758.7
COM;2020;0;0;0;112938;94,266,664;10,790,667;0;0;218132.67
COG;1950;0;0;0;0;0;0;0;0;0
COG;1960;0;0;0;0;0;0;0;0;0
COG;1970;0;0;2000;0;0;0;0;0;2500
COG;1980;0;0;0;0;6500;0;0;0;11505.2
COG;1990;0;0;0;0;0;0;0;0;20
COG;2000;0;0;28400;250;0;0;0;0;28680
COG;2010;0;1000;0;6498.7;35464.2;0;0;0;42995.9
COG;2020;0;0;0;0;0;0;0;0;0
COK;1950;0;0;0;0;0;0;0;0;0
COK;1960;0;0;0;0;0;50;0;0;66.8
COK;1970;0;0;0;0;0;0;0;0;0
COK;1980;0;0;0;0;0;0;0;0;0
COK;1990;0;0;0;7650;0;0;0;0;7850
COK;2000;0;0;0;2500;0;0;0;0;8500
COK;2010;0;0;0;21502.5;0;0;0;0;22261.4
COK;2020;0;0;0;37,550,668;0;0;0;0;37,550,668
CRI;1950;0;0;0;0;0;0;0;0;0
CRI;1960;0;0;0;0;0;0;0;0;0
CRI;1970;0;0;0;0;0;0;0;0;0
CRI;1980;0;0;0;0;200;0;0;0;200
CRI;1990;0;0;0;0;70;0;0;0;90
CRI;2000;0;0;0;0;134.4;0;0;0;135.2
CRI;2010;0;0;0;0;219.4;0;0;0;220.2
CRI;2020;0;0;0;0;0;0;0;0;0
CIV;1950;0;0;0;0;0;0;0;0;0
CIV;1960;0;0;1739.1;458;0;0;0;0;2547.4
CIV;1970;0;356.3;7000;1520;0;0;0;0;8898.5
CIV;1980;0;547.5;0;1135;12000;0;0;0;14688.5
CIV;1990;0;697;45;22737.2;73426.2;0;120;0;102385.1
CIV;2000;0;12884.2;0;28398.9;5607.4;20;0;0;46933.6
CIV;2010;0;53.7;1845;19418;6150;0;0;0;27489.2
CIV;2020;0;0;0;66,666,664;108,333,336;0;0;0;175000
HRV;1950;0;0;0;0;0;0;0;0;0
HRV;1960;0;0;0;0;0;0;0;0;0
HRV;1970;0;0;0;0;0;0;0;0;0
HRV;1980;0;0;0;700;0;0;0;0;700
HRV;1990;0;0;0;0;0;0;0;0;0
HRV;2000;0;0;0;245;0;0;0;0;1245.6
HRV;2010;0;0;0;4562.7;0;0;0;0;4629.6
HRV;2020;0;0;0;9,334,333;0;0;0;0;10083
CUB;1950;0;0;0;0;0;0;0;0;0
CUB;1960;0;0;0;0;0;0;0;0;0
CUB;1970;0;0;0;0;0;0;0;0;0
CUB;1980;0;0;0;0;0;0;0;0;0
CUB;1990;0;0;0;0;0;0;0;0;200
CUB;2000;0;0;0;205;0;0;0;0;227.6
CUB;2010;0;0;0;1343.6;350;0;0;0;1704.2
CUB;2020;0;69,790,336;0;0;0;0;0;0;76,116,336
CYP;1950;0;0;0;0;0;0;0;0;0
CYP;1960;0;0;0;0;15600;0;0;0;17403
CYP;1970;0;0;0;1800;10;0;0;0;1817.8
CYP;1980;0;0;0;26503.6;64189.1;0;0;0;100547.8
CYP;1990;82000;582.9;0;67177.3;86264;0;0;0;253480.4
CYP;2000;0;0;0;7577.5;972190.8;0;0;0;983922.7
CYP;2010;10000;0;0;1317.5;1028595.2;0;0;0;1056206.8
CYP;2020;0;0;0;7,666,667;203703.33;0;0;0;204471
CZE;1950;0;0;0;0;0;0;0;0;260
CZE;1960;0;0;0;0;300;0;0;0;310
CZE;1970;0;0;0;0;0;0;0;0;0
CZE;1980;0;0;0;0;0;0;0;0;0
CZE;1990;0;171;0;0;0;0;0;0;196.5
CZE;2000;0;0;0;0;0;0;0;0;44
CZE;2010;0;0;0;0;0;0;0;0;0
CZE;2020;0;0;0;0;0;0;50;0;50
COD;1950;0;0;0;0;0;0;0;0;0
COD;1960;0;0;0;0;0;0;0;0;0
COD;1970;0;0;0;0;0;0;0;0;0
COD;1980;0;0;0;0;0;0;0;0;0
COD;1990;0;0;0;8778.5;0;0;0;0;10216.7
COD;2000;0;0;0;21876.5;0;0;0;0;21878
COD;2010;0;0;0;130140;0;0;0;0;130140
COD;2020;0;0;0;0;1200;0;0;0;12,743,334
DNK;1950;0;0;0;0;0;0;0;0;0
DNK;1960;0;300;0;0;0;60;0;0;436.8
DNK;1970;50000;0;0;0;0;0;0;0;56000
DNK;1980;30000;0;0;0;0;14-Aug;0;0;30014.8
DNK;1990;0;0;0;10600;0;0;0;0;14136.7
DNK;2000;0;1735.5;0;3137;7500;0;0;0;26954
DNK;2010;0;26;0;67125.3;0;0;5700.3;0;76892.4
DNK;2020;0;0;96,134,664;135807.33;0;0;0;0;231970
DJI;1950;0;0;0;0;0;0;0;0;0
DJI;1960;0;0;0;0;0;0;0;0;0
DJI;1970;0;0;0;0;0;0;0;0;0
DJI;1980;0;0;0;0;0;0;0;0;0
DJI;1990;0;0;0;0;0;0;0;0;0
DJI;2000;0;0;0;0;0;0;0;0;0
DJI;2010;0;0;0;0;0;0;0;0;0
DJI;2020;0;0;0;0;0;0;0;0;1
DMA;1950;0;0;0;0;0;0;0;0;0
DMA;1960;0;0;0;0;0;0;0;0;0
DMA;1970;0;0;0;18500;0;0;0;0;19700
DMA;1980;25500;0;0;25200;0;0;0;0;50730
DMA;1990;20000;0;0;12000;77.5;0;0;0;34077.5
DMA;2000;53275;0;0;9850;0;0;0;0;63275
DMA;2010;20025.8;0;0;25000;2500;0;0;0;47525.8
DMA;2020;64056;0;0;36,666,668;0;0;0;0;100,722,664
DOM;1950;0;0;0;0;0;0;0;0;0
DOM;1960;0;0;0;0;0;0;0;0;0
DOM;1970;0;0;0;0;7000;0;0;0;7210
DOM;1980;0;0;0;0;1071;0;0;0;1071
DOM;1990;0;0;0;0;40;0;0;0;571.6
DOM;2000;0;10;0;0;750;0;0;0;763
DOM;2010;0;0;0;0;9943.7;0;0;0;10022.7
DOM;2020;0;0;0;0;0;0;0;0;0
ECU;1950;0;0;0;0;0;0;0;0;0
ECU;1960;24000;0;0;0;700;0;0;0;25294.2
ECU;1970;0;0;0;100;120000;0;0;0;155500
ECU;1980;0;0;0;134204.5;200;0;0;0;134404.5
ECU;1990;0;0;0;2000;88030;0;0;0;102442.5
ECU;2000;0;200;0;11096.5;18518.3;0;0;0;30026.9
ECU;2010;0;0;0;287001;14114.7;0;0;0;303314.3
ECU;2020;0;0;0;70;484858.34;0;0;0;484928.34
EGY;1950;0;0;0;0;0;0;0;0;0
EGY;1960;60000;0;0;7000;0;0;0;0;67050
EGY;1970;0;6000;2000;15300;0;0.6;0;0;31611.8
EGY;1980;0;0;0;94000;0;600;80;0;109684.6
EGY;1990;3400;2295;2200;17190.7;0;7500;0;0;42741.7
EGY;2000;10750;0;49767;41348;0;15;0;0;103626.7
EGY;2010;316.5;38337.5;93254.2;14553.7;0;29.May;187.5;0;147384.7
EGY;2020;0;26,136,667;50,663,668;17,891,666;0;0;0;0;71,225,664
SLV;1950;0;0;0;0;0;0;0;0;2-Aug
SLV;1960;0;0;0;0;0;0;0;0;55.1
SLV;1970;0;0;0;6600;1500;0;0;0;8100
SLV;1980;0;0;0;0;0;0;0;0;1-Jan
SLV;1990;0;5770;0;11092;0;0;0;0;25720.6
SLV;2000;0;25;0;80;0;0;0;0;196.4
SLV;2010;0;0;0;350;3260;0;0;0;3631.3
SLV;2020;0;0;0;8,228,333;0;0;0;0;8,878,333
ERI;1950;0;0;0;0;0;0;0;0;0
ERI;1960;0;9058.2;0;0;460;0;0;0;14436
ERI;1970;0;0;0;0;0;0;0;0;0
ERI;1980;0;53000;0;8906;0;0;0;0;90956
ERI;1990;0;0;0;1495;8400;0;0;0;10095
ERI;2000;40000;159964.8;200;733.2;15054.1;0;0;0;218264.4
ERI;2010;108661;265.9;6307.9;30708.5;2974.7;0;0;0;149205.1
ERI;2020;0;0;0;100;53071;175;0;0;53346
EST;1950;0;0;0;0;0;0;0;0;0
EST;1960;0;0;0;0;0;0;0;0;0
EST;1970;0;0;0;0;0;0;0;0;0
EST;1980;0;0;0;0;0;0;0;0;0
EST;1990;390000;0;0;0;0;0;0;0;391567.5
EST;2000;170000;0;0;700;0;0;0;0;170701.3
EST;2010;0;0;0;0;0;0;0;0;0
EST;2020;0;0;0;0;0;0;0;0;0
SWZ;1950;0;0;0;0;0;0;0;0;0
SWZ;1960;0;0;0;0;0;0;0;0;0
SWZ;1970;0;0;0;0;0;0;0;0;0
SWZ;1980;0;0;0;0;0;0;0;0;0
SWZ;1990;0;0;0;0;0;0;0;0;0
SWZ;2000;0;0;0;0;10;0;0;0;10
SWZ;2010;0;0;0;0;0;0;0;0;0
SWZ;2020;0;0;0;0;0;0;0;0;0
ETH;1950;0;0;0;0;0;0;0;0;0
ETH;1960;0;0;0;0;0;0;0;0;0
ETH;1970;0;0;0;0;0;0;0;0;0
ETH;1980;0;0;0;0;63200;0;0;0;63250
ETH;1990;25000;0;0;0;0;0;0;0;25000
ETH;2000;138000;0;0;27450;742.5;0;150;0;166368.5
ETH;2010;72400;0;0;40;0;0;0;0;72440
ETH;2020;0;0;0;0;0;0;0;0;0
FJI;1950;0;0;0;0;0;0;0;0;0
FJI;1960;320000;0;0;1000;0;0;0;0;321658.5
FJI;1970;300000;0;0;6700;0;0;0;0;308700
FJI;1980;2125000;0;0;7524;0;0;0;0;2134524
FJI;1990;588620;0;0;69413;0;0;0;0;673519.5
FJI;2000;2780000;0;1100;122094.9;0;0;0;0;2903306
FJI;2010;1600567.9;0;0;107500;0;0;0;0;1708178
FJI;2020;10300000;0;0;498228.34;0;0;0;0;10798228
FIN;1950;0;0;0;0;0;0;0;0;80
FIN;1960;0;0;0;800;1000;0;0;0;2800
FIN;1970;0;0;0;0;16975;0;0;0;18505
FIN;1980;3100;0;0;21500;37220.1;0;0;0;62546.5
FIN;1990;26345.5;0;0;0;15850;0;0;0;43673
FIN;2000;0;0;0;1228;3908.2;0;0;0;5136.2
FIN;2010;6700;0;0;1954.5;77989.5;0;0;0;86658.4
FIN;2020;0;0;0;0;119,143,336;0;0;0;119,143,336
FRA;1950;0;0;0;0;0;0;0;0;0
FRA;1960;0;0;0;0;0;0;0;0;0
FRA;1970;0;0;0;0;0;0;0;0;0
FRA;1980;0;0;0;0;0;0;0;0;0
FRA;1990;0;0;0;0;0;0;0;0;0
FRA;2000;0;0;0;40;0;0;0;0;40
FRA;2010;0;0;0;0;0;0;0;0;0
FRA;2020;0;0;0;0;0;0;0;0;0
GUF;1950;0;0;0;0;0;0;0;0;0
GUF;1960;0;0;0;0;0;0;0;0;110
GUF;1970;0;0;0;2600;0;0;0;0;2603.9
GUF;1980;0;0;0;430;0;0;200;0;649.3
GUF;1990;0;0;0;569;350939;20;125;1000;352688.2
GUF;2000;0;0;0;5366.1;415;0;300;0;6203.6
GUF;2010;0;75;0;1371;50211.5;0;1200;0;52883.4
GUF;2020;0;0;0;1015;24,511,666;0;0;0;25,565,666
PYF;1950;0;0;0;0;0;0;0;0;0
PYF;1960;0;0;0;0;0;0;0;0;0
PYF;1970;0;0;0;0;0;0;0;0;0
PYF;1980;0;0;0;0;0;0;0;0;0
PYF;1990;0;0;0;0;0;0;0;0;7000
PYF;2000;0;0;0;0;0;0;0;0;0.5
PYF;2010;0;0;0;0;0;0;0;0;0
PYF;2020;0;0;0;46,333,332;0;0;0;0;46,333,332
GAB;1950;0;0;0;0;0;0;0;0;0
GAB;1960;0;0;0;0;0;0;0;0;0
GAB;1970;0;0;0;0;0;0;0;0;0
GAB;1980;0;0;0;0;500;0;0;0;505
GAB;1990;0;0;0;0;0;50;0;0;51.1
GAB;2000;0;0;0;0;0;0;0;0;0
GAB;2010;0;0;0;450;340;0;0;0;841.5
GAB;2020;0;0;0;0;0;0;0;0;0
GMB;1950;0;0;0;0;0;0;0;0;0
GMB;1960;0;0;0;0;0;0;0;0;0
GMB;1970;0;0;0;0;0;0;0;0;0
GMB;1980;0;0;0;1000;0;0;0;0;1000
GMB;1990;0;0;0;0;0;0;0;0;0
GMB;2000;0;0;0;0;0;0;0;0;80
GMB;2010;0;0;0;7784.5;353;0;0;0;8137.5
GMB;2020;0;0;0;0;0;0;0;0;0
GEO;1950;0;0;0;0;0;0;0;0;0
GEO;1960;33000;0;0;0;0;0;0;0;33000
GEO;1970;0;0;0;0;0;0;0;0;500
GEO;1980;50000;0;0;0;0;0;0;0;50000
GEO;1990;0;0;0;3100;0;0;0;0;3600
GEO;2000;0;0;0;1480.8;1667.5;0;0;0;3201.4
GEO;2010;49110;0;0;6226.1;1500;0;0;0;56846.2
GEO;2020;0;0;0;57,336,665;56,163,335;0;0;0;11,383,333
DEU;1950;0;0;0;0;0;0;0;0;0
DEU;1960;0;0;0;0;0;0;0;0;0
DEU;1970;0;0;0;0;0;0;0;0;0
DEU;1980;0;0;0;0;0;0;0;0;0
DEU;1990;0;219;0;60;0;0;0;0;455
DEU;2000;69600;2530;0;310;90;0;0;0;72655.2
DEU;2010;0;0;0;15530.1;175;0;0;0;16308.7
DEU;2020;0;0;0;40,376,667;0;0;0;0;40,376,667
GHA;1950;0;0;0;0;0;0;0;0;0
GHA;1960;0;0;0;0;0;0;0;0;0
GHA;1970;0;0;0;0;0;0;0;0;0
GHA;1980;0;0;0;0;0;0;0;0;0
GHA;1990;0;150;0;20520;3000;0;0;0;23674
GHA;2000;0;15;0;33145;0;0;0;0;33232.4
GHA;2010;0;0;0;695;0;0;0;0;698.9
GHA;2020;0;0;0;0;200;0;0;0;5,463,333
GRC;1950;0;0;0;0;0;0;0;0;0
GRC;1960;0;0;0;2500;0;0;0;0;2500
GRC;1970;1200;0;0;0;0;0;0;0;1200
GRC;1980;1250000;0;0;280;0;0;150;0;1250430
GRC;1990;0;0;0;279157.3;0;0;0;0;302460.2
GRC;2000;0;0;0;69134.5;0;0;0;0;69637
GRC;2010;0;0;0;126228.9;0;0;0;0;126733.2
GRC;2020;0;0;0;1840;0;0;0;0;1842
GRD;1950;0;2505.6;0;0;0;0;0;0;16815.9
GRD;1960;0;7652.7;0;0;0;0;0;0;8082.7
GRD;1970;0;60000;0;160;0;0;0;0;60170
GRD;1980;0;12593;0;0;0;0;20;0;12687.9
GRD;1990;0;13913.1;0;190;0;0;200;0;15199.5
GRD;2000;0;451.8;0;1218;60;0;230.8;0;2433.8
GRD;2010;0;7772;0;705;0;0;411.8;0;8979.1
GRD;2020;0;300;0;390;0;0;20,666,666;0;23212
GLP;1950;0;0;0;0;0;0;0;0;0
GLP;1960;0;0;0;0;0;0;0;0;0
GLP;1970;0;0;0;0;0;0;0;0;0
GLP;1980;0;0;0;0;0;0;0;0;0
GLP;1990;0;0;0;0;121;0;0;0;121
GLP;2000;0;0;0;0;6007;0;0;0;6007.5
GLP;2010;0;0;0;0;0;0;0;0;0
GLP;2020;0;0;0;0;0;0;0;0;0
GUM;1950;0;0;0;0;0;0;0;0;0
GUM;1960;0;0;0;0;2000;0;0;0;2010
GUM;1970;0;0;7500;0;0;0;0;0;7500.3
GUM;1980;0;0;0;0;0;0;0;0;1108.4
GUM;1990;0;0;0;0;40;0;0;0;89.9
GUM;2000;0;10;0;0;0;0;0;0;15.Mar
GUM;2010;0;0;0;0;8000;0;0;0;8000.2
GUM;2020;0;0;0;0;0;0;0;0;0
GTM;1950;0;0;0;0;0;0;0;0;0
GTM;1960;0;0;0;0;0;0;0;0;0
GTM;1970;0;0;0;0;0;0;0;0;0
GTM;1980;0;0;0;0;0;0;0;0;50.2
GTM;1990;0;0;0;0;140;0;0;0;1203.3
GTM;2000;0;0;0;0;1034.4;0;0;0;1544.4
GTM;2010;0;0;0;0;0;0;0;0;0
GTM;2020;0;0;0;0;0;0;0;0;0
GIN;1950;0;0;0;0;0;0;0;0;0
GIN;1960;0;0;0;0;1020;0;0;0;1020
GIN;1970;0;375200;0;100;0;0;0;0;499604
GIN;1980;7300;450;950;3250;0;0;0;0;12485.6
GIN;1990;0;2400.5;634.3;998.3;10570;0;0;0;15027.9
GIN;2000;261359.6;15;80;31163.6;48676.8;272;0;185;342174.2
GIN;2010;306648.5;141068.1;172618.7;72272;57839.2;113.1;0;1078.4;757823.6
GIN;2020;0;10,433,333;0;978228.3;1103485.4;0;0;0;2092458.6
GNB;1950;0;0;0;0;0;0;0;0;0
GNB;1960;0;0;0;0;0;0;0;0;0
GNB;1970;0;0;0;0;0;0;0;0;0
GNB;1980;0;2000;0;500;0;0;0;0;4643.6
GNB;1990;0;0;0;606.6;0;0;0;0;606.6
GNB;2000;0;0;0;28608.5;0;0;0;0;28686.2
GNB;2010;0;0;0;10814.2;0;48;0;0;11268.2
GNB;2020;0;0;0;56,247,668;0;0;0;0;56,913,668
GUY;1950;0;0;0;0;0;0;0;0;0
GUY;1960;0;0;0;0;0;0;0;0;0
GUY;1970;0;0;0;0;0;0;0;0;0
GUY;1980;0;0;0;0;0;0;0;0;370.3
GUY;1990;0;0;0;0;172.2;0;120;0;322.2
GUY;2000;13200;0;0;0;0;0;0;0;13375
GUY;2010;0;0;0;5679.2;1154.1;0;0;0;6833.3
GUY;2020;0;0;0;0;0;0;0;0;0
HTI;1950;0;0;0;0;0;0;0;0;0
HTI;1960;0;0;0;0;0;0;0;0;0
HTI;1970;0;0;0;2100;0;0;0;0;2100
HTI;1980;0;0;0;0;0;0;0;0;0
HTI;1990;60720;0;0;2800;0;0;0;0;64520
HTI;2000;0;0;0;40977.4;0;0;0;0;40977.4
HTI;2010;0;0;0;20227.4;0;0;0;0;20227.4
HTI;2020;0;0;0;11,666,667;0;0;0;0;11,666,667
HND;1950;0;0;0;0;25000;0;0;0;25000
HND;1960;21021.7;0;0;0;14700;0;0;0;35809.8
HND;1970;95700;0;0;4000;111;0;0;0;99811
HND;1980;10300;0;0;16739;120000;0;0;0;232066.1
HND;1990;100000;0;0;504;151200;0;0;0;260423.4
HND;2000;3500;0;0;35511.9;70675.6;0;0;0;115657.7
HND;2010;460000;343891.5;0;26631;239715;0;0;0;1108341.4
HND;2020;0;230005;0;8,793,333;14725;0;0;0;258112.67
HKG;1950;0;0;0;0;0;0;0;0;0
HKG;1960;10000;0;0;600;800;0;0;0;11400.2
HKG;1970;30000;0;0;5500;60000;0;0;0;96250
HKG;1980;0;50;0;4520;2000;0;0;0;6663.7
HKG;1990;0;0;0;72444.7;210000;0;0;0;286097
HKG;2000;46062.5;5000;0;33599.5;18442;0;0;0;105928.5
HKG;2010;105671;0;0;60271.6;1694.4;0;0;0;168443.2
HKG;2020;0;0;0;32,052,334;1763261.4;0;8,333,333;0;1796148
HUN;1950;0;0;0;0;0;0;0;0;11-Jan
HUN;1960;0;0;0;1769.6;1987.4;10;0;0;4231
HUN;1970;0;0;0;1297.4;1696.9;120;0;0;5290.8
HUN;1980;0;0;0;269.2;153.7;0;0;0;2218.3
HUN;1990;0;0;0;550;130.4;6;0;0;839.9
HUN;2000;0;0;0;0;380;0;0;0;409
HUN;2010;0;0;0;0;1502.7;0;0;0;1545.6
HUN;2020;0;0;0;0;46,666,668;0;0;0;58,333,332
ISL;1950;0;0;0;0;0;0;0;0;0
ISL;1960;0;0;0;0;0;0;0;0;0
ISL;1970;0;0;0;0;0;0;0;0;0
ISL;1980;0;0;0;0;0;0;0;0;0
ISL;1990;0;0;0;13144.1;0;0;0;0;13369.5
ISL;2000;0;0;0;4581.4;0;0;0;0;4662.3
ISL;2010;0;180;0;5934.7;16529.8;0;0;0;22644.5
ISL;2020;0;0;0;0;0;0;0;0;0
IND;1950;0;0;0;0;0;0;0;0;0
IND;1960;0;0;0;0;0;0;0;0;0
IND;1970;0;0;520;0;0;0;0;0;520.6
IND;1980;0;0;0;28;0;0;0;0;28
IND;1990;0;0;0;0;0;6.Mar;0;0;8.Mar
IND;2000;0;12-Sep;0;0;0;0;0;0;19-Sep
IND;2010;0;0;0;0;0;0;0;0;0
IND;2020;0;0;0;0;0;0;0;0;0
IDN;1950;0;0;0;5300;202000;0;0;0;252521.9
IDN;1960;10066600;5000;0;1133061;548509.2;0;0;0;11753597
IDN;1970;21000000;0;0;9821000;2071034.8;510;0;0;34372424
IDN;1980;40000000;2000080;0;15254400;1719270;20;0;0;59307024
IDN;1990;117500;55050;0;27877570;3157829.5;20500;0;0;31496658
IDN;2000;35000000;501259.9;0;24039026;547590.5;1200;0;0;61048550
IDN;2010;33820000;56978;0;9416536;3541270;900;0;0;47262224
IDN;2020;0;1000;0;1636359;6869383.5;51950;0;0;8559474
IRN;1950;0;103;0;0;0;0;0;0;341.1
IRN;1960;20400;1500;37300;83800;0;0;0;0;149720.3
IRN;1970;351722;55028.5;1700;60710;500;0;0;0;475079.7
IRN;1980;300;9744.7;45231.8;141642.6;1000;2059.5;0;0;209845.6
IRN;1990;106500;36881.9;3509.6;205582.5;0;3700;303400;0;703907.4
IRN;2000;1500;629485.6;11795.5;337635.5;371.5;29708.6;0;0;1164035.8
IRN;2010;0;300425.9;51599.6;297184;1000;10997.1;40966.4;0;716058.4
IRN;2020;0;51884;10,944,333;655450;169868;605;0;0;890898.3
IRQ;1950;0;1000;0;0;0;0;0;0;1598.4
IRQ;1960;62500;22800;0;0;0;0;0;0;86052
IRQ;1970;0;51225.2;0;0;0;10;0;0;51529.4
IRQ;1980;0;6040.5;0;114020;0;0;0;0;135556.3
IRQ;1990;3700000;70693.5;0;88745.1;370;0;0;0;3894037.5
IRQ;2000;0;66078.7;0;141285;19550;0;0;0;238098.4
IRQ;2010;0;30684.5;0;1047449;0;0;0;0;1082601.5
IRQ;2020;1633333.4;37,605,332;0;113450;8,666,667;0;0;0;1785849
IRL;1950;0;0;0;0;0;0;0;0;0
IRL;1960;50000;0;0;35000;0;0;0;0;91000
IRL;1970;0;0;0;0;0;0;0;0;0
IRL;1980;0;0;0;0;0;0;0;0;0
IRL;1990;0;0;0;0;0;0;0;0;50
IRL;2000;0;0;0;7089;0;0;0;0;7151
IRL;2010;0;550;0;9586.5;0;0;0;0;10383.5
IRL;2020;2333333.2;0;0;40,666,667;0;0;0;0;2339067.8
IMN;1950;0;0;0;0;0;0;0;0;0
IMN;1960;0;0;0;0;0;0;0;0;0
IMN;1970;0;0;0;0;0;0;0;0;0
IMN;1980;0;0;0;0;0;0;0;0;0
IMN;1990;0;0;0;350;0;0;0;0;350
IMN;2000;0;0;0;30;20;0;0;0;50
IMN;2010;0;0;0;90;0;0;0;0;90
IMN;2020;0;0;0;0;0;0;0;0;0
ISR;1950;0;0;0;0;0;0;0;0;0
ISR;1960;0;0;0;0;0;0;0;0;0
ISR;1970;0;0;0;0;0;0;0;0;0
ISR;1980;0;0;0;0;0;0;0;0;0
ISR;1990;0;0;0;0;0;0;0;0;0
ISR;2000;0;0;0;0;0;0;0;0;0
ISR;2010;0;0;0;0;0;0;0;0;0
ISR;2020;0;0;0;0;0;0;0;0;0
ITA;1950;0;0;0;0;0;0;0;0;0
ITA;1960;0;0;0;0;0;0;0;0;0
ITA;1970;0;0;0;0;0;1.Mar;0;0;1.Mar
ITA;1980;0;0;0;0;0;0;0;0;0
ITA;1990;0;0;0;100;0;0;20;0;124
ITA;2000;0;0;0;0;41;0;0;0;41
ITA;2010;0;0;0;0;200000;0;8000;0;208335.9
ITA;2020;0;0;0;0;0;0;7;0;7
JAM;1950;0;0;0;0;0;0;0;0;18296.6
JAM;1960;0;5500;0;0;0;0;0;0;138856.3
JAM;1970;0;11694.2;0;130100;520;0;0;0;156868.5
JAM;1980;0;43130;0;0;0;1000;0;0;45496
JAM;1990;0;90;700;850;100;356.3;30;0;7270.3
JAM;2000;0;23;0;5765;20;15;0;0;12896.5
JAM;2010;0;4332.9;30;1528.3;341.2;0;0;0;7895.6
JAM;2020;0;0;0;301;34,733,334;60;38,666,667;0;4588
JPN;1950;0;0;0;0;2000;0;0;0;2020
JPN;1960;10000;0;0;0;0;0;0;0;10000
JPN;1970;0;0;0;20000;250;0;0;0;25251
JPN;1980;0;0;0;6600;84000;0;0;0;90630.9
JPN;1990;0;0;0;55429;0;0;0;0;55651.2
JPN;2000;0;0;0;3000;39801.6;0;0;0;42941
JPN;2010;9154.5;0;0;0;34833;0;0;0;43990.1
JPN;2020;0;0;0;0;0;0;0;0;0
JOR;1950;0;0;2-Sep;246353.4;318916.6;0;0;0;565328.5
JOR;1960;0;3750;0;430236.6;4641.9;0;0;0;438829.6
JOR;1970;0;363.2;1000;4300;33012.3;0;0;0;39914.3
JOR;1980;0;2359.9;1750;18900;17500;2500;0;0;60250.5
JOR;1990;0;27265.7;5493;6480;40985.5;13;0;0;110397.9
JOR;2000;0;13854.9;1640;45462.8;96664.1;40;22-Feb;0;164000.8
JOR;2010;0;79333.2;0;160854.8;80186.9;0;0;1500;344689.6
JOR;2020;0;2935;0;97,133,336;4971;300;0;0;110489
KAZ;1950;0;0;0;0;0;0;0;0;0
KAZ;1960;0;0;0;370;0;0;0;0;629.2
KAZ;1970;0;0;0;0;0;0;0;0;0
KAZ;1980;0;0;0;0;0;0;0;0;2-Sep
KAZ;1990;18000;0;0;1800;0;0;0;0;19800
KAZ;2000;15000;0;0;0;0;0;0;0;15023.7
KAZ;2010;0;0;0;0;0;0;0;0;6-Apr
KAZ;2020;0;0;0;0;0;0;0;0;0
KEN;1950;0;0;0;0;0;0;0;0;0
KEN;1960;0;0;0;0;0;0;0;0;0
KEN;1970;0;0;0;0;0;0;0;0;0
KEN;1980;0;0;0;0;0;0;0;0;0
KEN;1990;0;0;0;3000;0;0;800;60000;63800
KEN;2000;0;3600;0;4416.8;0;0;0;0;8080.6
KEN;2010;0;0;0;6790.8;0;0;0;500;8237.9
KEN;2020;23,666,666;0;0;11000;0;0;0;0;34,666,668
KIR;1950;0;0;0;0;0;0;0;0;0
KIR;1960;26000;0;0;1500;0;0;0;0;27500
KIR;1970;19000;0;0;3600;0;0;0;0;22600
KIR;1980;60000;0;0;300;0;0;0;0;60300
KIR;1990;2850000;0;0;90000;0;0;0;0;2940120
KIR;2000;960000;0;0;130808.8;0;0;0;0;1090812.2
KIR;2010;1565000;0;0;142802.6;0;0;0;0;1708427.2
KIR;2020;1333333.4;0;0;370218.34;0;0;0;0;1703551.6
KWT;1950;0;0;0;0;0;0;0;0;0
KWT;1960;0;0;0;0;0;0;0;0;0
KWT;1970;0;0;0;0;70;0;0;0;70
KWT;1980;0;0;0;0;0;0;0;0;0
KWT;1990;8400;0;0;0;0;0;0;0;8400
KWT;2000;0;0;0;0;0;0;0;0;8.May
KWT;2010;0;0;0;22;150;0;0;0;172
KWT;2020;0;0;0;0;0;0;0;0;0
KGZ;1950;0;0;0;0;0;0;0;0;0
KGZ;1960;0;0;0;0;0;0;0;0;0
KGZ;1970;0;0;0;0;0;0;0;0;0
KGZ;1980;0;0;0;0;0;0;0;0;0
KGZ;1990;0;0;0;20;0;0;0;0;20
KGZ;2000;0;0;0;0;0;0;0;0;0
KGZ;2010;0;0;0;0;0;0;0;0;0
KGZ;2020;0;0;0;0;0;0;0;0;0
LAO;1950;0;0;0;0;0;0;0;0;0
LAO;1960;0;0;0;0;0;0;0;0;0
LAO;1970;0;0;0;0;0;0;0;0;0
LAO;1980;0;0;0;0;0;0;0;0;0
LAO;1990;0;10536.8;0;0;0;4500;0;0;20426.4
LAO;2000;200000;1500;0;84.5;907.5;63.6;0;0;202952.8
LAO;2010;0;1649;0;1100;0;835;0;0;4123.5
LAO;2020;0;0;0;0;0;0;0;46,166,665;46,166,665
LVA;1950;0;0;0;0;0;0;0;0;0
LVA;1960;0;0;0;7900;0;0;0;0;8160
LVA;1970;350000;0;0;55900;0;0;0;0;407400
LVA;1980;73000;0;0;200;0;0;0;0;73200
LVA;1990;2000;0;0;153340;30709;0;0;0;286086.2
LVA;2000;0;0;0;125719;12879.6;0;0;0;138607.7
LVA;2010;0;0;0;163674.9;73514.5;0;0;0;237201.6
LVA;2020;0;0;0;14,183,333;32,254,666;0;0;0;46,438,668
LBN;1950;0;0;0;0;0;0;0;0;0
LBN;1960;0;0;0;0;0;0;0;0;0
LBN;1970;0;0;0;0;0;0;0;0;0
LBN;1980;0;0;0;0;0;0;0;0;0
LBN;1990;0;0;0;0;0;0;0;0;0
LBN;2000;0;0;0;0;0;0;0;0;0
LBN;2010;0;0;0;0;0;0;0;0;0
LBN;2020;0;0;0;0;0;0;0;0;0
LSO;1950;0;0;0;0;0;0;0;0;20
LSO;1960;0;0;0;0;0;0;0;0;0
LSO;1970;0;0;0;0;0;0;0;0;0
LSO;1980;0;0;0;150;0;0;0;0;150
LSO;1990;0;0;0;0;10000;0;0;0;10407.5
LSO;2000;0;0;0;1700;50;0;0;0;1751.5
LSO;2010;0;0;0;0;101194.2;0;0;0;101270.1
LSO;2020;0;0;0;0;0;0;0;0;0
LBR;1950;0;0;0;0;0;0;0;0;0
LBR;1960;20400;0;0;0;0;0;0;0;20400
LBR;1970;0;0;0;0;0;0;0;0;0
LBR;1980;50000;0;0;18000;0;0;0;0;68000
LBR;1990;33150;0;0;0;20;0;0;0;33170
LBR;2000;97500;0;0;0;550;0;0;0;98150.1
LBR;2010;186751.5;0;0;500;0;0;0;0;187511.5
LBR;2020;255333.33;0;0;0;850;0;0;0;256183.33
LBY;1950;0;0;0;0;0;0;0;0;0
LBY;1960;0;0;0;0;0;0;0;0;0
LBY;1970;0;0;0;0;0;0;0;0;0
LBY;1980;0;0;0;0;0;0;0;0;20
LBY;1990;0;0;0;500;0;0;0;100000;100700
LBY;2000;0;0;0;1758.4;0;0;0;0;2142.4
LBY;2010;0;0;0;3091.7;0;0;0;0;3091.7
LBY;2020;0;0;0;0;0;0;0;0;0
LTU;1950;0;0;0;0;0;0;0;0;0
LTU;1960;0;0;0;0;0;0;0;0;537.5
LTU;1970;0;0;0;0;0;0;0;0;0
LTU;1980;0;0;0;0;0;0;0;0;0
LTU;1990;0;0;0;0;0;0;0;0;0
LTU;2000;0;0;0;0;0;0;0;0;0
LTU;2010;0;0;0;2200;0;0;0;0;2203
LTU;2020;0;0;0;0;0;0;0;0;0
LUX;1950;0;0;0;0;0;0;0;0;0
LUX;1960;0;0;0;0;0;0;0;0;0
LUX;1970;0;0;0;0;0;0;0;0;0
LUX;1980;0;0;0;0;0;0;0;0;0
LUX;1990;0;0;0;0;78000;0;0;0;78000
LUX;2000;0;0;0;0;0;0;0;0;0
LUX;2010;0;0;0;0;0;0;0;0;0
LUX;2020;0;0;0;0;0;0;0;0;0
MAC;1950;0;0;0;0;0;0;0;0;0
MAC;1960;0;0;0;0;0;0;0;0;0
MAC;1970;0;0;0;0;0;0;0;0;0
MAC;1980;0;0;0;0;0;0;0;0;0
MAC;1990;0;0;0;0;0;0;0;0;0
MAC;2000;0;0;0;0;0;0;0;0;0
MAC;2010;0;0;0;0;150;0;0;0;151.9
MAC;2020;0;0;0;0;0;0;0;0;0
MDG;1950;0;0;0;0;0;0;0;0;0
MDG;1960;0;0;0;0;0;0;0;0;0
MDG;1970;0;0;0;0;0;0;0;0;0
MDG;1980;0;0;0;0;0;0;0;0;0
MDG;1990;0;0;0;0;120;0;0;0;398.6
MDG;2000;0;0;0;0;0;0;0;0;0
MDG;2010;0;0;0;0;0;0;0;0;20
MDG;2020;0;0;0;0;0;0;0;0;0
MWI;1950;0;0;0;0;0;0;0;0;0
MWI;1960;0;0;0;0;10500;0;0;0;11804
MWI;1970;0;0;0;0;306800;0;0;0;308698.2
MWI;1980;195000;0;0;2822.3;37079.1;0;0;0;241965.3
MWI;1990;0;0;0;2000;124500;0;0;0;151005.1
MWI;2000;156529;0;0;11148.8;319329.1;0;0;0;541174.2
MWI;2010;242000;0;0;0;132263.9;0;0;0;398383.4
MWI;2020;560000;0;0;56786;115,457,664;0;0;0;732244.3
MYS;1950;0;0;0;0;0;0;0;0;0
MYS;1960;0;0;0;350;0;0;0;0;350
MYS;1970;0;0;0;2000;0;0;0;0;2000
MYS;1980;142926.7;0;0;600;0;0;0;0;158536.7
MYS;1990;980000;0;0;41700;0;0;0;0;1036830
MYS;2000;844943.5;0;0;115927.6;0;0;0;0;969361.4
MYS;2010;860000;0;0;192311.9;600;10;0;0;1053369.6
MYS;2020;0;0;0;750;333742.66;0;0;0;334578.34
MDV;1950;0;0;0;0;0;0;0;0;0
MDV;1960;0;0;0;42500;1000;0;0;0;45000
MDV;1970;0;0;0;24600;0;0;0;0;24600
MDV;1980;0;0;0;10257.6;0;0;0;0;10257.6
MDV;1990;500;0;0;2491.8;326.5;0;0;0;4449.4
MDV;2000;0;0;0;36956.4;4165.5;0;0;0;46028.2
MDV;2010;220000;0;0;42119.9;42.6;0;0;0;262164.1
MDV;2020;0;0;0;71,340,336;0;0;0;0;71,347,336
MLI;1950;0;0;0;0;0;0;0;0;0
MLI;1960;0;0;0;0;0;0;0;0;0
MLI;1970;0;0;0;0;0;0;0;0;0
MLI;1980;0;0;0;30;0;0;0;0;30
MLI;1990;0;0;0;0;0;0;0;0;2384.9
MLI;2000;0;1200;0;164.9;0;0;0;0;2886.3
MLI;2010;0;0;0;180;0;0;0;0;180
MLI;2020;0;0;0;0;440;0;0;0;440
MHL;1950;0;0;0;0;0;0;0;0;0
MHL;1960;0;0;0;0;0;0;0;0;0
MHL;1970;0;0;0;0;0;0;0;0;0
MHL;1980;150000;0;0;1463.5;0;0;0;0;152463.5
MHL;1990;30200;0;0;378.4;0;0;0;0;31063.4
MHL;2000;102500;0;0;8907.1;0;0;0;0;117564.3
MHL;2010;410000;0;0;12504.4;0;0;0;0;422504.6
MHL;2020;2266666.8;0;0;26,333,334;0;0;0;0;2293004
MTQ;1950;0;0;0;0;0;0;0;0;0
MTQ;1960;0;0;0;0;0;0;0;0;0
MTQ;1970;0;0;0;0;0;0;0;0;0
MTQ;1980;0;0;0;0;0;0;0;0;0
MTQ;1990;0;0;0;0;0;0;0;0;600
MTQ;2000;0;0;0;60;0;0;0;0;60
MTQ;2010;2738.4;0;0;36;0;0;0;0;2774.4
MTQ;2020;31,086,667;0;0;0;0;0;0;0;31,086,667
MRT;1950;0;0;0;0;0;0;0;0;0
MRT;1960;0;0;0;0;100;0;0;0;100
MRT;1970;0;0;0;0;2500;0;0;0;2500.3
MRT;1980;0;0;0;0;0;0;0;0;0
MRT;1990;0;0;0;0;190;0;0;0;511
MRT;2000;0;0;0;0;0;0;0;0;10-Jun
MRT;2010;0;0;0;0;0;0;0;0;0.2
MRT;2020;0;0;0;0;0;0;0;0;0
MUS;1950;0;0;0;0;0;0;0;0;0
MUS;1960;134600;0;0;0;0;0;0;0;134600
MUS;1970;144700;0;0;0;0;0;0;0;144700
MUS;1980;160000;0;0;900;0;0;0;0;160990
MUS;1990;46790.7;0;0;420.8;0;0;0;0;49278.4
MUS;2000;100000;0;0;9912;0;0;0;0;113373.9
MUS;2010;580537.4;0;0;4657.5;200;0;0;0;585629.4
MUS;2020;466666.66;0;0;16,069,333;0;0;0;0;482969.34
MEX;1950;0;0;0;0;0;0;0;0;0
MEX;1960;0;0;0;0;2000;0;0;0;2352.4
MEX;1970;0;0;0;0;95119.9;0;0;0;95653.1
MEX;1980;0;0;0;0;3685;0;0;0;3735.8
MEX;1990;0;0;0;0;680;0;0;0;1080
MEX;2000;0;0;0;0;0;0;0;0;105
MEX;2010;0;0;0;0;3000;0;0;0;3008.2
MEX;2020;0;0;0;0;46,333,332;0;0;0;46,333,332
FSM;1950;0;0;0;0;0;0;0;0;30
FSM;1960;0;400;0;834.5;35100;0;0;0;37391.4
FSM;1970;0;1125;0;31700;52500;0;0;0;95527.2
FSM;1980;0;200900;2500;12500;41000;0;0;0;277362.1
FSM;1990;6500;20923.5;7710.8;81750;85761.5;0;0;0;235867.3
FSM;2000;0;17753;4130;189302;427947.1;20;0;0;672672.9
FSM;2010;250000;155053.1;0;151444.2;156022.7;0;0;12000;730475.3
FSM;2020;0;26591;0;36,923,332;7659;0;0;0;71995
MDA;1950;0;0;0;0;0;0;0;0;0
MDA;1960;0;0;0;0;0;0;0;0;0
MDA;1970;0;0;0;0;0;0;0;0;0
MDA;1980;0;0;0;0;0;0;0;0;20.Mar
MDA;1990;2880;0;0;0;0;0;0;0;2880
MDA;2000;0;0;0;0;730;0;0;0;863.1
MDA;2010;10000;0;0;0;4500;0;0;0;14500
MDA;2020;0;0;0;0;0;0;0;0;0
MNG;1950;0;0;0;0;0;0;0;0;0
MNG;1960;0;0;0;0;0;0;0;0;0
MNG;1970;0;0;0;0;0;0;0;0;0
MNG;1980;0;0;0;0;0;0;0;0;0
MNG;1990;0;0;0;2810.8;0;0;0;0;5453.7
MNG;2000;21039.4;0;0;1100;260000;0;0;0;282139.4
MNG;2010;580;0;0;1200;0;0;0;1283.4;3063.4
MNG;2020;0;0;0;0;0;0;0;0;0
MNE;1950;0;0;0;0;0;0;0;0;0
MNE;1960;0;0;0;25000;0;0;0;0;27000
MNE;1970;0;0;0;0;0;0;0;0;0
MNE;1980;0;0;0;0;0;0;0;0;0
MNE;1990;0;0;0;0;10000;0;500;0;10506.1
MNE;2000;45000;0;0;1650;191100;0;0;76910.6;314676.3
MNE;2010;0;0;0;880.1;50;0;0;138800;139730.1
MNE;2020;0;0;0;12,576,667;10,041,333;0;0;0;22618
MSR;1950;0;0;0;0;0;0;0;0;0
MSR;1960;0;0;0;0;0;0;0;0;0
MSR;1970;0;0;0;0;0;0;0;0;0
MSR;1980;0;0;0;0;0;0;0;0;0
MSR;1990;0;0;0;0;0;0;0;0;0
MSR;2000;0;0;0;153.6;0;0;0;0;153.6
MSR;2010;0;0;0;635;0;0;20;450;1105
MSR;2020;0;0;0;0;0;0;0;0;0
MAR;1950;0;0;0;0;0;0;0;0;0
MAR;1960;0;0;0;0;0;0;0;0;0
MAR;1970;0;0;0;0;0;0;0;0;0
MAR;1980;0;0;0;0;0;0;0;0;1204
MAR;1990;0;0;1300;0;0;0;0;0;1300
MAR;2000;0;0;20;0;0;0;0;0;20
MAR;2010;0;0;0;0;0;0;0;0;0
MAR;2020;0;0;0;0;0;0;0;0;0
MOZ;1950;0;0;0;0;0;0;0;0;0
MOZ;1960;0;0;0;8281.3;0;0;0;0;10782.3
MOZ;1970;13700;0;0;28400.1;0;0;0;0;45973.6
MOZ;1980;0;0;0;0;0;1000;0;0;1221.6
MOZ;1990;27500;0;0;9800;0;0;0;0;37300
MOZ;2000;0;0;0;5785;0;0;0;0;7135.2
MOZ;2010;0;0;0;7720;11700;0;0;247750;267173.8
MOZ;2020;0;0;0;45,833,334;0;0;0;0;46,166,666
MMR;1950;0;0;0;0;0;0;0;0;0
MMR;1960;0;0;0;5000;0;0;0;0;5000
MMR;1970;600000;0;0;117500;8000;0;0;0;732005.1
MMR;1980;475800;0;0;100000;35400;0;0;0;611200
MMR;1990;330000;0;0;47000;220000;0;0;0;647450
MMR;2000;323950;0;0;621211.1;35165;0;0;0;988744.2
MMR;2010;276000;0;0;86740.1;275994.5;30;0;0;646838.9
MMR;2020;1533333.4;0;0;55,036,668;475687.66;0;0;0;2064167.6
NAM;1950;0;0;0;0;0;0;0;0;0
NAM;1960;0;0;0;0;71731.9;0;0;0;74771.9
NAM;1970;0;0;0;141300;7800;0;3000;0;177500
NAM;1980;0;0;0;0;3600;0;2858.8;0;8458.8
NAM;1990;0;16;0;48779.5;6497;0;0;0;64909.4
NAM;2000;0;1250;0;22231.7;246007.5;135.1;0;0;275258.7
NAM;2010;0;2040.5;0;299321.4;45544;14500;0;0;363278.9
NAM;2020;0;0;0;50000;0;500;0;0;50518
NPL;1950;0;0;0;0;0;0;0;0;0
NPL;1960;0;0;0;0;0;0;0;0;0
NPL;1970;0;0;0;0;0;0;0;0;0
NPL;1980;0;0;0;0;0;0;0;0;0
NPL;1990;43820;0;0;0;0;0;0;0;43820
NPL;2000;34500;0;0;47430;0;0;0;0;81930
NPL;2010;191600;0;0;62765.2;0;0;0;0;254365.2
NPL;2020;0;0;0;467;0;0;0;0;467
NLD;1950;0;0;0;0;0;0;0;0;0
NLD;1960;0;2000;0;100;0;0;0;0;2110
NLD;1970;440000;0;0;4700;0;7500;0;0;452274.8
NLD;1980;0;50000;0;62150;0;0;0;0;116522.3
NLD;1990;0;23;0;74255;16.May;51.5;0;0;86490.3
NLD;2000;50300;0;0;207337.7;0;28677.9;0;0;295951.8
NLD;2010;0;578965;0;201984.5;1424.2;797.6;0;2500;788277.5
NLD;2020;0;10000;0;42,413,332;17,166,667;0;0;0;52727
NCL;1950;0;0;0;30000;0;0;0;0;30000
NCL;1960;0;0;0;0;0;0;0;0;0
NCL;1970;0;0;0;0;0;0;0;0;0
NCL;1980;0;0;0;0;0;0;0;0;0
NCL;1990;0;0;0;1500;25006;0;0;0;26512
NCL;2000;0;0;0;0;0;0;0;0;0.1
NCL;2010;0;0;0;0;0;0;0;0;0
NCL;2020;0;0;0;0;0;0;0;0;13,333,334
NZL;1950;0;0;0;0;0;0;0;0;0
NZL;1960;0;0;0;0;0;0;0;0;0
NZL;1970;0;0;0;0;0;0;0;0;0
NZL;1980;0;0;0;0;200;0;0;0;200
NZL;1990;0;0;0;0;0;0;0;0;0
NZL;2000;0;0;0;0;0;0;0;0;110
NZL;2010;0;0;0;0;0;0;0;0;0
NZL;2020;0;0;0;0;0;0;0;0;0
NIC;1950;0;0;0;0;0;0;0;0;0
NIC;1960;0;30;0;0;100;0;0;0;131.4
NIC;1970;0;0;0;297.5;0;60;0;0;357.5
NIC;1980;0;700;0;1700.7;0;0;13;0;2416.2
NIC;1990;0;0;7;103.5;214;0;0;0;324.5
NIC;2000;0;0;0;685;40;0;0;0;765
NIC;2010;0;61383.6;0;310;62.1;0;0;0;61950
NIC;2020;0;0;0;12,766,666;480;0;65;0;18,216,666
NER;1950;0;0;0;0;0;0;0;0;0
NER;1960;0;200;0;130;0;0;0;0;356
NER;1970;0;40000;300;3800;280;0;0;0;76625
NER;1980;0;0;0;4000;35200;0;0;0;45227.8
NER;1990;36500;591.5;31769.5;20641.1;101680.9;0;0;0;191974
NER;2000;18800;178.5;0;6111.5;26937.9;575.1;1600;0;55650.7
NER;2010;76000;1201.5;0;35316.9;4977;0;0;0;117538.8
NER;2020;0;0;0;0;311000;0;0;0;311704
NGA;1950;0;0;0;0;0;0;0;0;0
NGA;1960;0;0;0;0;0;0;0;0;0
NGA;1970;0;0;0;1600;0;0;0;0;1600
NGA;1980;450000;0;0;8000;0;0;0;0;458000
NGA;1990;163850;0;0;1160.6;0;0;0;0;174488.7
NGA;2000;1448455.8;0;0;22254.9;125;0;0;0;1475484.5
NGA;2010;671942.8;0;0;189042.7;0;0;0;0;864767.2
NGA;2020;2700000;0;0;159230;0;0;0;0;3070185
NIU;1950;0;0;0;0;0;0;0;0;0
NIU;1960;0;0;0;0;0;0;0;0;0
NIU;1970;0;0;0;0;0;0;0;0;0
NIU;1980;300000;0;0;600;0;0;0;0;330750
NIU;1990;0;0;0;26000;0;0;0;0;80400
NIU;2000;0;0;0;53286.5;0;0;0;0;55882.1
NIU;2010;0;0;0;1074005.8;1600;0;0;0;1077176.4
NIU;2020;0;0;0;1000410;0;0;0;0;1002018.3
PRK;1950;0;0;0;0;160;0;0;0;160
PRK;1960;0;0;0;0;400;0;0;0;400
PRK;1970;0;0;0;0;0;0;0;0;0
PRK;1980;0;0;0;0;0;0;0;0;0
PRK;1990;0;0;0;0;20;0;0;0;20
PRK;2000;0;0;0;0;20;0;0;0;70.2
PRK;2010;0;0;0;0;0;0;0;0;0
PRK;2020;0;0;0;0;0;0;0;0;0
MKD;1950;0;0;0;0;0;0;0;0;0
MKD;1960;0;0;0;0;0;0;0;0;0
MKD;1970;0;0;0;0;0;0;0;0;0
MKD;1980;0;0;0;2000;0;0;0;0;2007.1
MKD;1990;0;0;0;901913.6;250;0;0;0;955380.7
MKD;2000;0;0;0;120363;48740.1;0;0;0;236060.2
MKD;2010;3110000;0;0;225234.7;535657.2;0;0;1376.8;3880591
MKD;2020;0;0;0;30000;0;0;0;0;30000
MNP;1950;0;0;0;0;0;0;0;0;0
MNP;1960;0;0;0;0;0;0;0;0;0
MNP;1970;0;0;0;0;0;0;0;0;0
MNP;1980;0;0;0;0;0;0;0;0;0
MNP;1990;0;0;0;0;0;0;0;0;0
MNP;2000;0;0;0;0;20;0;0;0;50
MNP;2010;0;0;0;0;35;0;0;0;36
MNP;2020;0;0;0;0;0;0;0;0;0
NOR;1950;0;0;0;0;0;0;0;0;0
NOR;1960;0;0;0;0;0;0;0;0;0
NOR;1970;0;0;0;0;0;0;0;0;0
NOR;1980;0;0;0;0;0;0;0;0;0
NOR;1990;0;0;0;400;0;0;0;0;400
NOR;2000;0;0;0;210;0;0;0;0;220
NOR;2010;0;0;0;0;50;15;0;0;65
NOR;2020;0;0;0;0;0;33,333,334;0;0;33,666,666
OMN;1950;0;0;0;0;0;0;0;0;0
OMN;1960;0;0;0;0;0;0;0;0;0
OMN;1970;0;0;0;0;500;0;0;0;659.6
OMN;1980;0;0;0;0;0;0;0;0;0
OMN;1990;0;0;0;0;0;0;0;0;0
OMN;2000;0;0;0;0;2005;0;0;0;2008.3
OMN;2010;0;0;0;20;600;0;0;0;640
OMN;2020;0;0;0;33,333,332;30;0;0;0;63,333,332
PAK;1950;0;0;0;0;0;0;0;0;0
PAK;1960;0;0;0;22442.7;40000;0;0;0;62442.7
PAK;1970;0;3500;0;1338220;0;0;0;0;1369240
PAK;1980;0;1297.5;0;30290;0;0;0;0;132091
PAK;1990;220000;17495.5;0;1518117.6;31504;20;0;25;2110683.5
PAK;2000;0;115169.9;0;956209.2;165000;0.2;0;0;1751448.1
PAK;2010;468091.2;69784.7;0;3647820.8;400;3044.3;0;8000;4212657.5
PAK;2020;0;21,266,666;0;11519748;333333.34;0;13,333,334;0;11880548
PLW;1950;0;0;0;0;0;0;0;0;0
PLW;1960;0;0;0;0;0;0;0;0;0
PLW;1970;0;0;0;0;0;0;0;0;0
PLW;1980;0;0;0;0;0;0;0;0;0
PLW;1990;0;0;0;0;0;0;0;0;0
PLW;2000;0;0;0;0;0;0;0;0;0
PLW;2010;1420;0;0;0;0;0;0;0;1545
PLW;2020;0;0;0;0;24,293,333;0;0;0;24,293,333
PSE;1950;0;0;0;0;0;0;0;0;0
PSE;1960;0;0;0;0;0;0;0;0;0
PSE;1970;0;0;0;0;0;0;0;0;0
PSE;1980;0;0;0;0;0;0;0;0;0
PSE;1990;0;0;0;0;0;0;0;0;0
PSE;2000;0;0;0;0;0;0;0;0;0
PSE;2010;0;0;0;1400;8102.1;0;0;0;9562.1
PSE;2020;0;0;0;0;0;0;0;11,166,667;11,166,667
PAN;1950;0;0;0;0;0;0;0;0;0
PAN;1960;0;0;0;160;50;0;0;0;311.8
PAN;1970;0;0;0;5014.5;0;0;0;0;5064.5
PAN;1980;8100;0;0;450;673.2;0;0;0;9673.2
PAN;1990;0;1050;0;2100;750;0;0;0;4910.2
PAN;2000;0;100;0;8909.7;0;0;143.6;0;9651.8
PAN;2010;0;0;0;4967.4;2400;0;0;0;7400.5
PAN;2020;0;0;0;10,113,333;16,666,666;0;0;0;11780
PNG;1950;0;0;320;0;0;0;0;0;320
PNG;1960;0;0;200;0;0;0;0;0;200
PNG;1970;0;400;0;0;0;0;0;0;402
PNG;1980;4000;500;2500;1300;0;0;0;0;8400
PNG;1990;50000;1919.9;10780;10400;2500;0;800;0;92644.6
PNG;2000;0;440;4089.9;8819.3;16214;106.3;0;0;32519.8
PNG;2010;252000;54465;1791.6;28860;2154.5;0;0;0;339336.2
PNG;2020;0;0;0;20300;0;33,333,332;0;0;20,989,666
PRY;1950;0;0;0;0;0;0;0;0;0
PRY;1960;1340;0;0;2989;0;0;0;0;4579
PRY;1970;0;0;0;14700;0;0;0;0;21700
PRY;1980;0;0;0;21500;0;0;0;0;23000
PRY;1990;4000;0;0;43057.5;0;0;0;0;47065.2
PRY;2000;27099;0;0;1480;4835.5;0;12500;0;47164.5
PRY;2010;146690;0;0;108135.2;8500;0;400;0;263937.7
PRY;2020;0;0;0;2000;0;0;0;0;2000
PER;1950;0;0;0;0;0;0;0;0;122
PER;1960;28460.4;6090;0;4000;0;0;0;0;44709.6
PER;1970;0;462916.9;0;47864;0;1200;0;0;535375.6
PER;1980;0;2315.6;0;31350;0;73500;0;270;109234.6
PER;1990;330000;17897.5;400;57810;58000;3260;100;0;499654.9
PER;2000;2150;88591.1;300;89474.3;8668.2;114;0;306192.7;691339.5
PER;2010;0;3488.7;3104;353153.5;0;0;0;49848.4;416108.4
PER;2020;0;6403;0;12292;0;10,376,666;0;0;20,005,334
PHL;1950;0;0;0;0;6000;0;0;0;6255.3
PHL;1960;0;0;9670;0;216945.5;0;0;0;241393.5
PHL;1970;366.5;23500;3751;364859.9;1091294.8;0;0;0;1551493.1
PHL;1980;369526;187.5;7000;84972.4;1863450.6;106.7;0;0;2605127.8
PHL;1990;285428.2;189561.5;114544.8;523343;2500781.8;5086.2;30;0;3830682
PHL;2000;0;7373.1;25666.9;407929.8;4282797.5;24034.1;0;0;4786006.5
PHL;2010;19768.7;434311.4;19469.3;1915121.8;7511549.5;180.2;0;0;9948424
PHL;2020;0;218031.67;256550;115,770,336;7968727.5;3904;0;0;8564129
POL;1950;0;0;0;0;0;0;0;0;0
POL;1960;0;0;0;0;0;0;0;0;0
POL;1970;0;0;0;100;0;0;0;0;100
POL;1980;0;105;0;1950;90;0;0;0;2327.4
POL;1990;0;0;0;16370;0;0;0;0;22570
POL;2000;0;0;0;1985;105;0;0;0;2099.2
POL;2010;0;0;0;10070;729.9;0;0;0;10828.4
POL;2020;0;0;0;130;11,666,666;0;0;0;13,076,666
PRT;1950;0;0;0;0;0;0;0;0;0
PRT;1960;0;100;0;100;0;0;0;0;218
PRT;1970;0;0;0;3500;0;0;0;0;4522
PRT;1980;0;2130;0;290;0;0;0;0;2485
PRT;1990;0;0;0;305;6;0;0;0;446.5
PRT;2000;0;0;0;34.8;0;0;15000;0;15085.2
PRT;2010;0;0;0;60;401;0;144.9;0;989.2
PRT;2020;0;0;0;0;0;0;0;0;62,333,332
PRI;1950;0;0;0;0;0;0;0;0;0
PRI;1960;0;0;0;0;0;0;0;0;0
PRI;1970;0;0;0;0;450;0;0;0;450
PRI;1980;0;0;0;0;200;0;0;0;200
PRI;1990;0;0;0;60;15531.5;0;0;0;15591.5
PRI;2000;0;0;0;1170.5;350;0;0;0;1548.5
PRI;2010;0;0;0;40;54150;0;0;0;75267.1
PRI;2020;0;1440;0;0;0;0;0;0;17,426,666
QAT;1950;0;0;0;0;0;0;0;0;0
QAT;1960;0;0;0;0;0;0;0;0;0
QAT;1970;0;0;0;0;0;0;0;0;0
QAT;1980;0;0;0;0;0;0;0;0;0
QAT;1990;0;0;0;0;0;0;0;0;0
QAT;2000;0;0;0;0;0;0;0;0;0
QAT;2010;0;0;0;150;0;0;0;0;150
QAT;2020;0;0;0;0;0;0;0;0;0
REU;1950;0;0;0;0;0;0;0;0;0
REU;1960;0;0;0;0;0;0;0;0;0
REU;1970;0;0;100;0;0;0;0;0;100
REU;1980;0;0;0;0;1720;0;0;0;1726.1
REU;1990;0;0;0;0;0;0;0;0;0
REU;2000;0;0;0;0;0;0;0;0;379
REU;2010;0;0;0;0;45;0;0;0;46.5
REU;2020;0;0;0;0;0;0;0;0;43,333,335
ROU;1950;0;0;0;0;0;0;0;0;0
ROU;1960;0;0;0;0;0;0;0;0;0
ROU;1970;0;20000;0;123875.5;0;0;0;0;162505.5
ROU;1980;0;0;0;200;0;0;0;0;200
ROU;1990;0;184.5;0;2741.8;0;0;0;170;17779.9
ROU;2000;0;0;0;20133.8;249;0;0;0;21569.1
ROU;2010;0;0;0;2302.4;0;0;0;730;3070
ROU;2020;0;0;0;42,033,334;0;0;0;0;42,033,334
RUS;1950;0;0;0;0;0;0;0;0;0
RUS;1960;0;0;0;0;0;0;0;0;0
RUS;1970;0;0;0;0;0;0;0;0;0
RUS;1980;0;0;0;0;0;0;0;0;0
RUS;1990;0;600;0;120010.4;141.2;205;10000;72520;208453
RUS;2000;100000;1727.3;0;87160.4;1800;50;0;3100;197197.8
RUS;2010;0;0;0;25209.9;0;0;1000;0;27930.7
RUS;2020;0;0;0;9,795,333;100;1000;40;0;11671
RWA;1950;0;0;0;0;0;0;0;0;0
RWA;1960;0;0;0;0;0;0;0;0;0
RWA;1970;170000;0;0;190000;0;0;0;0;360000
RWA;1980;48000;0;0;2162.8;0;0;0;0;50167.8
RWA;1990;97654.5;0;0;0;0;0;0;0;97654.5
RWA;2000;100000;153.5;0;3879.5;0;200;0;0;105014.8
RWA;2010;0;0;0;4989.3;652.5;3000;0;0;9310
RWA;2020;0;0;3875;9,726,667;0;0;0;0;14540
BLM;1950;0;0;0;0;0;0;0;0;0
BLM;1960;0;0;0;0;0;0;0;0;0
BLM;1970;0;0;0;0;0;0;0;0;0
BLM;1980;0;0;0;0;0;0;0;0;0
BLM;1990;0;0;0;0;0;0;0;0;0
BLM;2000;0;0;0;0;0;0;0;0;0
BLM;2010;0;0;0;0;0;0;0;0;0
BLM;2020;0;0;0;0;0;0;0;0;0
SHN;1950;0;0;0;0;0;0;0;0;0
SHN;1960;0;0;0;0;0;0;0;0;0
SHN;1970;0;0;0;0;0;0;0;0;0
SHN;1980;0;0;0;0;0;0;0;0;0
SHN;1990;0;0;0;0;0;0;0;0;0
SHN;2000;0;0;0;0;30;0;0;0;30
SHN;2010;0;0;0;0;0;0;0;0;0
SHN;2020;0;0;0;0;0;0;0;0;0
KNA;1950;0;0;0;0;0;0;0;0;0
KNA;1960;0;0;0;0;0;0;0;0;0
KNA;1970;0;0;0;0;0;0;0;0;0
KNA;1980;0;0;0;0;0;0;0;0;130
KNA;1990;0;0;0;0;1288;0;0;0;1298
KNA;2000;0;0;0;0;0;0;0;0;0
KNA;2010;0;0;0;0;50;0;0;0;50
KNA;2020;0;0;0;0;0;0;0;0;0
LCA;1950;0;0;0;0;0;0;0;0;0
LCA;1960;0;0;0;0;0;0;0;0;0
LCA;1970;0;0;0;0;0;0;0;0;0
LCA;1980;0;0;0;0;7300;0;0;0;8300
LCA;1990;0;0;0;0;60;17.May;0;0;112.5
LCA;2000;0;0;0;0;0;0;0;0;0
LCA;2010;0;0;0;2198.4;20600;0;0;0;22798.4
LCA;2020;0;0;0;0;0;0;0;0;0
MAF;1950;0;0;0;0;0;0;0;0;0
MAF;1960;0;0;0;0;0;0;0;0;0
MAF;1970;0;0;0;0;0;0;0;0;0
MAF;1980;0;0;0;0;0;0;0;0;0
MAF;1990;0;0;0;0;0;0;0;0;0
MAF;2000;0;0;0;0;0;0;0;0;0
MAF;2010;0;0;0;0;0;0;0;0;11
MAF;2020;0;0;0;0;0;0;0;0;0
VCT;1950;0;0;0;0;0;0;0;0;0
VCT;1960;0;0;0;0;0;0;0;0;0
VCT;1970;0;0;2200;0;0;0;0;0;2200
VCT;1980;0;0;0;114.2;2000;0;0;0;2186
VCT;1990;0;0;0;20;10;0;0;0;30
VCT;2000;0;0;0;0;153;0;0;0;153.4
VCT;2010;0;0;0;4216;600;0;0;0;4879.7
VCT;2020;0;0;44,333,335;0;43;0;0;0;44,763,335
WSM;1950;0;0;0;0;0;0;0;0;0
WSM;1960;0;0;0;0;9500;0;0;0;9500.4
WSM;1970;0;0;0;0;0;0;0;0;0
WSM;1980;0;0;0;0;100;0;100;0;200
WSM;1990;0;0;0;0;25500;0;0;0;28300
WSM;2000;0;527.4;0;0;0;0;0;0;558.4
WSM;2010;0;0;0;0;1270.3;0;0;0;1270.3
WSM;2020;0;0;0;0;0;0;0;0;0
STP;1950;0;0;0;0;0;0;0;0;0
STP;1960;0;0;0;0;0;0;0;0;0
STP;1970;0;0;0;0;0;0;0;0;0
STP;1980;9300;0;0;0;0;0;0;0;9300
STP;1990;0;0;0;0;0;0;0;0;0
STP;2000;0;0;0;0;0;0;0;0;0
STP;2010;0;0;0;0;0;0;0;0;0
STP;2020;0;0;0;73,222,664;0;0;0;0;73,222,664
SAU;1950;0;0;0;0;0;0;0;0;0
SAU;1960;0;0;0;100;0;0;0;0;100
SAU;1970;0;0;0;0;0;0;0;0;0
SAU;1980;0;0;0;0;0;0;0;0;500
SAU;1990;0;0;0;0;0;0;0;0;0
SAU;2000;0;0;0;1345;0;0;0;0;2354.7
SAU;2010;0;0;0;390.9;12;0;0;0;404.2
SAU;2020;0;0;0;200;0;0;0;0;200
SEN;1950;0;0;0;0;0;0;0;0;0
SEN;1960;140000;0;0;200;0;0;0;0;140200
SEN;1970;466500;0;0;0;0;0;0;0;466500
SEN;1980;120000;0;0;800;0;0;0;0;121800
SEN;1990;0;0;0;30500;6585.3;0;0;0;41835.3
SEN;2000;28400;0;0;52317.7;0;0;0;0;81466.9
SEN;2010;180970.2;0;0;34733.8;0;0;0;0;215735.8
SEN;2020;0;0;0;12,279,333;0;0;0;0;12,336,667
SRB;1950;0;0;0;0;0;0;0;0;0
SRB;1960;0;0;0;0;0;0;0;0;0
SRB;1970;0;0;0;0;0;0;0;0;0
SRB;1980;0;0;0;0;0;0;0;0;0
SRB;1990;0;0;0;0;0;0;0;0;0
SRB;2000;0;0;0;1558;0;0;0;0;1608
SRB;2010;0;2544;0;8803.6;0;0;0;9123.4;20630
SRB;2020;0;0;0;7,073,333;0;0;0;0;7,073,333
SYC;1950;0;0;0;0;0;0;0;0;0
SYC;1960;0;0;0;0;0;0;0;0;0
SYC;1970;0;0;0;0;0;0;0;0;0
SYC;1980;0;0;0;0;0;0;0;0;0
SYC;1990;0;0;0;112.5;0;0;0;0;123.7
SYC;2000;0;476;0;0;680;0;0;0;1163
SYC;2010;0;0;0;443.5;300;0;0;0;743.5
SYC;2020;0;0;0;0;0;0;0;0;0
SLE;1950;0;0;0;0;0;0;0;0;0
SLE;1960;0;0;0;0;0;0;0;0;0
SLE;1970;0;0;0;0;1000;0;0;0;1000
SLE;1980;0;0;0;0;0;0;0;0;0
SLE;1990;0;0;0;20000;0;0;0;0;20000.3
SLE;2000;0;0;0;2095.5;0;0;0;0;2097
SLE;2010;0;0;0;3491.8;0;1181.6;0;0;4909.6
SLE;2020;0;0;0;4301;0;0;0;0;43,273,335
SXM;1950;0;0;0;0;0;0;0;0;0
SXM;1960;0;0;0;0;0;0;0;0;0
SXM;1970;0;0;0;0;0;0;0;0;0
SXM;1980;0;0;0;0;0;0;0;0;0
SXM;1990;0;0;0;0;0;0;0;0;0
SXM;2000;0;0;0;0;0;0;0;0;0
SXM;2010;0;0;0;0;500;0;0;0;504
SXM;2020;0;0;0;0;0;0;0;0;0
SVK;1950;0;0;0;0;0;0;0;0;0
SVK;1960;0;0;0;0;0;0;0;0;0
SVK;1970;0;0;0;0;0;0;0;0;0
SVK;1980;0;0;0;0;0;0;0;0;0
SVK;1990;0;0;0;4605.7;0;0;0;0;4781.5
SVK;2000;0;0;0;33;1030;0;0;0;1074.3
SVK;2010;0;0;0;85;0;0;0;0;85
SVK;2020;0;0;0;83,333,336;0;0;0;0;83,333,336
SVN;1950;0;0;0;0;0;0;0;0;0
SVN;1960;0;0;0;0;0;0;0;0;0
SVN;1970;0;0;0;0;0;0;0;0;0
SVN;1980;0;0;0;0;0;0;0;0;0
SVN;1990;0;0;0;0;0;0;0;0;70
SVN;2000;0;60;0;0;0;0;0;0;165.5
SVN;2010;0;0;0;1455;0;0;0;5000;6455
SVN;2020;0;0;0;500;0;0;0;0;500
SLB;1950;0;0;0;0;0;0;0;0;0
SLB;1960;0;0;0;0;100;0;0;0;120
SLB;1970;0;100;600;0;600;0;0;0;1300.1
SLB;1980;0;0;0;0;12065;0;0;0;18115
SLB;1990;38;0;0;0;8850;0;0;0;8888
SLB;2000;0;237.5;0;700;27.May;0;0;0;1091.9
SLB;2010;0;1422.3;0;8307.9;4509.6;0;0;0;14339.1
SLB;2020;0;0;0;0;50000;0;0;0;50000
SOM;1950;0;0;0;0;0;0;0;0;0
SOM;1960;70000;0;0;0;0;0;0;0;70000
SOM;1970;23000;0;0;4000;0;0;0;0;27000
SOM;1980;55350;0;0;8000;0;0;0;0;66350
SOM;1990;120000;0;0;101060;0;0;0;0;244060
SOM;2000;350000;10480;0;71355;0;0;0;0;454466.5
SOM;2010;1573562.4;0;0;234229.6;40438;0;0;0;1850250
SOM;2020;2366666.8;0;0;531805.3;40000;0;0;0;2938478.8
ZAF;1950;0;0;0;0;0;0;0;0;0
ZAF;1960;500;100;0;0;0;0;0;0;600
ZAF;1970;0;0;0;100;0;0;0;0;100
ZAF;1980;217000;0;0;6500;50000;0;0;0;273538.5
ZAF;1990;30000;0;0;2510;1300;0;0;0;36463.4
ZAF;2000;1500000;0;0;11811.6;10115;0;100;0;1524409.2
ZAF;2010;345000;200;0;34438.5;1974.4;0;0;0;382622.7
ZAF;2020;4000000;0;0;45544;40,733,333;0;0;0;4051988.8
KOR;1950;0;0;0;0;0;0;0;0;0
KOR;1960;280000;0;0;68016.8;16353;0;0;0;377659.6
KOR;1970;0;0;0;88550;4155;0;0;0;125488.9
KOR;1980;0;0;0;35098.4;17702.1;400;0;0;68639.3
KOR;1990;0;0;0;24566.1;2564;167.5;0;0;44440.4
KOR;2000;0;0;0;33783.1;15472.5;0;380;0;52135
KOR;2010;0;3480;0;2900;13092.8;0;300;0;20002.3
KOR;2020;0;0;0;8800;13,333,333;0;0;0;22621
SSD;1950;0;0;0;0;0;0;0;0;0
SSD;1960;0;0;0;0;0;0;0;0;0
SSD;1970;0;0;0;0;0;0;0;0;0
SSD;1980;0;0;0;0;0;0;0;0;0
SSD;1990;0;0;0;0;0;0;0;0;0
SSD;2000;430000;0;0;9279.1;0;0;0;0;439279.1
SSD;2010;360000;0;0;198480;0;0;0;0;558481.2
SSD;2020;6000;0;0;959000;0;0;0;0;965000
ESP;1950;0;0;0;0;0;0;0;0;7
ESP;1960;0;0;0;0;0;0;0;0;0
ESP;1970;0;0;0;0;0;0;0;0;5
ESP;1980;0;0;0;72860;6000;0;30;0;79656
ESP;1990;600000;0;0;440;35;0;1710;0;602208.9
ESP;2000;0;0;0;673;0;0;150;0;863.1
ESP;2010;0;0;0;743;32;0;150;0;2459.4
ESP;2020;0;0;113;83,333,336;6,666,667;0;11,666,666;0;42,126,665
LKA;1950;0;0;0;0;25000;0;0;0;25000
LKA;1960;0;0;0;129934.7;28000;0;0;0;177934.7
LKA;1970;25000;0;0;200;100000;0;0;0;125700
LKA;1980;500600;0;0;169948.5;800;0;0;0;755448.5
LKA;1990;0;0;0;151929.5;0;13;0;0;332586.6
LKA;2000;100000;51613;0;377590.5;42500;0;0;0;628037.3
LKA;2010;472209.1;0;0;478694.9;19847.8;146.7;0;0;1084287.1
LKA;2020;0;0;0;184542;81,056,665;0;0;0;192653.33
SDN;1950;0;0;0;0;0;0;0;0;0
SDN;1960;0;0;0;0;0;0;0;0;0
SDN;1970;0;0;0;24500;0;0;0;0;24500
SDN;1980;1185000;0;0;160200;0;0;0;0;1448200
SDN;1990;1136000;800;0;128800.6;0;0;0;0;1287722.1
SDN;2000;0;0;0;131545.5;0;0;0;0;152662.6
SDN;2010;400000;0;0;150583.8;0;0;0;0;566348.9
SDN;2020;0;0;0;509000;53,333,335;0;0;0;514393.34
SUR;1950;0;0;0;0;0;0;0;0;0
SUR;1960;0;0;0;460;0;0;0;0;460
SUR;1970;0;0;0;0;0;0;0;0;0
SUR;1980;0;0;0;0;0;0;0;0;0
SUR;1990;0;0;0;0;0;0;0;0;0
SUR;2000;0;0;0;3154.8;0;0;0;0;3154.8
SUR;2010;0;0;0;0;0;0;0;0;0
SUR;2020;0;0;0;63,666,665;0;0;0;0;63,666,665
SWE;1950;0;0;0;0;0;0;0;0;0
SWE;1960;0;0;0;0;0;0;0;0;0
SWE;1970;0;0;0;0;0;0;0;0;5
SWE;1980;0;0;0;0;0;0;0;0;0
SWE;1990;0;0;0;0;0;0;0;0;0
SWE;2000;0;0;0;0;0;0;0;0;0
SWE;2010;0;0;0;0;0;0;0;0;0
SWE;2020;0;0;0;4500;0;0;0;0;4500
CHE;1950;0;0;0;0;0;0;0;0;0
CHE;1960;0;0;0;0;0;2-Feb;0;0;2-Feb
CHE;1970;0;0;0;0;0;4-Aug;0;0;4-Aug
CHE;1980;0;0;0;0;14;200;0;0;214
CHE;1990;0;0;0;0;0;0;0;0;0
CHE;2000;0;0;0;560;0;178.1;0;0;739.1
CHE;2010;0;0;0;0;0;0;0;0;30.Mar
CHE;2020;0;0;0;0;43,333,335;0;0;0;6
SYR;1950;0;0;0;0;0;0;0;0;0
SYR;1960;0;0;0;4000;0;0;0;0;4000
SYR;1970;0;0;0;13000;0;0;0;0;20500
SYR;1980;0;0;0;0;0;0;0;0;0
SYR;1990;32900;0;0;0;0;0;0;0;32900
SYR;2000;130000;0;0;0;0;0;0;0;130037.5
SYR;2010;0;0;0;23500;0;0;0;0;23850
SYR;2020;1833333.4;0;0;47,333,332;120900;0;46,666,668;0;2048260.6
TWN;1950;0;0;0;0;0;0;0;0;1280.9
TWN;1960;0;3700;0;0;4510;0;0;0;10826.5
TWN;1970;0;0;0;2000;1100;0;0;0;3752.8
TWN;1980;0;0;0;0;220;10-Jun;0;0;239.5
TWN;1990;0;0;0;30;42045.7;0;0;0;52988.8
TWN;2000;0;30;0;300;296954.2;0;0;0;297978.5
TWN;2010;0;150;0;3900;600;0;0;0;4924.3
TWN;2020;0;0;0;0;33,333,332;0;0;0;80,333,336
TJK;1950;0;0;0;0;0;0;0;0;0
TJK;1960;0;0;0;0;0;0;0;0;0
TJK;1970;0;0;0;0;0;0;0;0;0
TJK;1980;0;0;0;0;0;0;0;0;0
TJK;1990;0;0;0;29608.1;0;1500;0;0;37797
TJK;2000;380000;2958.8;0;44136.4;83;2146.4;0;200000;629863.4
TJK;2010;0;1735.4;0;6549.5;0;0;0;250;8726
TJK;2020;0;33,333,332;0;9,233,333;0;0;0;0;9,266,667
TZA;1950;0;0;0;0;0;0;0;0;0
TZA;1960;5348.3;50;0;6700;0;0;0;0;12488.3
TZA;1970;2000;0;0;14900;0;0;0;0;18700
TZA;1980;201000;0;0;18755.6;0;0;0;0;220355.6
TZA;1990;380000;0;0;35799.1;0;0;0;0;421077.3
TZA;2000;585400;575;0;7124.8;127.5;0;0;0;596067.3
TZA;2010;100000;13916.1;0;24620.4;200500;0;0;0;341683.7
TZA;2020;165666.67;0;0;16527;10,000,333;0;0;0;198527.33
THA;1950;0;0;0;0;0;0;0;0;0
THA;1960;0;0;0;20000;0;0;0;0;20520
THA;1970;0;0;0;502800;0;0;0;0;502849.3
THA;1980;0;0;0;356450.1;19700;0;0;0;380843.1
THA;1990;850000;0;0;1048991.2;284037.9;1000;0;0;2205530.2
THA;2000;1500000;5855;0;1302152.4;8586.9;10;0;0;2821667.5
THA;2010;1848260.2;1750;0;2781093;174944.5;0;0;100000;4907777.5
THA;2020;0;0;0;859680.3;108,824,336;0;0;0;968808
TLS;1950;0;0;0;0;0;0;0;0;0
TLS;1960;0;0;0;0;0;0;0;0;0
TLS;1970;0;0;0;0;0;0;0;0;0
TLS;1980;0;0;0;0;0;0;0;0;0
TLS;1990;0;0;0;0;0;0;0;0;0
TLS;2000;0;0;0;450.5;873;0;0;0;1323.5
TLS;2010;12000;0;0;0;0;0;0;0;12200.3
TLS;2020;0;0;0;30,413,333;47890;0;0;0;50,933,668
TGO;1950;0;0;0;0;0;0;0;0;0
TGO;1960;0;0;0;0;0;0;0;0;1.May
TGO;1970;15000;0;0;0;0;0;0;0;15000
TGO;1980;40000;0;0;0;0;0;0;0;40000
TGO;1990;0;0;0;21540.5;0;0;0;0;29190.5
TGO;2000;0;0;0;17461.5;0;0;0;0;18814.5
TGO;2010;0;0;0;12761;0;0;0;0;12761
TGO;2020;0;0;0;19000;0;0;0;0;19000
TKL;1950;0;0;0;0;0;0;0;0;0
TKL;1960;0;0;0;0;0;0;0;0;0
TKL;1970;0;0;0;0;0;0;0;0;0
TKL;1980;0;0;0;0;170;0;0;0;173
TKL;1990;0;0;0;0;0;0;0;0;10-Feb
TKL;2000;0;0;0;0;0;0;0;0;2-Jun
TKL;2010;0;0;0;0;0;0;0;0;0
TKL;2020;0;0;0;0;0;0;0;0;0
TON;1950;0;0;0;0;0;0;0;0;0
TON;1960;0;0;0;0;800;0;0;0;800
TON;1970;0;500;0;0;1070;0;0;0;1641
TON;1980;0;0;0;0;10000;0;0;0;14651.4
TON;1990;0;0;0;0;617.1;0;0;0;967.4
TON;2000;0;50;0;0;1650;0;0;0;1700.7
TON;2010;0;0;0;0;9139.2;0;0;0;9140.6
TON;2020;0;0;28,058,666;0;8,333,333;0;0;0;36392
TTO;1950;0;0;0;0;0;0;0;0;0
TTO;1960;0;0;0;0;0;0;0;0;0
TTO;1970;0;0;0;0;5000;0;0;0;5000
TTO;1980;0;0;0;0;0;0;0;0;0
TTO;1990;0;0;0;20;100;0;0;0;142.7
TTO;2000;0;0;0;0;56;120;0;0;176
TTO;2010;0;0;0;15000;0;0;0;0;15000
TTO;2020;0;0;0;0;0;0;0;0;0
TUN;1950;0;0;0;0;0;0;0;0;0
TUN;1960;0;0;0;29226.9;0;0;0;0;29226.9
TUN;1970;3140;0;0;4499;0;0;0;0;7639
TUN;1980;0;0;0;3000;0;0;0;0;3250
TUN;1990;0;0;0;15200;0;0;0;0;15200
TUN;2000;0;0;0;3350;0;0;0;0;3350.8
TUN;2010;0;0;0;3000;0;0;200;0;3200
TUN;2020;0;0;0;14,666,667;0;0;33,333,334;0;15000
TUR;1950;0;5000;0;0;0;0;0;0;5051.9
TUR;1960;0;36971.3;0;300;1200;0;0;0;48424.3
TUR;1970;0;34154.7;0;0;0;0;0;0;45497.9
TUR;1980;0;157131.5;0;6120;0;30.May;0;0;166821.2
TUR;1990;0;276759;0;150620;0;1000;50;800;528567.7
TUR;2000;0;53146;0;11087;150;60.6;0;0;77221.3
TUR;2010;0;1170.5;0;2029;27;0;0;0;7127
TUR;2020;0;25291;0;2619;100;0;186988.67;0;218764.33
TKM;1950;0;0;0;0;0;0;0;0;0
TKM;1960;0;0;0;0;0;0;0;0;0
TKM;1970;0;0;0;0;0;0;0;0;0
TKM;1980;0;0;0;0;0;0;0;0;0
TKM;1990;0;0;0;30;0;0;0;0;42
TKM;2000;0;0;0;0;0;0;0;0;0
TKM;2010;0;0;0;0;0;0;0;0;0
TKM;2020;0;0;0;0;0;0;0;0;0
TCA;1950;0;0;0;0;0;0;0;0;0
TCA;1960;0;0;0;0;0;0;0;0;0
TCA;1970;0;0;0;0;0;0;0;0;0
TCA;1980;0;0;0;0;77;0;0;0;77
TCA;1990;0;0;0;0;0;0;0;0;0
TCA;2000;0;0;0;0;170;0;0;0;170
TCA;2010;0;0;0;0;0;0;0;0;0
TCA;2020;0;0;0;0;0;0;0;0;0
TUV;1950;0;0;0;0;0;0;0;0;0
TUV;1960;0;0;0;0;0;0;0;0;0
TUV;1970;0;0;0;0;70;0;0;0;70
TUV;1980;0;0;0;0;0;0;0;0;0
TUV;1990;0;0;0;0;30;0;0;0;85
TUV;2000;0;0;0;0;0;0;0;0;0
TUV;2010;0;0;0;0;461.3;0;0;0;461.3
TUV;2020;34,013,333;0;0;0;18,333,334;0;0;0;52,346,665
UGA;1950;0;0;0;0;0;0;0;0;0
UGA;1960;2500;500;0;0;0;0;0;0;3051
UGA;1970;50000;0;0;0;0;0;0;0;50000
UGA;1980;60000;200;0;0;0;0;0;0;60200
UGA;1990;82600;5000;0;16300;0;0;0;0;104470
UGA;2000;235500;0;0;48571;0;335.6;0;0;315909.6
UGA;2010;66900;0;0;19212;0;14371.3;0;0;100995.1
UGA;2020;172666.67;0;0;90,247,664;2900;39,666,666;0;0;266439.66
UKR;1950;0;0;0;0;0;0;0;0;0
UKR;1960;0;0;0;0;0;0;0;0;0
UKR;1970;0;0;0;0;0;0;0;0;0
UKR;1980;0;0;0;0;0;0;0;0;0
UKR;1990;0;0;0;203500;100;0;0;0;206057
UKR;2000;0;0;0;53866.5;5366.8;0;0;5000;65392.7
UKR;2010;0;0;0;4046.5;60;0;0;8500;13114.5
UKR;2020;0;0;0;18,333,334;5,666,667;0;650;0;19556
ARE;1950;0;0;0;0;0;0;0;0;0
ARE;1960;0;0;0;0;0;0;0;0;0
ARE;1970;0;0;0;0;0;0;0;0;0
ARE;1980;0;0;0;0;0;0;0;0;0
ARE;1990;0;0;0;0;0;0;0;0;0
ARE;2000;0;0;0;0;0;0;0;0;0
ARE;2010;0;0;0;18-Aug;0;0;0;0;18-Aug
ARE;2020;0;0;0;0;0;0;0;0;0
GBR;1950;0;0;0;0;0;0;0;0;0
GBR;1960;0;0;0;0;70;0;0;0;70
GBR;1970;0;0;0;0;0;0;0;0;0
GBR;1980;0;0;0;0;0;0;0;0;1-Feb
GBR;1990;0;0;0;193;26520;0;0;0;26713
GBR;2000;0;450;0;35083;2328;0;0;0;40867
GBR;2010;0;0;0;5309.5;3780;0;0;0;9089.9
GBR;2020;0;0;0;160;0;0;0;0;160
USA;1950;0;0;0;0;0;0;0;0;47
USA;1960;0;0;0;0;45.8;0;0;0;145.8
USA;1970;0;156;0;570;244.6;0;0;0;1187.7
USA;1980;0;415;0;11855;105320;0;0;0;126225.5
USA;1990;0;334.5;0;64271.5;337403.6;12.May;4468.2;0;436412.4
USA;2000;0;3061.9;0;1131780.6;859823.7;0;78622.9;0;2084424.2
USA;2010;0;387;250;29582.1;8793376;133.8;25438.6;0;8867450
USA;2020;0;0;0;53,166,665;14,976,667;0;1597;0;24036
VIR;1950;0;0;0;0;0;0;0;0;0
VIR;1960;0;0;0;0;0;0;0;0;0
VIR;1970;0;0;0;0;0;0;0;0;0
VIR;1980;0;0;0;0;200;0;0;0;1000
VIR;1990;0;0;0;0;0;0;0;0;1000
VIR;2000;0;0;0;0;0;0;0;0;0
VIR;2010;0;0;0;0;0;0;0;0;0
VIR;2020;0;0;0;0;0;0;0;0;0
URY;1950;0;0;0;0;0;0;0;0;0
URY;1960;0;0;0;3806.3;0;0;0;0;3806.3
URY;1970;0;0;0;0;0;0;0;0;0
URY;1980;0;0;0;1600;0;0;0;0;1850
URY;1990;0;0;0;1550;200;0;0;0;1900
URY;2000;0;0;0;12420;130;0;0;240;14071.2
URY;2010;1113.5;0;0;6542.3;0;0;0;0;7680.8
URY;2020;0;0;0;120;120;0;0;0;240
UZB;1950;0;0;0;0;0;0;0;0;0
UZB;1960;0;0;0;0;0;0;0;0;0
UZB;1970;0;0;0;0;0;0;0;0;0
UZB;1980;0;0;0;0;0;0;0;0;0
UZB;1990;0;5000;0;0;0;0;0;0;5040
UZB;2000;60000;0;0;150;0;0;0;0;60150
UZB;2010;0;0;0;0;0;0;0;0;0
UZB;2020;0;0;0;23,386,334;0;0;0;0;23,410,334
VUT;1950;0;0;0;0;0;0;0;0;0
VUT;1960;0;0;0;0;0;0;0;0;0
VUT;1970;0;0;0;0;0;0;0;0;0
VUT;1980;0;0;0;0;16860;0;0;0;17520
VUT;1990;0;1200;0;0;855;0;0;0;2966.7
VUT;2000;0;100;1890;395;5450.5;0;0;0;7866.2
VUT;2010;0;0;2458.6;0;24256.4;0;0;0;26715.6
VUT;2020;0;0;11,276,666;0;43,333,332;0;0;0;44501
VEN;1950;0;0;0;0;0;0;0;0;0
VEN;1960;0;8000;0;2300;0;0;0;0;10453.6
VEN;1970;0;0;0;0;0;0;0;0;0
VEN;1980;0;30;0;2048;0;1900;0;0;4469.5
VEN;1990;0;0;0;45254.7;0;0;0;0;62360.4
VEN;2000;0;0;0;12842.1;164.5;0;0;0;13619.2
VEN;2010;0;0;0;16546.5;0;0;0;0;16746.5
VEN;2020;0;0;0;498825.66;10000;21,383,334;0;0;530526
VNM;1950;0;0;0;0;0;0;0;0;0
VNM;1960;0;0;0;12554.1;70000;0;0;0;89590.2
VNM;1970;0;0;0;420400;20100;0;0;0;448400
VNM;1980;0;0;0;346600;2778221.5;0;0;0;3387897
VNM;1990;440000;0;0;724928.9;450348.3;0;0;0;1724771.6
VNM;2000;171000;0;0;1096171;764441.2;0;0;0;2091372.9
VNM;2010;243555.8;0;0;679049;831671;0;0;0;1785395.6
VNM;2020;0;0;0;109725;922322.7;0;0;0;1033694.3
WLF;1950;0;0;0;0;0;0;0;0;0
WLF;1960;0;0;0;0;0;0;0;0;0
WLF;1970;0;0;0;0;0;0;0;0;0
WLF;1980;0;0;0;0;450;0;0;0;450
WLF;1990;0;0;0;0;0;0;0;0;2
WLF;2000;0;0;0;0;0;0;0;0;0
WLF;2010;0;0;0;0;125;0;0;0;125.2
WLF;2020;0;0;0;0;0;0;0;0;0
YEM;1950;0;0;0;0;0;0;0;0;0
YEM;1960;0;0;0;0;0;0;0;0;0
YEM;1970;0;0;0;0;0;0;0;0;0
YEM;1980;0;0;0;0;0;0;0;0;0
YEM;1990;0;0;0;15349;0;0;0;0;35773.9
YEM;2000;0;0;0;2807.5;0;0;0;0;3144.9
YEM;2010;0;0;0;15933.2;14075;0;0;0;30131.1
YEM;2020;0;0;0;209945;0;0;0;0;210046
ZMB;1950;0;0;0;0;0;0;0;0;0
ZMB;1960;0;0;0;0;0;0;0;0;0
ZMB;1970;0;0;0;3000;0;0;0;0;3090
ZMB;1980;0;0;0;80000;0;0;0;0;80000
ZMB;1990;297320.4;0;0;130000;0;0;0;0;427320.4
ZMB;2000;120000;0;0;301362;0;0;0;0;422463.3
ZMB;2010;143000;0;0;437.5;0;0;0;0;145452.5
ZMB;2020;526666.7;0;0;240257.33;0;0;0;0;766924
ZWE;1950;0;0;0;0;0;0;0;0;0
ZWE;1960;0;0;0;0;0;0;0;0;0
ZWE;1970;0;0;0;0;0;0;0;0;0
ZWE;1980;0;0;0;0;0;0;0;0;0
ZWE;1990;505500;0;0;0;0;0;0;0;505500
ZWE;2000;810000;0;0;26500;0;0;0;0;843100
ZWE;2010;1286761.8;0;0;1302;37200;0;0;0;1326632.4
ZWE;2020;55,833,332;0;0;0;1800;0;0;0;57,633,332
