iso_code,Year,Number of total people affected by drought,Number of total people affected by earthquakes,Number of total people affected by volcanic activity,Number of total people affected by floods,Number of total people affected by storms,Number of total people affected by landslides,Number of total people affected by wildfires,Number of total people affected by extreme temperatures
AFG,1950,0,200,0,0,0,0,0,0
AFG,1960,4800,0,0,0,0,0,0,0
AFG,1970,0,9001.5,0,60168.4,0,0,0,0
AFG,1980,0,7253.8,0,19100,0,0,0,0
AFG,1990,0,35229.3,0,18230.5,0,117.4,0,20
AFG,2000,476000,10794.7,0,15904.2,2265.6,30043.2,0,37068.4
AFG,2010,1525000,9797,0,41596.6,906,3524.6,0,45144
AFG,2020,3666666.8,122875664,0,38234,24936667,86666664,0,0
ALB,1950,0,0,0,0,0,0,0,0
ALB,1960,0,45166,0,0,0,0,0,0
ALB,1970,0,35,0,0,0,0,0,0
ALB,1980,320000,569.5,0,0,0,45079,0,708.5
ALB,1990,0,210,0,4650,0,0,0,0
ALB,2000,0,15,0,7648.4,52500,0,45053,15
ALB,2010,0,20782.5,0,8260.2,0,0,0,23000
ALB,2020,0,0,0,28,0,0,0,0
DZA,1950,0,13425,0,0,0,0,0,0
DZA,1960,0,5081.5,0,31154.9,0,0,0,0
DZA,1970,0,0,0,19600,0,0,0,0
DZA,1980,0,94591,0,2503.4,1010.7,0,0,0
DZA,1990,0,3021.4,0,3727.7,0,69.6,0,0
DZA,2000,0,21109.5,0,20027.1,45047,0,0,0
DZA,2010,0,42,0,3609.4,0,0,0,25002.5
DZA,2020,0,5000,0,9733333,0,0,16423666,0
ASM,1950,0,0,0,0,0,0,0,0
ASM,1960,0,0,0,0,0,0,0,0
ASM,1970,0,0,0,0,0,0,0,0
ASM,1980,0,0,0,0,0,0,0,0
ASM,1990,0,0,0,0,0,0,0,0
ASM,2000,0,250,0,0.3,2306,0,0,0
ASM,2010,0,0,0,0,0,0,0,0
ASM,2020,0,0,0,0,0,0,0,0
AGO,1950,0,0,0,0,0,0,0,0
AGO,1960,0,0,0,0,0,0,0,0
AGO,1970,0,0,0,0,0,0,0,0
AGO,1980,248000,0,0,10000,0,0,0,0
AGO,1990,10500,0,0,0,0,0,0,0
AGO,2000,2500,0,0,81615.9,0,0,0,0
AGO,2010,325390,0,0,34613.4,0,0,0,0
AGO,2020,526666.7,0,0,10179,0,0,0,0
AIA,1950,0,0,0,0,0,0,0,0
AIA,1960,0,0,0,0,125,0,0,0
AIA,1970,0,0,0,0,0,0,0,0
AIA,1980,0,0,0,0,0,0,0,0
AIA,1990,0,0,0,0,15,0,0,0
AIA,2000,0,0,0,0,0,0,0,0
AIA,2010,0,0,0,0,1500,0,0,0
AIA,2020,0,0,0,0,0,0,0,0
ATG,1950,0,0,0,0,0,0,0,0
ATG,1960,0,0,0,0,0,0,0,0
ATG,1970,0,0,0,0,0,0,0,0
ATG,1980,7500,0,0,0,803,0,0,0
ATG,1990,0,0,0,0,1168.4,0,0,0
ATG,2000,0,0,0,0,2580,0,0,0
ATG,2010,0,0,0,0,680,0,0,0
ATG,2020,0,0,0,0,0,0,0,0
ARG,1950,0,0,0,0,0,0,0,0
ARG,1960,0,0,0,33200,0,0,0,0
ARG,1970,0,4010,0,2410,10040,0,0,0
ARG,1980,0,4523.8,0,1219200,200,1201.4,15275.2,0
ARG,1990,0,0,6320,46507.4,1800,0,0,2500
ARG,2000,0,72.7,0,72307.5,925.6,2000,0,350
ARG,2010,3503.2,0,300,74465.3,1524.2,301.6,0,0
ARG,2020,0,6046667,0,1030,83333336,0,41764,0
ARM,1950,0,0,0,0,0,0,0,0
ARM,1960,0,0,0,0,0,0,0,0
ARM,1970,0,0,0,0,0,0,0,0
ARM,1980,0,0,0,0,0,0,0,0
ARM,1990,0,1500,0,714.4,0,0,0,0
ARM,2000,29700,0,0,0,0,0,0,0
ARM,2010,0,0,0,0,8560,75,0,1200
ARM,2020,0,0,0,0,9453333,0,0,0
AUS,1950,0,0,0,0,0,0,0,0
AUS,1960,0,429,0,0,0,0,490,0
AUS,1970,0,0,0,2200,4574,0,0,0
AUS,1980,8000,211.5,0,0,101.2,0,1110,0
AUS,1990,700000,502.5,0,5533.1,393828.4,44936,4816.1,460078.4
AUS,2000,0,0,0,3539.1,4285.1,0,1780.9,200
AUS,2010,0,0,0,21299.7,12637.7,0,1262.8,0
AUS,2020,0,0,0,60887332,2875,0,81,0
AUT,1950,0,0,0,0,0,38,0,0
AUT,1960,0,0,0,0,0,0,0,0
AUT,1970,0,0,0,0,0,0,0,0
AUT,1980,0,0,0,0,0,0,0,0
AUT,1990,0,0,0,0,0,1000,0,0
AUT,2000,0,0,0,6141.6,30,0,0,0
AUT,2010,0,0,0,20,33,0,0,0
AUT,2020,0,0,0,0,43333335,0,0,0
AZE,1950,0,0,0,0,0,0,0,0
AZE,1960,0,0,0,0,0,0,0,0
AZE,1970,0,0,0,0,0,0,0,0
AZE,1980,0,0,0,0,0,0,0,0
AZE,1990,0,70917.8,0,173380,0,0,0,0
AZE,2000,0,329.4,0,3650,0,0,0,0
AZE,2010,0,2249.9,0,7000,0,0,0,0
AZE,2020,0,0,0,0,0,0,0,0
BHS,1950,0,0,0,0,0,0,0,0
BHS,1960,0,0,0,0,120.3,0,0,0
BHS,1970,0,0,0,0,0,0,0,0
BHS,1980,0,0,0,0,0,0,0,0
BHS,1990,0,0,0,0,170,0,0,0
BHS,2000,0,0,0,0,2050,0,0,0
BHS,2010,0,0,0,100,3165,0,0,0
BHS,2020,0,0,0,0,0,0,0,0
BGD,1950,0,0,0,0,0,0,0,0
BGD,1960,0,0,0,1738961.6,1887661.1,0,0,0
BGD,1970,200,0,0,5261365,373416,0,0,0
BGD,1980,2500000,20,0,12326800,1727586,0,0,0
BGD,1990,0,1540,0,5816566.5,2365796.5,0,0,3400
BGD,2000,0,352.5,0,5864975.5,1328284,5,0,20320
BGD,2010,0,27,0,2975640.8,940479.7,15443.6,0,18150
BGD,2020,0,0,0,4305671.5,1316666.6,0,0,0
BRB,1950,0,0,0,0,0,0,0,0
BRB,1960,0,0,0,0,0,0,0,0
BRB,1970,0,0,0,21,0,0,0,0
BRB,1980,0,0,0,10,523.7,0,0,0
BRB,1990,0,0,0,0,0,0,0,0
BRB,2000,0,0.1,0,0,288,0,0,0
BRB,2010,0,0,0,0,250,0,0,0
BRB,2020,0,0,0,0,1100,0,0,0
BLR,1950,0,0,0,0,0,0,0,0
BLR,1960,0,0,0,0,0,0,0,0
BLR,1970,0,0,0,0,0,0,0,0
BLR,1980,0,0,0,0,0,0,0,0
BLR,1990,0,0,0,4200,2139,0,0,0
BLR,2000,0,0,0,0,0,0,0,182
BLR,2010,0,0,0,5000,0,0,0,9349.4
BLR,2020,0,0,0,0,0,0,0,0
BEL,1950,0,0,0,35,0,0,0,0
BEL,1960,0,0,0,0,10,0,0,0
BEL,1970,0,0,0,60,0,0,0,0
BEL,1980,0,103,0,0,0,0,0,0
BEL,1990,0,0,0,87.5,170.5,0,0,0
BEL,2000,0,0,0,261,0.2,0,0,0
BEL,2010,0,0,0,69,44933,0,0,0
BEL,2020,0,0,0,33983332,0,0,0,0
BLZ,1950,0,0,0,0,0,0,0,0
BLZ,1960,0,0,0,0,0,0,0,0
BLZ,1970,0,0,0,1700,7600,0,0,0
BLZ,1980,0,0,0,0,0,0,0,0
BLZ,1990,0,0,0,260,6000,0,0,0
BLZ,2000,0,0,0,3800,11257,0,0,0
BLZ,2010,0,0,0,2000,1035.5,0,0,0
BLZ,2020,0,0,0,0,77383336,0,0,0
BEN,1950,0,0,0,0,0,0,0,0
BEN,1960,11500,0,0,0,0,0,0,0
BEN,1970,0,0,0,0,0,0,720,0
BEN,1980,210000,0,0,113900,0,0,0,0
BEN,1990,0,0,0,83419.6,0,0,0,0
BEN,2000,0,0,0,28877.6,80,0,0,0
BEN,2010,0,0,0,92457.5,0,0,275.9,0
BEN,2020,0,0,0,38616668,0,0,0,0
BMU,1950,0,0,0,0,0,0,0,0
BMU,1960,0,0,0,0,0,0,0,0
BMU,1970,0,0,0,0,0,0,0,0
BMU,1980,0,0,0,0,4,0,0,0
BMU,1990,0,0,0,0,0,0,0,0
BMU,2000,0,0,0,0,0,0,0,0
BMU,2010,0,0,0,0,0,0,0,0
BMU,2020,0,0,0,0,0,0,0,0
BTN,1950,0,0,0,0,0,0,0,0
BTN,1960,0,0,0,0,0,0,0,0
BTN,1970,0,0,0,0,0,0,0,0
BTN,1980,0,0,0,0,0,0,0,0
BTN,1990,0,0,0,60,6500,0,0,0
BTN,2000,0,44958,0,100,0,0,0,0
BTN,2010,0,2001.6,0,0,0,0,0,0
BTN,2020,0,16733333,0,0,0,0,0,0
BOL,1950,0,0,0,0,0,0,0,0
BOL,1960,0,0,0,3280,0,0,0,0
BOL,1970,0,0,0,28600,0,0,0,0
BOL,1980,308304.9,0,0,42847.5,0,0,0,0
BOL,1990,33316,1805,0,23165,0,16562.3,630,0
BOL,2000,10250,0,0,144105.4,1874,100.1,300,2528.2
BOL,2010,111903.5,0,300,151892.1,0,1542.9,3630,1749
BOL,2020,0,0,0,238736,0,0,42000,0
BIH,1950,0,0,0,0,0,0,0,0
BIH,1960,0,0,0,0,0,0,0,0
BIH,1970,0,0,0,0,0,0,0,0
BIH,1980,0,0,0,0,0,0,0,0
BIH,1990,0,0,0,0,109,0,0,0
BIH,2000,6257.5,0,0,29383,0,40.3,0,1000
BIH,2010,0,0,0,103626.9,0,0,0,1034.7
BIH,2020,0,35066666,0,88333336,0,0,0,0
BWA,1950,0,0,0,0,0,0,0,0
BWA,1960,12000,0,0,0,0,0,0,0
BWA,1970,8760,0,0,100,0,0,0,0
BWA,1980,103730,0,0,1200.7,0,0,0,0
BWA,1990,10000,0,0,550,0,0,0,0
BWA,2000,0,0,0,14839.2,40,0,0,0
BWA,2010,3800,0,0,1168.5,0,0,0,0
BWA,2020,0,0,0,0,0,0,0,0
BRA,1950,0,0,0,0,0,0,0,0
BRA,1960,0,0,0,82598.6,0,400000,0,0
BRA,1970,1500000,0,0,290237.1,10,0,0,60
BRA,1980,2075000,2300,0,878961.3,5254.8,7804,0,0
BRA,1990,1000000,0,0,31779.3,167.6,977.4,1200,0
BRA,2000,200000,45105,0,429117.2,15776.8,15050,0,0
BRA,2010,3106200,0,0,312627.8,2490.1,30,1000219.5,0
BRA,2020,0,0,0,601314,373,0,0,0
VGB,1950,0,0,0,0,0,0,0,0
VGB,1960,0,0,0,0,0,0,0,0
VGB,1970,0,0,0,0,0,0,0,0
VGB,1980,0,0,0,0,0,0,0,0
VGB,1990,0,0,0,0,0.3,0,0,0
VGB,2000,0,0,0,0,0,0,0,0
VGB,2010,0,0,0,0,0,0,0,0
VGB,2020,0,0,0,0,0,0,0,0
BRN,1950,0,0,0,0,0,0,0,0
BRN,1960,0,0,0,0,0,0,0,0
BRN,1970,0,0,0,0,0,0,0,0
BRN,1980,0,0,0,0,0,0,0,0
BRN,1990,0,0,0,0,0,0,0,0
BRN,2000,0,0,0,0,0,0,0,0
BRN,2010,0,0,0,0,0,0,0,0
BRN,2020,0,0,0,0,0,0,0,0
BGR,1950,0,0,0,0,0,0,0,0
BGR,1960,0,0,0,0,0,0,0,0
BGR,1970,0,45062,0,0,0,0,0,0
BGR,1980,0,306,0,0,0,0,0,0
BGR,1990,0,0,0,20,585,0,0,32.3
BGR,2000,0,52.7,0,1327,0,0,45094,7
BGR,2010,0,21,0,4714.7,4,0,0,0
BGR,2020,0,0,0,3654,0,0,16666667,0
BFA,1950,0,0,0,0,0,0,0,0
BFA,1960,97500,0,0,0,0,0,0,0
BFA,1970,44200,0,0,90,0,0,0,0
BFA,1980,145000,0,0,3539.6,0,0,0,0
BFA,1990,269629,0,0,6806,0,0,0,0
BFA,2000,0,0,0,31514.3,0,0,0,0
BFA,2010,685000,0,0,23045.8,0,0,0,0
BFA,2020,966666.7,0,0,43484,0,0,0,0
BDI,1950,0,0,0,0,0,0,0,0
BDI,1960,0,0,0,0,0,0,0,0
BDI,1970,0,0,0,0,0,0,0,0
BDI,1980,0,0,0,360,0,0,0,0
BDI,1990,65000,0,0,0,3081,0,0,0
BDI,2000,241250,12,0,7528.1,1700.5,0,0,0
BDI,2010,0,0,0,7126.5,155,1362.2,0,0
BDI,2020,0,0,0,28041334,16666666,0,0,0
KHM,1950,0,0,0,0,0,0,0,0
KHM,1960,0,0,0,0,0,0,0,0
KHM,1970,0,0,0,0,0,0,0,0
KHM,1980,0,0,0,0,0,0,0,0
KHM,1990,500000,0,0,288937.9,0,0,0,0
KHM,2000,155000,0,0,664423.5,17809.1,0,0,0
KHM,2010,250000,0,0,420479,630,0,0,0
KHM,2020,0,0,0,60331668,253287,0,0,0
CMR,1950,0,0,0,0,0,0,0,0
CMR,1960,0,0,0,0,0,0,0,0
CMR,1970,40000,0,0,0,0,0,0,0
CMR,1980,0,0,1043.7,100,0,0,0,0
CMR,1990,18690,0,301,120,0,0,0,0
CMR,2000,0,0,0,3729.6,0,10,0,0
CMR,2010,1200,0,0,34877,0,0,0,0
CMR,2020,0,0,0,59832332,0,83333336,0,0
CAN,1950,0,0,0,10700,0,0,0,0
CAN,1960,0,0,0,0,0,44959,0,0
CAN,1970,0,0,0,0,34,0,0,0
CAN,1980,3000,0,0,450,365,0,3200,20
CAN,1990,0,0,0,4990,750.4,0,2060,0
CAN,2000,0,0,0,1607,137.3,0,180,0
CAN,2010,0,0,0,15331.7,95,0,15447.7,0
CAN,2020,0,0,0,9978667,21434,0,83333336,0
CPV,1950,0,0,0,0,0,0,0,0
CPV,1960,0,0,0,0,0,0,0,0
CPV,1970,0,0,0,0,0,0,0,0
CPV,1980,0,0,0,0,772.2,0,0,0
CPV,1990,1000,0,630.6,0,0,0,0,0
CPV,2000,3000,0,0,15,0,0,0,0
CPV,2010,7000,0,250,0,0,0,0,0
CPV,2020,15364333,0,0,8333333,0,0,0,0
CYM,1950,0,0,0,0,0,0,0,0
CYM,1960,0,0,0,0,0,0,0,0
CYM,1970,0,0,0,0,0,0,0,0
CYM,1980,0,0,0,0,0,0,0,0
CYM,1990,0,0,0,0,0,0,0,0
CYM,2000,0,0,0,0,30,0,0,0
CYM,2010,0,0,0,0,0,0,0,0
CYM,2020,0,0,0,0,0,0,0,0
CAF,1950,0,0,0,0,0,0,0,0
CAF,1960,0,0,0,0,0,0,0,0
CAF,1970,0,0,0,1300,0,0,0,0
CAF,1980,0,0,0,0,185,0,0,0
CAF,1990,0,0,0,7653.3,0,0,45054,0
CAF,2000,0,0,0,5635,1597.2,0,75,0
CAF,2010,0,0,0,8593.1,1927.4,0,0,0
CAF,2020,0,0,0,40653332,0,0,10000,0
TCD,1950,0,0,0,0,0,0,0,0
TCD,1960,90000,0,0,0,0,0,0,0
TCD,1970,0,0,0,0,10,0,0,0
TCD,1980,150000,0,0,4799.8,120,0,0,0
TCD,1990,65600,0,0,25520.6,0,0,0,0
TCD,2000,320000,0,0,37612.8,45060,0,0,0
TCD,2010,348680,0,0,75863.3,0,45110,0,0
TCD,2020,700000,0,0,468781,0,0,0,0
CHL,1950,0,9,0,0,0,0,0,0
CHL,1960,12000,202635.6,200,37500,0,0,0,0
CHL,1970,0,234897.3,0,4600,10680,0,0,0
CHL,1980,0,148891.1,200,25948.2,35397.9,3,0,0
CHL,1990,0,5493.1,6355,8257.6,4025,8281.1,130,1000
CHL,2000,0,5280,800,67583.3,251.2,0,45074,2500
CHL,2010,0,389151.9,1110,21877.6,93.8,44971,2088.4,2562.5
CHL,2020,0,0,0,20333333,17366667,0,0,0
CHN,1950,0,15373.3,0,1000000,0,0,0,0
CHN,1960,0,5589.5,0,0,0,0,0,0
CHN,1970,600000,73947.6,0,1100000,1400,0,0,0
CHN,1980,4900000,181488,0,14055262,4447368.5,5752.9,5631.3,3000
CHN,1990,13375000,1184680.9,0,100361770,10262079,254.2,0,10218
CHN,2000,24152400,5474349,0,52826440,28044412,3382.9,30,7700370
CHN,2010,7972600,815080.9,0,38140252,7074789,239396.1,0.3,408412.2
CHN,2020,2033333.4,98139336,0,10636473,266456.34,66676665,400,0
COL,1950,0,4004.6,0,0,0,0,0,0
COL,1960,0,4050,0,7000,108.3,0,0,0
COL,1970,0,1464.8,0,521617.2,0,111.6,0,0
COL,1980,0,3620,1460,38170,12854,2043.6,0,0
COL,1990,10000,126712.3,0.6,55146.7,0,470.8,0,0
COL,2000,0,1089.7,4235.8,550693.1,1077.4,342.7,0,0
COL,2010,0,5125.1,0,463072.3,45139,4639.5,11920,0
COL,2020,0,0,0,112961336,94267336,10904,0,0
COM,1950,0,0,0,0,0,0,0,0
COM,1960,0,0,0,0,0,0,0,0
COM,1970,0,0,2500,0,0,0,0,0
COM,1980,0,0,0,0,11505.2,0,0,0
COM,1990,0,0,20,0,0,0,0,0
COM,2000,0,0,28400,250,30,0,0,0
COM,2010,0,1000,0,6513.7,35482.2,0,0,0
COM,2020,0,0,0,0,0,0,0,0
COG,1950,0,0,0,0,0,0,0,0
COG,1960,0,0,0,0,0,66.8,0,0
COG,1970,0,0,0,0,0,0,0,0
COG,1980,0,0,0,0,0,0,0,0
COG,1990,0,0,0,7850,0,0,0,0
COG,2000,0,0,0,8500,0,0,0,0
COG,2010,0,0,0,22261.4,0,0,0,0
COG,2020,0,0,0,37550668,0,0,0,0
COK,1950,0,0,0,0,0,0,0,0
COK,1960,0,0,0,0,0,0,0,0
COK,1970,0,0,0,0,0,0,0,0
COK,1980,0,0,0,0,200,0,0,0
COK,1990,0,0,0,0,90,0,0,0
COK,2000,0,0,0,0,135.2,0,0,0
COK,2010,0,0,0,0,220.2,0,0,0
COK,2020,0,0,0,0,0,0,0,0
CRI,1950,0,0,0,0,0,0,0,0
CRI,1960,0,0,2087.1,460.3,0,0,0,0
CRI,1970,0,374.5,7000,1524,0,0,0,0
CRI,1980,0,553.5,0,1385,12750,0,0,0
CRI,1990,0,2541.8,45,25602.1,74076.2,0,120,0
CRI,2000,0,12903.3,0,28402.9,5607.4,20,0,0
CRI,2010,0,76.2,1845,19418,6150,0,0,0
CRI,2020,0,0,0,66666664,108333336,0,0,0
CIV,1950,0,0,0,0,0,0,0,0
CIV,1960,0,0,0,0,0,0,0,0
CIV,1970,0,0,0,0,0,0,0,0
CIV,1980,0,0,0,700,0,0,0,0
CIV,1990,0,0,0,0,0,0,0,0
CIV,2000,0,0,0,245,0,1000.6,0,0
CIV,2010,0,0,0,4629.6,0,0,0,0
CIV,2020,0,0,0,10083,0,0,0,0
HRV,1950,0,0,0,0,0,0,0,0
HRV,1960,0,0,0,0,0,0,0,0
HRV,1970,0,0,0,0,0,0,0,0
HRV,1980,0,0,0,0,0,0,0,0
HRV,1990,0,200,0,0,0,0,0,0
HRV,2000,0,0,0,205,0,0,45079,20
HRV,2010,0,0,0,1346.2,350,0,8,0
HRV,2020,0,76116336,0,0,0,0,0,0
CUB,1950,0,0,0,0,0,0,0,0
CUB,1960,0,0,0,0,17403,0,0,0
CUB,1970,0,0.8,0,1800,17,0,0,0
CUB,1980,0,0,0,26508.7,74039.1,0,0,0
CUB,1990,82000,586.9,0,70977.3,99916.2,0,0,0
CUB,2000,0,0,0,7577.5,976345.2,0,0,0
CUB,2010,10000,0,0,1331.6,1044875.2,0,0,0
CUB,2020,0,0,0,7666667,203704.33,0,0,0
CYP,1950,0,260,0,0,0,0,0,0
CYP,1960,0,0,0,0,310,0,0,0
CYP,1970,0,0,0,0,0,0,0,0
CYP,1980,0,0,0,0,0,0,0,0
CYP,1990,0,186.5,0,0,0,0,0,10
CYP,2000,0,0,0,0,4,0,0,40
CYP,2010,0,0,0,0,0,0,0,0
CYP,2020,0,0,0,0,0,0,50,0
CZE,1950,0,0,0,0,0,0,0,0
CZE,1960,0,0,0,0,0,0,0,0
CZE,1970,0,0,0,0,0,0,0,0
CZE,1980,0,0,0,0,0,0,0,0
CZE,1990,0,0,0,10216.7,0,0,0,0
CZE,2000,0,0,0,21876.5,45047,0,0,0
CZE,2010,0,0,0,130140,0,0,0,0
CZE,2020,0,0,0,0,12743334,0,0,0
COD,1950,0,0,0,0,0,0,0,0
COD,1960,0,360,0,0,0,76.8,0,0
COD,1970,50000,0,6000,0,0,0,0,0
COD,1980,30000,0,0,0,0,45152,0,0
COD,1990,0,44957,0,14105.6,0,0,0,0
COD,2000,0,1886,11040,3711.9,10303.6,0,45058,0
COD,2010,0,39,0,70713.4,0,162.7,5977.3,0
COD,2020,0,0,96134664,135835.33,0,0,0,0
DNK,1950,0,0,0,0,0,0,0,0
DNK,1960,0,0,0,0,0,0,0,0
DNK,1970,0,0,0,0,0,0,0,0
DNK,1980,0,0,0,0,0,0,0,0
DNK,1990,0,0,0,0,0,0,0,0
DNK,2000,0,0,0,0,0,0,0,0
DNK,2010,0,0,0,0,0,0,0,0
DNK,2020,0,0,0,0,1,0,0,0
DJI,1950,0,0,0,0,0,0,0,0
DJI,1960,0,0,0,0,0,0,0,0
DJI,1970,0,0,0,19700,0,0,0,0
DJI,1980,25500,0,0,25230,0,0,0,0
DJI,1990,20000,0,0,14000,77.5,0,0,0
DJI,2000,53275,0,0,10000,0,0,0,0
DJI,2010,20025.8,0,0,25000,2500,0,0,0
DJI,2020,64056,0,0,36666668,0,0,0,0
DMA,1950,0,0,0,0,0,0,0,0
DMA,1960,0,0,0,0,0,0,0,0
DMA,1970,0,0,0,0,7210,0,0,0
DMA,1980,0,0,0,0,1071,0,0,0
DMA,1990,0,0,0,0,571.6,0,0,0
DMA,2000,0,10,0,0,753,0,0,0
DMA,2010,0,0,0,0,10022.7,0,0,0
DMA,2020,0,0,0,0,0,0,0,0
DOM,1950,0,0,0,0,0,0,0,0
DOM,1960,24000,0,0,0,1294.2,0,0,0
DOM,1970,0,0,0,100,155400,0,0,0
DOM,1980,0,0,0,134204.5,200,0,0,0
DOM,1990,0,0,0,2100,100342.5,0,0,0
DOM,2000,0,201.5,0,11306,18519.4,0,0,0
DOM,2010,0,0,0,288186,15128.3,0,0,0
DOM,2020,0,0,0,70,484858.34,0,0,0
ECU,1950,0,0,0,0,0,0,0,0
ECU,1960,60000,0,0,7050,0,0,0,0
ECU,1970,0,10811.2,2500,18300,0,0.6,0,0
ECU,1980,0,15004.6,0,94000,0,600,80,0
ECU,1990,3400,4014.5,2420,25400.7,0,7506.5,0,0
ECU,2000,10750,0,49768.3,43069.9,0,38.5,0,0
ECU,2010,316.5,38979.3,93254.2,14610.7,0,45075,194.5,0
ECU,2020,0,26143333,50663668,17947666,0,0,0,0
EGY,1950,0,45140,0,0,0,0,0,0
EGY,1960,0,55.1,0,0,0,0,0,0
EGY,1970,0,0,0,6600,1500,0,0,0
EGY,1980,0,0,0,0,44927,0,0,0
EGY,1990,0,9271.8,0,16412.8,6,0,0,0
EGY,2000,0,25,0,87,44961,0,0,45056
EGY,2010,0,0,0,350,3274.7,0,0,45083
EGY,2020,0,0,0,8878333,0,0,0,0
SLV,1950,0,0,0,0,0,0,0,0
SLV,1960,0,13972,0,0,464,0,0,0
SLV,1970,0,0,0,0,0,0,0,0
SLV,1980,0,80250,0,10706,0,0,0,0
SLV,1990,0,0,0,1495,8600,0,0,0
SLV,2000,40000,160777.1,200,733.2,16554.1,0,0,0
SLV,2010,108661,265.9,6307.9,30709.9,3260.4,0,0,0
SLV,2020,0,0,0,100,53071,175,0,0
ERI,1950,0,0,0,0,0,0,0,0
ERI,1960,0,0,0,0,0,0,0,0
ERI,1970,0,0,0,0,0,0,0,0
ERI,1980,0,0,0,0,0,0,0,0
ERI,1990,390000,0,0,0,1567.5,0,0,0
ERI,2000,170000,0,0,701.3,0,0,0,0
ERI,2010,0,0,0,0,0,0,0,0
ERI,2020,0,0,0,0,0,0,0,0
EST,1950,0,0,0,0,0,0,0,0
EST,1960,0,0,0,0,0,0,0,0
EST,1970,0,0,0,0,0,0,0,0
EST,1980,0,0,0,0,0,0,0,0
EST,1990,0,0,0,0,0,0,0,0
EST,2000,0,0,0,0,10,0,0,0
EST,2010,0,0,0,0,0,0,0,0
EST,2020,0,0,0,0,0,0,0,0
SWZ,1950,0,0,0,0,0,0,0,0
SWZ,1960,0,0,0,0,0,0,0,0
SWZ,1970,0,0,0,0,0,0,0,0
SWZ,1980,0,0,0,0,63250,0,0,0
SWZ,1990,25000,0,0,0,0,0,0,0
SWZ,2000,138000,0,0,27450,768.5,0,150,0
SWZ,2010,72400,0,0,40,0,0,0,0
SWZ,2020,0,0,0,0,0,0,0,0
ETH,1950,0,0,0,0,0,0,0,0
ETH,1960,320000,58.5,0,1600,0,0,0,0
ETH,1970,300000,0,0,8700,0,0,0,0
ETH,1980,2125000,0,0,9524,0,0,0,0
ETH,1990,588620,0,0,84896.6,0,45171,0,0
ETH,2000,2780000,0,1100,122189,0,45062,0.5,0
ETH,2010,1600567.9,0,0,107608,0,44928,0,0
ETH,2020,10300000,0,0,498228.34,0,0,0,0
FJI,1950,0,0,0,0,80,0,0,0
FJI,1960,0,0,0,1800,1000,0,0,0
FJI,1970,0,0,0,0,18505,0,0,0
FJI,1980,3100,0,0,21500,37946.5,0,0,0
FJI,1990,26345.5,0,0,0,17327.5,0,0,0
FJI,2000,0,0,0,1228,3908.2,0,0,0
FJI,2010,6700,0,0,1954.5,78003.9,0,0,0
FJI,2020,0,0,0,0,119143336,0,0,0
FIN,1950,0,0,0,0,0,0,0,0
FIN,1960,0,0,0,0,0,0,0,0
FIN,1970,0,0,0,0,0,0,0,0
FIN,1980,0,0,0,0,0,0,0,0
FIN,1990,0,0,0,0,0,0,0,0
FIN,2000,0,0,0,40,0,0,0,0
FIN,2010,0,0,0,0,0,0,0,0
FIN,2020,0,0,0,0,0,0,0,0
FRA,1950,0,0,0,0,0,0,0,0
FRA,1960,0,110,0,0,0,0,0,0
FRA,1970,0,0.2,0,2600,0,45110,0,0
FRA,1980,0,0,0,432.5,0,2,214.8,0
FRA,1990,0,0,0,589.5,350944.1,44954,126.5,1000
FRA,2000,0,0,0,5367.4,515.8,0,300.4,20
FRA,2010,0,75.4,0,1381.2,50225.6,0,1201.2,0
FRA,2020,0,0,0,10176667,24548,0,0,0
GUF,1950,0,0,0,0,0,0,0,0
GUF,1960,0,0,0,0,0,0,0,0
GUF,1970,0,0,0,0,0,0,0,0
GUF,1980,0,0,0,0,0,0,0,0
GUF,1990,0,0,0,7000,0,0,0,0
GUF,2000,0,0,0,0,0,0.5,0,0
GUF,2010,0,0,0,0,0,0,0,0
GUF,2020,0,0,0,46333332,0,0,0,0
PYF,1950,0,0,0,0,0,0,0,0
PYF,1960,0,0,0,0,0,0,0,0
PYF,1970,0,0,0,0,0,0,0,0
PYF,1980,0,0,0,0,505,0,0,0
PYF,1990,0,0,0,0,0,51.1,0,0
PYF,2000,0,0,0,0,0,0,0,0
PYF,2010,0,0,0,500.4,341.1,0,0,0
PYF,2020,0,0,0,0,0,0,0,0
GAB,1950,0,0,0,0,0,0,0,0
GAB,1960,0,0,0,0,0,0,0,0
GAB,1970,0,0,0,0,0,0,0,0
GAB,1980,0,0,0,1000,0,0,0,0
GAB,1990,0,0,0,0,0,0,0,0
GAB,2000,0,0,0,0,80,0,0,0
GAB,2010,0,0,0,7784.5,353,0,0,0
GAB,2020,0,0,0,0,0,0,0,0
GMB,1950,0,0,0,0,0,0,0,0
GMB,1960,33000,0,0,0,0,0,0,0
GMB,1970,0,0,0,0,0,0,500,0
GMB,1980,50000,0,0,0,0,0,0,0
GMB,1990,0,0,0,3600,0,0,0,0
GMB,2000,0,0,0,1520.8,1680.6,0,0,0
GMB,2010,49110,0,0,6226.1,1510.1,0,0,0
GMB,2020,0,0,0,57336665,56496665,0,0,0
GEO,1950,0,0,0,0,0,0,0,0
GEO,1960,0,0,0,0,0,0,0,0
GEO,1970,0,0,0,0,0,0,0,0
GEO,1980,0,0,0,0,0,0,0,0
GEO,1990,0,375,0,80,0,0,0,0
GEO,2000,69600,2646.2,0,319,90,0,0,0
GEO,2010,0,0,0,15531.9,776.8,0,0,0
GEO,2020,0,0,0,40376667,0,0,0,0
DEU,1950,0,0,0,0,0,0,0,0
DEU,1960,0,0,0,0,0,0,0,0
DEU,1970,0,0,0,0,0,0,0,0
DEU,1980,0,0,0,0,0,0,0,0
DEU,1990,0,152.5,0,20520,3001.5,0,0,0
DEU,2000,0,15,0,33155.8,45.1,0,0,45062
DEU,2010,0,0,0,695,45172,0,0,0
DEU,2020,0,0,0,33333334,213,0,0,0
GHA,1950,0,0,0,0,0,0,0,0
GHA,1960,0,0,0,2500,0,0,0,0
GHA,1970,1200,0,0,0,0,0,0,0
GHA,1980,1250000,0,0,280,0,0,150,0
GHA,1990,0,0,0,302460.2,0,0,0,0
GHA,2000,0,0,0,69637,0,0,0,0
GHA,2010,0,0,0,126732,44958,0,0,0
GHA,2020,0,0,0,1842,0,0,0,0
GRC,1950,0,16815.9,0,0,0,0,0,0
GRC,1960,0,8082.7,0,0,0,0,0,0
GRC,1970,0,60010,0,160,0,0,0,0
GRC,1980,0,12667.9,0,0,0,0,20,0
GRC,1990,0,14778.1,0,190,0,0,231.4,0
GRC,2000,0,482.5,0,1218,61.2,0,654.5,45094
GRC,2010,0,7787.6,0,707.4,44997,0,471.8,0
GRC,2020,0,19886666,0,390,0,0,20833334,0
GRD,1950,0,0,0,0,0,0,0,0
GRD,1960,0,0,0,0,0,0,0,0
GRD,1970,0,0,0,0,0,0,0,0
GRD,1980,0,0,0,0,0,0,0,0
GRD,1990,0,0,0,0,121,0,0,0
GRD,2000,0,0,0,0,6007.5,0,0,0
GRD,2010,0,0,0,0,0,0,0,0
GRD,2020,0,0,0,0,0,0,0,0
GLP,1950,0,0,0,0,0,0,0,0
GLP,1960,0,0,0,0,2010,0,0,0
GLP,1970,0,0,7500.3,0,0,0,0,0
GLP,1980,0,0,0,0,1108.4,0,0,0
GLP,1990,0,0,0,0,89.9,0,0,0
GLP,2000,0,45000,0,0,0,0,0,0
GLP,2010,0,0,0,0,8000.2,0,0,0
GLP,2020,0,0,0,0,0,0,0,0
GUM,1950,0,0,0,0,0,0,0,0
GUM,1960,0,0,0,0,0,0,0,0
GUM,1970,0,0,0,0,0,0,0,0
GUM,1980,0,0,0,0,50.2,0,0,0
GUM,1990,0,44933,0,0,1196.2,0,0,0
GUM,2000,0,0,0,0,1544.4,0,0,0
GUM,2010,0,0,0,0,0,0,0,0
GUM,2020,0,0,0,0,0,0,0,0
GTM,1950,0,0,0,0,0,0,0,0
GTM,1960,0,0,0,0,1020,0,0,0
GTM,1970,0,499504,0,100,0,0,0,0
GTM,1980,7300,955,953.5,3277.1,0,0,0,0
GTM,1990,0,2417,634.3,1405.8,10570,0.8,0,0
GTM,2000,261359.6,44972,80,31192.2,48716.5,322.9,0,185
GTM,2010,306648.5,142109.8,172621.4,72273.8,57906.3,5185.4,0,1078.4
GTM,2020,0,10434,0,978230.3,1103794.4,0,0,0
GIN,1950,0,0,0,0,0,0,0,0
GIN,1960,0,0,0,0,0,0,0,0
GIN,1970,0,0,0,0,0,0,0,0
GIN,1980,0,4143.6,0,500,0,0,0,0
GIN,1990,0,0,0,606.6,0,0,0,0
GIN,2000,0,0,0,28608.5,0,0,77.7,0
GIN,2010,0,0,0,11219,0,49.2,0,0
GIN,2020,0,0,0,56913668,0,0,0,0
GNB,1950,0,0,0,0,0,0,0,0
GNB,1960,0,0,0,0,0,0,0,0
GNB,1970,0,0,0,0,0,0,0,0
GNB,1980,0,0,0,0,370.3,0,0,0
GNB,1990,0,0,0,0,172.2,0,150,0
GNB,2000,13200,0,0,175,0,0,0,0
GNB,2010,0,0,0,5679.2,1154.1,0,0,0
GNB,2020,0,0,0,0,0,0,0,0
GUY,1950,0,0,0,0,0,0,0,0
GUY,1960,0,0,0,0,0,0,0,0
GUY,1970,0,0,0,2100,0,0,0,0
GUY,1980,0,0,0,0,0,0,0,0
GUY,1990,60720,0,0,3800,0,0,0,0
GUY,2000,0,0,0,40977.4,0,0,0,0
GUY,2010,0,0,0,20227.4,0,0,0,0
GUY,2020,0,0,0,11666667,0,0,0,0
HTI,1950,0,0,0,0,25000,0,0,0
HTI,1960,21021.7,0,0,0,14788.1,0,0,0
HTI,1970,95700,0,0,4000,111,0,0,0
HTI,1980,10300,0,0,18160.1,203500,106,0,0
HTI,1990,100000,0,0,509,159914.4,0,0,0
HTI,2000,3500,0,0,39474.3,72683.4,0,0,0
HTI,2010,460000,373933.6,0,31053.5,243354.3,0,0,0
HTI,2020,0,234593.33,0,8793333,14726,0,0,0
HND,1950,0,0,0,0,0,0,0,0
HND,1960,10000,0,0,600,800.2,0,0,0
HND,1970,30000,0,0,5500,60750,0,0,0
HND,1980,0,50,0,4612.5,2001.2,0,0,0
HND,1990,0,0,0,74894.8,211202.2,0,0,0
HND,2000,46062.5,5201.9,0,33695.1,20969,0,0,0
HND,2010,105671,0,0,60277.6,2494.6,0,0,0
HND,2020,0,0,0,32052334,1763261.4,0,8343333,0
HKG,1950,0,0,0,0,44937,0,0,0
HKG,1960,0,0,0,2043.6,2176.7,45117,0,0
HKG,1970,0,0,0,2746.3,2424.5,120,0,0
HKG,1980,0,0,0,401.9,624.2,291.5,900,0.7
HKG,1990,0,0,0,564.5,268.9,45052,0,0
HKG,2000,0,0,0,0,409,0,0,0
HKG,2010,0,0,0,0,1545.6,0,0,0
HKG,2020,0,0,0,0,58333332,0,0,0
HUN,1950,0,0,0,0,0,0,0,0
HUN,1960,0,0,0,0,0,0,0,0
HUN,1970,0,0,0,0,0,0,0,0
HUN,1980,0,0,0,0,0,0,0,0
HUN,1990,0,0,0,13369.5,0,0,0,0
HUN,2000,0,0,0,4582.3,30,0,0,50
HUN,2010,0,180,0,5934.7,16529.8,0,0,0
HUN,2020,0,0,0,0,0,0,0,0
ISL,1950,0,0,0,0,0,0,0,0
ISL,1960,0,0,0,0,0,0,0,0
ISL,1970,0,0.6,520,0,0,0,0,0
ISL,1980,0,0,0,28,0,0,0,0
ISL,1990,0,0,0,0,0,44993,0,0
ISL,2000,0,45188,0,0,0,0,0,0
ISL,2010,0,0,0,0,0,0,0,0
ISL,2020,0,0,0,0,0,0,0,0
IND,1950,0,45190,0,13000,239500,0,0,0
IND,1960,10066600,5227.2,0,1133261,548509.2,0,0,0
IND,1970,21000000,20,0,10557100,2814794.8,511.2,0,0
IND,1980,40000000,2001473.6,0,15314602,1740909.2,250020,0,20
IND,1990,117500,71930.2,0,27940384,3234670,132174.6,0,0
IND,2000,35000000,713314.6,0,24740866,593158.9,1205.8,0,5
IND,2010,33820000,64592.8,0,9753587,3623070,930.5,0,45
IND,2020,0,10033333,0,1636941,6869567.5,51954332,0,0
IDN,1950,0,341.1,0,0,0,0,0,0
IDN,1960,20400,4004.3,37506,87810,0,0,0,0
IDN,1970,351722,57404.1,2800,62647,506,0.6,0,0
IDN,1980,300,10707.6,45981.8,149332.7,1092.3,2361.1,0,0
IDN,1990,106500,54431.2,3513,232354.8,0,3700.6,303407.8,0
IDN,2000,1500,777404.6,11806,339680.9,371.5,33232.8,40,0
IDN,2010,0,309342.8,53658.7,299582.6,1258.5,11249.4,40966.4,0
IDN,2020,0,53936332,10992333,655484.3,169875,6103333,0,0
IRN,1950,0,1598.4,0,0,0,0,0,0
IRN,1960,62500,23545,0,7,0,0,0,0
IRN,1970,0,51519.4,0,0,0,10,0,0
IRN,1980,0,6536.3,0,129020,0,0,0,0
IRN,1990,3700000,99917.4,0,93737.7,378.5,4,0,0
IRN,2000,0,75508.4,0,142488.7,20100.9,0.4,0,0
IRN,2010,0,34624.8,0,1047776.7,200,0,0,0
IRN,2020,1633333.4,38141668,0,113466664,9073333,0,0,0
IRQ,1950,0,0,0,0,0,0,0,0
IRQ,1960,50000,0,0,41000,0,0,0,0
IRQ,1970,0,0,0,0,0,0,0,0
IRQ,1980,0,0,0,0,0,0,0,0
IRQ,1990,0,50,0,0,0,0,0,0
IRQ,2000,0,0,0,7151,0,0,0,0
IRQ,2010,0,596.9,0,9786.6,0,0,0,0
IRQ,2020,2333333.2,0,0,40676667,16666666,0,0,0
IRL,1950,0,0,0,0,0,0,0,0
IRL,1960,0,0,0,0,0,0,0,0
IRL,1970,0,0,0,0,0,0,0,0
IRL,1980,0,0,0,0,0,0,0,0
IRL,1990,0,0,0,350,0,0,0,0
IRL,2000,0,0,0,30,20,0,0,0
IRL,2010,0,0,0,90,0,0,0,0
IRL,2020,0,0,0,0,0,0,0,0
IMN,1950,0,0,0,0,0,0,0,0
IMN,1960,0,0,0,0,0,0,0,0
IMN,1970,0,0,0,0,0,0,0,0
IMN,1980,0,0,0,0,0,0,0,0
IMN,1990,0,0,0,0,0,0,0,0
IMN,2000,0,0,0,0,0,0,0,0
IMN,2010,0,0,0,0,0,0,0,0
IMN,2020,0,0,0,0,0,0,0,0
ISR,1950,0,0,0,0,0,0,0,0
ISR,1960,0,0,0,0,0,0,0,0
ISR,1970,0,0,0,0,0,44986,0,0
ISR,1980,0,0,0,0,0,0,0,0
ISR,1990,0,0,0,100,0,0,24,0
ISR,2000,0,0,0,0,41,0,0,0
ISR,2010,0,0,0,0,200320,0,8015.9,0
ISR,2020,0,0,0,0,0,0,7,0
ITA,1950,0,0,0,17750,0,546.6,0,0
ITA,1960,0,8556.3,0,130300,0,0,0,0
ITA,1970,0,26079.2,45018,130265,521.9,0,0,0
ITA,1980,0,44472.1,0,3,0,1018.9,2,0
ITA,1990,0,4172.1,700,1880,110,378.2,30,0
ITA,2000,0,6577.4,0,6283.2,20,45184,0,0
ITA,2010,0,5822.6,32.8,1698.4,341.7,0.1,0,0
ITA,2020,0,0,0,301,35966666,60666668,38666667,0
JAM,1950,0,0,0,0,2020,0,0,0
JAM,1960,10000,0,0,0,0,0,0,0
JAM,1970,0,0,0,25000,251,0,0,0
JAM,1980,0,0,0,6600,84030.9,0,0,0
JAM,1990,0,0,0,55571.2,80,0,0,0
JAM,2000,0,0,0,3000,39941,0,0,0
JAM,2010,9154.5,0,0,0,34835.6,0,0,0
JAM,2020,0,0,0,0,0,0,0,0
JPN,1950,0,55.6,45171,246353.4,318916.6,0,0,0
JPN,1960,0,3815.7,0,430240,4773.9,0,0,0
JPN,1970,0,461.6,1000,4305,34147.7,0,0,0
JPN,1980,0,2393.9,1860,18934.7,34553.1,2508.8,0,0
JPN,1990,0,56288.1,5495,6556,42037,45159,0,0
JPN,2000,0,18783.8,1640,46059.4,97125.4,40,44979,330
JPN,2010,0,82722.7,45175,160903.2,81358.7,45113,0,19691.4
JPN,2020,0,30813333,0,97171336,51696665,300,0,47666665
JOR,1950,0,0,0,0,0,0,0,0
JOR,1960,0,0,0,629.2,0,0,0,0
JOR,1970,0,0,0,0,0,0,0,0
JOR,1980,0,0,0,45171,0,0,0,0
JOR,1990,18000,0,0,1800,0,0,0,0
JOR,2000,15000,0,0,0,45068,0,0,44958
JOR,2010,0,0,0,45022,0,0,0,0
JOR,2020,0,0,0,0,0,0,0,0
KAZ,1950,0,0,0,0,0,0,0,0
KAZ,1960,0,0,0,0,0,0,0,0
KAZ,1970,0,0,0,0,0,0,0,0
KAZ,1980,0,0,0,0,0,0,0,0
KAZ,1990,0,0,0,3000,0,0,800,60000
KAZ,2000,0,3662.6,0,4416.8,0,0,0,44958
KAZ,2010,0,0,0,7737.9,0,0,0,500
KAZ,2020,23666666,0,0,11000,0,0,0,0
KEN,1950,0,0,0,0,0,0,0,0
KEN,1960,26000,0,0,1500,0,0,0,0
KEN,1970,19000,0,0,3600,0,0,0,0
KEN,1980,60000,0,0,300,0,0,0,0
KEN,1990,2850000,0,0,90120,0,0,0,0
KEN,2000,960000,0,0,130809.7,0,45079,0,0
KEN,2010,1565000,0,0,143415.2,0,12,0,0
KEN,2020,1333333.4,0,0,370218.34,0,0,0,0
KIR,1950,0,0,0,0,0,0,0,0
KIR,1960,0,0,0,0,0,0,0,0
KIR,1970,0,0,0,0,70,0,0,0
KIR,1980,0,0,0,0,0,0,0,0
KIR,1990,8400,0,0,0,0,0,0,0
KIR,2000,0,0,0,45054,0,0,0,0
KIR,2010,0,0,0,22,150,0,0,0
KIR,2020,0,0,0,0,0,0,0,0
KWT,1950,0,0,0,0,0,0,0,0
KWT,1960,0,0,0,0,0,0,0,0
KWT,1970,0,0,0,0,0,0,0,0
KWT,1980,0,0,0,0,0,0,0,0
KWT,1990,0,0,0,20,0,0,0,0
KWT,2000,0,0,0,0,0,0,0,0
KWT,2010,0,0,0,0,0,0,0,0
KWT,2020,0,0,0,0,0,0,0,0
KGZ,1950,0,0,0,0,0,0,0,0
KGZ,1960,0,0,0,0,0,0,0,0
KGZ,1970,0,0,0,0,0,0,0,0
KGZ,1980,0,0,0,0,0,0,0,0
KGZ,1990,0,13803.6,0,772.8,0,5850,0,0
KGZ,2000,200000,1624.7,0,289.5,907.5,131.1,0,0
KGZ,2010,0,2178,0,1100,0,840.5,0,5
KGZ,2020,0,0,0,0,0,0,0,46166665
LAO,1950,0,0,0,0,0,0,0,0
LAO,1960,0,0,0,8160,0,0,0,0
LAO,1970,350000,0,0,57400,0,0,0,0
LAO,1980,73000,0,0,200,0,0,0,0
LAO,1990,2000,0,0,153355,130731.2,0,0,0
LAO,2000,0,0,0,125719,12888.7,0,0,0
LAO,2010,0,0,0,163687.1,73514.5,0,0,0
LAO,2020,0,0,0,14184,32254666,0,0,0
LVA,1950,0,0,0,0,0,0,0,0
LVA,1960,0,0,0,0,0,0,0,0
LVA,1970,0,0,0,0,0,0,0,0
LVA,1980,0,0,0,0,0,0,0,0
LVA,1990,0,0,0,0,0,0,0,0
LVA,2000,0,0,0,0,0,0,0,0
LVA,2010,0,0,0,0,0,0,0,0
LVA,2020,0,0,0,0,0,0,0,0
LBN,1950,0,20,0,0,0,0,0,0
LBN,1960,0,0,0,0,0,0,0,0
LBN,1970,0,0,0,0,0,0,0,0
LBN,1980,0,0,0,150,0,0,0,0
LBN,1990,0,0,0,0,10407.5,0,0,0
LBN,2000,0,0,0,1700,50,0,45047,0
LBN,2010,0,0,0,0,101270.1,0,0,0
LBN,2020,0,0,0,0,0,0,0,0
LSO,1950,0,0,0,0,0,0,0,0
LSO,1960,20400,0,0,0,0,0,0,0
LSO,1970,0,0,0,0,0,0,0,0
LSO,1980,50000,0,0,18000,0,0,0,0
LSO,1990,33150,0,0,0,20,0,0,0
LSO,2000,97500,0,0,0,650.1,0,0,0
LSO,2010,186751.5,0,0,500,260,0,0,0
LSO,2020,255333.33,0,0,0,850,0,0,0
LBR,1950,0,0,0,0,0,0,0,0
LBR,1960,0,0,0,0,0,0,0,0
LBR,1970,0,0,0,0,0,0,0,0
LBR,1980,0,0,0,0,0,0,0,0
LBR,1990,0,0,0,500,200,0,0,100000
LBR,2000,0,0,0,1792.4,350,0,0,0
LBR,2010,0,0,0,3091.7,0,0,0,0
LBR,2020,0,0,0,0,0,0,0,0
LBY,1950,0,0,0,0,0,0,0,0
LBY,1960,0,537.5,0,0,0,0,0,0
LBY,1970,0,0,0,0,0,0,0,0
LBY,1980,0,0,0,0,0,0,0,0
LBY,1990,0,0,0,0,0,0,0,0
LBY,2000,0,0,0,0,0,0,0,0
LBY,2010,0,0,0,2203,0,0,0,0
LBY,2020,0,0,0,0,0,0,0,0
LTU,1950,0,0,0,0,0,0,0,0
LTU,1960,0,0,0,0,0,0,0,0
LTU,1970,0,0,0,0,0,0,0,0
LTU,1980,0,0,0,0,0,0,0,0
LTU,1990,0,0,0,0,78000,0,0,0
LTU,2000,0,0,0,0,0,0,0,0
LTU,2010,0,0,0,0,0,0,0,0
LTU,2020,0,0,0,0,0,0,0,0
LUX,1950,0,0,0,0,0,0,0,0
LUX,1960,0,0,0,0,0,0,0,0
LUX,1970,0,0,0,0,0,0,0,0
LUX,1980,0,0,0,0,0,0,0,0
LUX,1990,0,0,0,0,0,0,0,0
LUX,2000,0,0,0,0,0,0,0,0
LUX,2010,0,0,0,0,151.9,0,0,0
LUX,2020,0,0,0,0,0,0,0,0
MAC,1950,0,0,0,0,0,0,0,0
MAC,1960,0,0,0,0,0,0,0,0
MAC,1970,0,0,0,0,0,0,0,0
MAC,1980,0,0,0,0,0,0,0,0
MAC,1990,0,0,0,0,398.6,0,0,0
MAC,2000,0,0,0,0,0,0,0,0
MAC,2010,0,0,0,0,20,0,0,0
MAC,2020,0,0,0,0,0,0,0,0
MDG,1950,0,0,0,0,0,0,0,0
MDG,1960,0,0,0,0,11804,0,0,0
MDG,1970,0,0,0,0,308698.2,0,0,0
MDG,1980,195000,0,0,2822.3,44143,0,0,0
MDG,1990,0,0,0,2000,149005.1,0,0,0
MDG,2000,156529,0,0,11598.7,373046.5,0,0,0
MDG,2010,242000,0,0,2400,153983.4,0,0,0
MDG,2020,560000,0,0,56786668,115457664,0,0,0
MWI,1950,0,0,0,0,0,0,0,0
MWI,1960,0,0,0,350,0,0,0,0
MWI,1970,0,0,0,2000,0,0,0,0
MWI,1980,142926.7,5010,0,10600,0,0,0,0
MWI,1990,980000,0,0,56830,0,0,0,0
MWI,2000,844943.5,2073.6,0,122343.5,0.8,0,0,0
MWI,2010,860000,0,0,192723.7,635,45179,0,0
MWI,2020,0,0,0,750,333828.34,0,0,0
MYS,1950,0,0,0,0,0,0,0,0
MYS,1960,0,0,0,44000,1000,0,0,0
MYS,1970,0,0,0,24600,0,0,0,0
MYS,1980,0,0,0,10257.6,0,0,0,0
MYS,1990,500,0,0,2991.8,629.1,45074,300,0
MYS,2000,0,506.3,0,41356.4,4165.5,0,0,0
MYS,2010,220000,1,0,42119.9,42.6,0.6,0,0
MYS,2020,0,0,0,71347336,0,0,0,0
MDV,1950,0,0,0,0,0,0,0,0
MDV,1960,0,0,0,0,0,0,0,0
MDV,1970,0,0,0,0,0,0,0,0
MDV,1980,0,0,0,30,0,0,0,0
MDV,1990,0,0,0,0,2384.9,0,0,0
MDV,2000,0,2721.4,0,164.9,0,0,0,0
MDV,2010,0,0,0,180,0,0,0,0
MDV,2020,0,0,0,0,440,0,0,0
MLI,1950,0,0,0,0,0,0,0,0
MLI,1960,0,0,0,0,0,0,0,0
MLI,1970,0,0,0,0,0,0,0,0
MLI,1980,150000,0,0,2463.5,0,0,0,0
MLI,1990,30200,0,0,863.4,0,0,0,0
MLI,2000,102500,0,0,15064.3,0,0,0,0
MLI,2010,410000,0,0,12504.6,0,0,0,0
MLI,2020,2266666.8,0,0,26337334,0,0,0,0
MHL,1950,0,0,0,0,0,0,0,0
MHL,1960,0,0,0,0,0,0,0,0
MHL,1970,0,0,0,0,0,0,0,0
MHL,1980,0,0,0,0,0,0,0,0
MHL,1990,0,0,0,0,600,0,0,0
MHL,2000,0,0,0,60,0,0,0,0
MHL,2010,2738.4,0,0,36,0,0,0,0
MHL,2020,31086667,0,0,0,0,0,0,0
MTQ,1950,0,0,0,0,0,0,0,0
MTQ,1960,0,0,0,0,100,0,0,0
MTQ,1970,0,0,0,0,2500.3,0,0,0
MTQ,1980,0,0,0,0,0,0,0,0
MTQ,1990,0,0,0,0,511,0,0,0
MTQ,2000,0,10,0,0,0.6,0,0,0
MTQ,2010,0,0,0,0,0.2,0,0,0
MTQ,2020,0,0,0,0,0,0,0,0
MRT,1950,0,0,0,0,0,0,0,0
MRT,1960,134600,0,0,0,0,0,0,0
MRT,1970,144700,0,0,0,0,0,0,0
MRT,1980,160000,0,0,990,0,0,0,0
MRT,1990,46790.7,0,0,2440,47.7,0,0,0
MRT,2000,100000,0,0,13373.9,0,0,0,0
MRT,2010,580537.4,0,0,4888,204,0,0,0
MRT,2020,466666.66,0,0,16302667,0,0,0,0
MUS,1950,0,0,0,0,0,0,0,0
MUS,1960,0,0,0,0,2352.4,0,0,0
MUS,1970,0,0,0,0,95653.1,0,0,0
MUS,1980,0,0,0,0,3735.8,0,0,0
MUS,1990,0,0,0,0,1080,0,0,0
MUS,2000,0,0,0,0,105,0,0,0
MUS,2010,0,0,0,44965,3000,0,0,0
MUS,2020,0,0,0,0,46333332,0,0,0
MEX,1950,0,30,0,0,0,0,0,0
MEX,1960,0,450,0,834.5,36106.9,0,0,0
MEX,1970,0,1177.5,0,31709.7,62640,0,0,0
MEX,1980,0,214020.9,4050,12541.2,46750,0,0,0
MEX,1990,6500,22205,7710.8,98055,99784.5,12,0,1600
MEX,2000,0,17860.4,4130,189612.4,461050.1,20,0,0
MEX,2010,250000,156103,0,156056.2,156316.1,0,0,12000
MEX,2020,0,27411666,0,36923332,7660,0,0,0
FSM,1950,0,0,0,0,0,0,0,0
FSM,1960,0,0,0,0,0,0,0,0
FSM,1970,0,0,0,0,0,0,0,0
FSM,1980,0,0,0,0,45005,0,0,0
FSM,1990,2880,0,0,0,0,0,0,0
FSM,2000,0,0,0,0,863.1,0,0,0
FSM,2010,10000,0,0,0,4500,0,0,0
FSM,2020,0,0,0,0,0,0,0,0
MDA,1950,0,0,0,0,0,0,0,0
MDA,1960,0,0,0,0,0,0,0,0
MDA,1970,0,0,0,0,0,0,0,0
MDA,1980,0,0,0,0,0,0,0,0
MDA,1990,0,0,0,2895.7,2558,0,0,0
MDA,2000,21039.4,0,0,1100,260000,0,0,0
MDA,2010,580,0,0,1200,0,0,0,1283.4
MDA,2020,0,0,0,0,0,0,0,0
MNG,1950,0,0,0,0,0,0,0,0
MNG,1960,0,0,0,27000,0,0,0,0
MNG,1970,0,0,0,0,0,0,0,0
MNG,1980,0,0,0,0,0,0,0,0
MNG,1990,0,0,0,0,10000,0,506.1,0
MNG,2000,45000,0,0,1665,191100,0,0,76911.3
MNG,2010,0,0,0,880.1,50,0,0,138800
MNG,2020,0,0,0,12576667,10041333,0,0,0
MNE,1950,0,0,0,0,0,0,0,0
MNE,1960,0,0,0,0,0,0,0,0
MNE,1970,0,0,0,0,0,0,0,0
MNE,1980,0,0,0,0,0,0,0,0
MNE,1990,0,0,0,0,0,0,0,0
MNE,2000,0,0,0,153.6,0,0,0,0
MNE,2010,0,0,0,635,0,0,20,450
MNE,2020,0,0,0,0,0,0,0,0
MSR,1950,0,0,0,0,0,0,0,0
MSR,1960,0,0,0,0,0,0,0,0
MSR,1970,0,0,0,0,0,0,0,0
MSR,1980,0,0,0,0,1204,0,0,0
MSR,1990,0,0,1300,0,0,0,0,0
MSR,2000,0,0,20,0,0,0,0,0
MSR,2010,0,0,0,0,0,0,0,0
MSR,2020,0,0,0,0,0,0,0,0
MAR,1950,0,0,0,0,0,0,0,0
MAR,1960,0,2500,0,8282.3,0,0,0,0
MAR,1970,13700,0,0,32273.6,0,0,0,0
MAR,1980,0,0,0,0,0,1221.6,0,0
MAR,1990,27500,0,0,9800,0,0,0,0
MAR,2000,0,1346.5,0,5788.7,0,0,0,0
MAR,2010,0,0,0,7723.8,11700,0,0,247750
MAR,2020,0,0,0,46166666,0,0,0,0
MOZ,1950,0,0,0,0,0,0,0,0
MOZ,1960,0,0,0,5000,0,0,0,0
MOZ,1970,600000,0,0,121500,10505.1,0,0,0
MOZ,1980,475800,0,0,100000,35400,0,0,0
MOZ,1990,330000,0,0,47000,270200,250,0,0
MOZ,2000,323950,147.6,0,622512.6,41831.7,0,302.3,0
MOZ,2010,276000,0,0,94469.3,276339.6,30,0,0
MOZ,2020,1533333.4,0,0,55036668,475797.66,0,0,0
MMR,1950,0,0,0,0,0,0,0,0
MMR,1960,0,0,0,0,74771.9,0,0,0
MMR,1970,0,0,0,161300,13200,0,3000,0
MMR,1980,0,0,0,0,3600,0,4858.8,0
MMR,1990,0,16,0,58396.4,6497,0,0,0
MMR,2000,0,1570,0,23041.4,250510.6,136.7,0,0
MMR,2010,0,2391.5,0,299508.9,46752.5,14626,0,0
MMR,2020,0,0,0,50000,0,518,0,0
NAM,1950,0,0,0,0,0,0,0,0
NAM,1960,0,0,0,0,0,0,0,0
NAM,1970,0,0,0,0,0,0,0,0
NAM,1980,0,0,0,0,0,0,0,0
NAM,1990,43820,0,0,0,0,0,0,0
NAM,2000,34500,0,0,47430,0,0,0,0
NAM,2010,191600,0,0,62765.2,0,0,0,0
NAM,2020,0,0,0,467,0,0,0,0
NPL,1950,0,0,0,0,0,0,0,0
NPL,1960,0,2010,0,100,0,0,0,0
NPL,1970,440000,0,0,4774.8,0,7500,0,0
NPL,1980,0,54161.6,0,62360.7,0,0,0,0
NPL,1990,0,45074,0,80970,45034,73.4,5400,0
NPL,2000,50300,0,0,208943.4,0,36688.4,0,20
NPL,2010,0,581009.9,0,202463.5,1502.9,801.2,0,2500
NPL,2020,0,10002667,0,42543,18133333,0,0,0
NLD,1950,0,0,0,30000,0,0,0,0
NLD,1960,0,0,0,0,0,0,0,0
NLD,1970,0,0,0,0,0,0,0,0
NLD,1980,0,0,0,0,0,0,0,0
NLD,1990,0,2,0,1500,25010,0,0,0
NLD,2000,0,0,0,0,0.1,0,0,0
NLD,2010,0,0,0,0,0,0,0,0
NLD,2020,0,0,0,0,13333334,0,0,0
NCL,1950,0,0,0,0,0,0,0,0
NCL,1960,0,0,0,0,0,0,0,0
NCL,1970,0,0,0,0,0,0,0,0
NCL,1980,0,0,0,0,200,0,0,0
NCL,1990,0,0,0,0,0,0,0,0
NCL,2000,0,0,0,0,110,0,0,0
NCL,2010,0,0,0,0,0,0,0,0
NCL,2020,0,0,0,0,0,0,0,0
NZL,1950,0,0,0,0,0,0,0,0
NZL,1960,0,31.4,0,0,100,0,0,0
NZL,1970,0,0,0,297.5,0,60,0,0
NZL,1980,0,702.5,0,1700.7,0,0,13,0
NZL,1990,0,0,7,103.5,214,0,0,0
NZL,2000,0,0,0,725,40,0,0,0
NZL,2010,0,61573.7,44987,310,64,0,0,0
NZL,2020,0,0,0,12766666,480,0,65,0
NIC,1950,0,0,0,0,0,0,0,0
NIC,1960,0,200,0,156,0,0,0,0
NIC,1970,0,72000,360,3800,465,0,0,0
NIC,1980,0,0,0,4000,41227.8,0,0,0
NIC,1990,36500,641.7,31777,21351.6,101703.7,0,0,0
NIC,2000,18800,747.7,0,6411.9,27514.2,576.9,1600,0
NIC,2010,76000,1228.1,0,35333.7,4977,0,0,0
NIC,2020,0,0,0,0,311704,0,0,0
NER,1950,0,0,0,0,0,0,0,0
NER,1960,0,0,0,0,0,0,0,0
NER,1970,0,0,0,1600,0,0,0,0
NER,1980,450000,0,0,8000,0,0,0,0
NER,1990,163850,0,0,10638.7,0,0,0,0
NER,2000,1448455.8,0,0,26903.4,125.3,0,0,0
NER,2010,671942.8,0,0,192824.4,0,0,0,0
NER,2020,2700000,0,0,370185,0,0,0,0
NGA,1950,0,0,0,0,0,0,0,0
NGA,1960,0,0,0,0,0,0,0,0
NGA,1970,0,0,0,0,0,0,0,0
NGA,1980,300000,0,0,30600,0,150,0,0
NGA,1990,0,0,0,80400,0,0,0,0
NGA,2000,0,0,0,55752.1,100,30,0,0
NGA,2010,0,0,0,1075575.2,1601.2,0,0,0
NGA,2020,0,0,0,1001518.3,500,0,0,0
NIU,1950,0,0,0,0,160,0,0,0
NIU,1960,0,0,0,0,400,0,0,0
NIU,1970,0,0,0,0,0,0,0,0
NIU,1980,0,0,0,0,0,0,0,0
NIU,1990,0,0,0,0,20,0,0,0
NIU,2000,0,0,0,0,70.2,0,0,0
NIU,2010,0,0,0,0,0,0,0,0
NIU,2020,0,0,0,0,0,0,0,0
PRK,1950,0,0,0,0,0,0,0,0
PRK,1960,0,0,0,0,0,0,0,0
PRK,1970,0,0,0,0,0,0,0,0
PRK,1980,0,0,0,2007.1,0,0,0,0
PRK,1990,0,0,0,955130.7,250,0,0,0
PRK,2000,0,0,0,172437.2,63623,0,0,0
PRK,2010,3110000,0,0,230118.1,539096,0,0,1376.8
PRK,2020,0,0,0,30000,0,0,0,0
MKD,1950,0,0,0,0,0,0,0,0
MKD,1960,0,0,0,0,0,0,0,0
MKD,1970,0,0,0,0,0,0,0,0
MKD,1980,0,0,0,0,0,0,0,0
MKD,1990,1000,0,0,150,0,0,0,0
MKD,2000,0,0,0,10990,0.3,0,100000,44977
MKD,2010,0,10,0,14352.3,0,0,0,1612
MKD,2020,0,0,0,0,0,0,26666666,0
MNP,1950,0,0,0,0,0,0,0,0
MNP,1960,0,0,0,0,0,0,0,0
MNP,1970,0,0,0,0,0,0,0,0
MNP,1980,0,0,0,0,0,0,0,0
MNP,1990,0,0,0,0,0,0,0,0
MNP,2000,0,0,0,0,50,0,0,0
MNP,2010,0,0,0,0,36,0,0,0
MNP,2020,0,0,0,0,0,0,0,0
NOR,1950,0,0,0,0,0,0,0,0
NOR,1960,0,0,0,0,0,0,0,0
NOR,1970,0,0,0,0,0,0,0,0
NOR,1980,0,0,0,0,0,0,0,0
NOR,1990,0,0,0,400,0,0,0,0
NOR,2000,0,0,0,210,10,0,0,0
NOR,2010,0,0,0,0,50,15,0,0
NOR,2020,0,0,0,0,0,33666666,0,0
OMN,1950,0,0,0,0,0,0,0,0
OMN,1960,0,0,0,0,0,0,0,0
OMN,1970,0,0,0,0,659.6,0,0,0
OMN,1980,0,0,0,0,0,0,0,0
OMN,1990,0,0,0,0,0,0,0,0
OMN,2000,0,0,0,0,2008.3,0,0,0
OMN,2010,0,0,0,20,620,0,0,0
OMN,2020,0,0,0,33333332,30,0,0,0
PAK,1950,0,0,0,0,0,0,0,0
PAK,1960,0,0,0,22442.7,40000,0,0,0
PAK,1970,0,5520,0,1363720,0,0,0,0
PAK,1980,0,1503.7,0,130490,87.3,10,0,0
PAK,1990,220000,21809.5,0,1814860.6,53637.1,351.4,0,25
PAK,2000,0,628691.6,0,957415,165306.9,44959,0,32.4
PAK,2010,468091.2,83518.9,0,3649543.5,452.1,3051.8,0,8000
PAK,2020,0,21366666,0,11524469,333377.34,0,13346666,0
PLW,1950,0,0,0,0,0,0,0,0
PLW,1960,0,0,0,0,0,0,0,0
PLW,1970,0,0,0,0,0,0,0,0
PLW,1980,0,0,0,0,0,0,0,0
PLW,1990,0,0,0,0,0,0,0,0
PLW,2000,0,0,0,0,0,0,0,0
PLW,2010,1420,0,0,0,125,0,0,0
PLW,2020,0,0,0,0,24293333,0,0,0
PSE,1950,0,0,0,0,0,0,0,0
PSE,1960,0,0,0,0,0,0,0,0
PSE,1970,0,0,0,0,0,0,0,0
PSE,1980,0,0,0,0,0,0,0,0
PSE,1990,0,0,0,0,0,0,0,0
PSE,2000,0,0,0,0,0,0,0,0
PSE,2010,0,0,0,1450,8112.1,0,0,0
PSE,2020,0,0,0,0,0,0,0,11166667
PAN,1950,0,0,0,0,0,0,0,0
PAN,1960,0,0,0,260,51.8,0,0,0
PAN,1970,0,0,0,5064.5,0,0,0,0
PAN,1980,8100,0,0,700,873.2,0,0,0
PAN,1990,0,2009.6,0,2145.6,755,0,0,0
PAN,2000,0,141.5,0,9366.7,0,0,143.6,0
PAN,2010,0,0,0,5000.5,2400,0,0,0
PAN,2020,0,0,0,10113333,16666666,0,0,0
PNG,1950,0,0,320,0,0,0,0,0
PNG,1960,0,0,200,0,0,0,0,0
PNG,1970,0,402,0,0,0,0,0,0
PNG,1980,4000,500,2500,1300,0,0,0,0
PNG,1990,50000,3006.7,15383.1,18200,4754,500.8,800,0
PNG,2000,0,1087.1,4089.9,10019.3,16214,1109.5,0,0
PNG,2010,252000,54495.1,1791.6,28895,2154.5,0,0,0
PNG,2020,0,6563333,0,20300,0,33333332,0,0
PRY,1950,0,0,0,0,0,0,0,0
PRY,1960,1340,0,0,3239,0,0,0,0
PRY,1970,0,0,0,21700,0,0,0,0
PRY,1980,0,0,0,23000,0,0,0,0
PRY,1990,4000,0,0,43057.5,45114,0,0,0
PRY,2000,27099,0,0,1480,6085.5,0,12500,0
PRY,2010,146690,0,0,108135.2,8712.5,0,400,0
PRY,2020,0,0,0,2000,0,0,0,0
PER,1950,0,122,0,0,0,0,0,0
PER,1960,28460.4,11219.2,0,5030,0,0,0,0
PER,1970,0,485126.6,0,48899,0,1350,0,0
PER,1980,0,2385.1,0,32501.9,0,74077.6,0,270
PER,1990,330000,23308.2,400,84393,58073,3380.7,100,0
PER,2000,2150,101493.4,300,89954.9,8668.2,154.1,0,488618.9
PER,2010,0,3983.4,3104,358539.7,0,108.2,0,50373.1
PER,2020,0,6645,0,12318333,0,1042,0,0
PHL,1950,0,210.1,0,0,6045.2,0,0,0
PHL,1960,0,44952,11148.5,0,230218.9,0,0,0
PHL,1970,366.5,24164.2,3751,401924.6,1121286.1,0.7,0,0
PHL,1980,369526,207.6,7000,85009.2,2143257.2,127.7,0,0
PHL,1990,285428.2,190334.6,121095.2,536225.9,2690178.5,7389.6,30,0
PHL,2000,0,7384.3,25666.9,413617.1,4315285.5,24052.7,0,0
PHL,2010,19768.7,434670.3,19469.3,1918726.6,7555605,183.9,0,0
PHL,2020,0,218419.33,256550,115770336,7969481.5,39076667,0,0
POL,1950,0,0,0,0,0,0,0,0
POL,1960,0,0,0,0,0,0,0,0
POL,1970,0,0,0,100,0,0,0,0
POL,1980,0,105,0,2132.4,90,0,0,0
POL,1990,0,0,0,22570,0,0,0,0
POL,2000,0,0,0,1985,114.2,0,0,0
POL,2010,0,0,0,10070.3,758.1,0,0,0
POL,2020,0,0,0,130,11776666,0,0,0
PRT,1950,0,0,0,0,0,0,0,0
PRT,1960,0,108,0,110,0,0,0,0
PRT,1970,0,0,0,4522,0,0,0,0
PRT,1980,0,2190,0,290,0,0,5,0
PRT,1990,0,110,0,305,26,45051,0,0
PRT,2000,0,0,0,64.6,7,0,15013.6,0
PRT,2010,0,0,0,61.8,410.9,0,516.5,0
PRT,2020,0,0,0,0,0,0,62333332,0
PRI,1950,0,0,0,0,0,0,0,0
PRI,1960,0,0,0,0,0,0,0,0
PRI,1970,0,0,0,0,450,0,0,0
PRI,1980,0,0,0,0,200,0,0,0
PRI,1990,0,0,0,60,15531.5,0,0,0
PRI,2000,0,0,0,1188.5,360,0,0,0
PRI,2010,0,0,0,40,75227.1,0,0,0
PRI,2020,0,17426666,0,0,0,0,0,0
QAT,1950,0,0,0,0,0,0,0,0
QAT,1960,0,0,0,0,0,0,0,0
QAT,1970,0,0,0,0,0,0,0,0
QAT,1980,0,0,0,0,0,0,0,0
QAT,1990,0,0,0,0,0,0,0,0
QAT,2000,0,0,0,0,0,0,0,0
QAT,2010,0,0,0,150,0,0,0,0
QAT,2020,0,0,0,0,0,0,0,0
REU,1950,0,0,0,0,0,0,0,0
REU,1960,0,0,0,0,0,0,0,0
REU,1970,0,0,100,0,0,0,0,0
REU,1980,0,0,0,0,1726.1,0,0,0
REU,1990,0,0,0,0,0,0,0,0
REU,2000,0,0,0,0,379,0,0,0
REU,2010,0,0,0,0,46.5,0,0,0
REU,2020,0,0,0,0,43333335,0,0,0
ROU,1950,0,0,0,0,0,0,0,0
ROU,1960,0,0,0,0,0,0,0,0
ROU,1970,0,38630,0,123875.5,0,0,0,0
ROU,1980,0,0,0,200,0,0,0,0
ROU,1990,0,655,0,16335.3,566.6,33,0,190
ROU,2000,0,0,0,21208.1,279,0,0,82
ROU,2010,0,0,0,2302.4,45120,0,0,753.9
ROU,2020,0,0,0,42033334,0,0,0,0
RUS,1950,0,0,0,0,0,0,0,0
RUS,1960,0,0,0,0,0,0,0,0
RUS,1970,0,0,0,0,0,0,0,0
RUS,1980,0,0,0,0,0,0,0,0
RUS,1990,0,1435.2,0,123818.6,278.2,205,10128.3,72587.7
RUS,2000,100000,4583.8,0,87430.4,1849.2,50.8,112,3171.6
RUS,2010,0,0,0,26371.6,45067,0,1377.1,160.5
RUS,2020,0,0,0,9796,100,1001,774,0
RWA,1950,0,0,0,0,0,0,0,0
RWA,1960,0,0,0,0,0,0,0,0
RWA,1970,170000,0,0,190000,0,0,0,0
RWA,1980,48000,0,0,2167.8,0,0,0,0
RWA,1990,97654.5,0,0,0,0,0,0,0
RWA,2000,100000,228.6,0,4586.2,0,200,0,0
RWA,2010,0,0,0,5056.8,655.3,3597.9,0,0
RWA,2020,0,0,4455,10085,0,0,0,0
BLM,1950,0,0,0,0,0,0,0,0
BLM,1960,0,0,0,0,0,0,0,0
BLM,1970,0,0,0,0,0,0,0,0
BLM,1980,0,0,0,0,0,0,0,0
BLM,1990,0,0,0,0,0,0,0,0
BLM,2000,0,0,0,0,0,0,0,0
BLM,2010,0,0,0,0,0,0,0,0
BLM,2020,0,0,0,0,0,0,0,0
SHN,1950,0,0,0,0,0,0,0,0
SHN,1960,0,0,0,0,0,0,0,0
SHN,1970,0,0,0,0,0,0,0,0
SHN,1980,0,0,0,0,0,0,0,0
SHN,1990,0,0,0,0,0,0,0,0
SHN,2000,0,0,0,0,30,0,0,0
SHN,2010,0,0,0,0,0,0,0,0
SHN,2020,0,0,0,0,0,0,0,0
KNA,1950,0,0,0,0,0,0,0,0
KNA,1960,0,0,0,0,0,0,0,0
KNA,1970,0,0,0,0,0,0,0,0
KNA,1980,0,0,0,0,130,0,0,0
KNA,1990,0,0,0,0,1298,0,0,0
KNA,2000,0,0,0,0,0,0,0,0
KNA,2010,0,0,0,0,50,0,0,0
KNA,2020,0,0,0,0,0,0,0,0
LCA,1950,0,0,0,0,0,0,0,0
LCA,1960,0,0,0,0,0,0,0,0
LCA,1970,0,0,0,0,0,0,0,0
LCA,1980,0,0,0,0,8300,0,0,0
LCA,1990,0,0,0,0,95,45063,0,0
LCA,2000,0,0,0,0,0,0,0,0
LCA,2010,0,0,0,2198.4,20600,0,0,0
LCA,2020,0,0,0,0,0,0,0,0
MAF,1950,0,0,0,0,0,0,0,0
MAF,1960,0,0,0,0,0,0,0,0
MAF,1970,0,0,0,0,0,0,0,0
MAF,1980,0,0,0,0,0,0,0,0
MAF,1990,0,0,0,0,0,0,0,0
MAF,2000,0,0,0,0,0,0,0,0
MAF,2010,0,0,0,0,11,0,0,0
MAF,2020,0,0,0,0,0,0,0,0
VCT,1950,0,0,0,0,0,0,0,0
VCT,1960,0,0,0,0,0,0,0,0
VCT,1970,0,0,2200,0,0,0,0,0
VCT,1980,0,0,0,115.2,2070.8,0,0,0
VCT,1990,0,0,0,20,10,0,0,0
VCT,2000,0,0,0,0,153.4,0,0,0
VCT,2010,0,0,0,4269.7,610,0,0,0
VCT,2020,0,0,44333335,0,43,0,0,0
WSM,1950,0,0,0,0,0,0,0,0
WSM,1960,0,0,0,0,9500.4,0,0,0
WSM,1970,0,0,0,0,0,0,0,0
WSM,1980,0,0,0,0,100,0,100,0
WSM,1990,0,0,0,0,28300,0,0,0
WSM,2000,0,558.4,0,0,0,0,0,0
WSM,2010,0,0,0,0,1270.3,0,0,0
WSM,2020,0,0,0,0,0,0,0,0
STP,1950,0,0,0,0,0,0,0,0
STP,1960,0,0,0,0,0,0,0,0
STP,1970,0,0,0,0,0,0,0,0
STP,1980,9300,0,0,0,0,0,0,0
STP,1990,0,0,0,0,0,0,0,0
STP,2000,0,0,0,0,0,0,0,0
STP,2010,0,0,0,0,0,0,0,0
STP,2020,0,0,0,73222664,0,0,0,0
SAU,1950,0,0,0,0,0,0,0,0
SAU,1960,0,0,0,100,0,0,0,0
SAU,1970,0,0,0,0,0,0,0,0
SAU,1980,0,0,0,500,0,0,0,0
SAU,1990,0,0,0,0,0,0,0,0
SAU,2000,0,0,0,2354.7,0,0,0,0
SAU,2010,0,0,0,392,44969,0,0,0
SAU,2020,0,0,0,200,0,0,0,0
SEN,1950,0,0,0,0,0,0,0,0
SEN,1960,140000,0,0,200,0,0,0,0
SEN,1970,466500,0,0,0,0,0,0,0
SEN,1980,120000,0,0,1800,0,0,0,0
SEN,1990,0,0,0,32250,9585.3,0,0,0
SEN,2000,28400,0,0,52966.9,100,0,0,0
SEN,2010,180970.2,0,0,34765.6,0,0,0,0
SEN,2020,0,0,0,12336667,0,0,0,0
SRB,1950,0,0,0,0,0,0,0,0
SRB,1960,0,0,0,0,0,0,0,0
SRB,1970,0,0,0,0,0,0,0,0
SRB,1980,0,0,0,0,0,0,0,0
SRB,1990,0,0,0,0,0,0,0,0
SRB,2000,0,0,0,1558,0,0,0,50
SRB,2010,0,2703,0,8803.6,0,0,0,9123.4
SRB,2020,0,0,0,7073333,0,0,0,0
SYC,1950,0,0,0,0,0,0,0,0
SYC,1960,0,0,0,0,0,0,0,0
SYC,1970,0,0,0,0,0,0,0,0
SYC,1980,0,0,0,0,0,0,0,0
SYC,1990,0,0,0,123.7,0,0,0,0
SYC,2000,0,483,0,0,680,0,0,0
SYC,2010,0,0,0,443.5,300,0,0,0
SYC,2020,0,0,0,0,0,0,0,0
SLE,1950,0,0,0,0,0,0,0,0
SLE,1960,0,0,0,0,0,0,0,0
SLE,1970,0,0,0,0,1000,0,0,0
SLE,1980,0,0,0,0,0,0,0,0
SLE,1990,0,0,0,20000,0.3,0,0,0
SLE,2000,0,0,0,2097,0,0,0,0
SLE,2010,0,0,0,3491.8,0,1192.1,225.7,0
SLE,2020,0,0,0,43273335,0,0,0,0
SXM,1950,0,0,0,0,0,0,0,0
SXM,1960,0,0,0,0,0,0,0,0
SXM,1970,0,0,0,0,0,0,0,0
SXM,1980,0,0,0,0,0,0,0,0
SXM,1990,0,0,0,0,0,0,0,0
SXM,2000,0,0,0,0,0,0,0,0
SXM,2010,0,0,0,0,504,0,0,0
SXM,2020,0,0,0,0,0,0,0,0
SVK,1950,0,0,0,0,0,0,0,0
SVK,1960,0,0,0,0,0,0,0,0
SVK,1970,0,0,0,0,0,0,0,0
SVK,1980,0,0,0,0,0,0,0,0
SVK,1990,0,0,0,4781.5,0,0,0,0
SVK,2000,0,0,0,33,1032.4,0,0,45177
SVK,2010,0,0,0,85,0,0,0,0
SVK,2020,0,0,0,83333336,0,0,0,0
SVN,1950,0,0,0,0,0,0,0,0
SVN,1960,0,0,0,0,0,0,0,0
SVN,1970,0,0,0,0,0,0,0,0
SVN,1980,0,0,0,0,0,0,0,0
SVN,1990,0,70,0,0,0,0,0,0
SVN,2000,0,60.5,0,0,105,0,0,0
SVN,2010,0,0,0,1455,0,0,0,5000
SVN,2020,0,0,0,500,0,0,0,0
SLB,1950,0,0,0,0,0,0,0,0
SLB,1960,0,0,0,0,120,0,0,0
SLB,1970,0,100.1,600,0,600,0,0,0
SLB,1980,0,50,0,0,18065,0,0,0
SLB,1990,38,0,0,0,8850,0,0,0
SLB,2000,0,238.4,0,700,153.5,0,0,0
SLB,2010,0,1422.5,0,8308,4608.6,0,0,0
SLB,2020,0,0,0,0,50000,0,0,0
SOM,1950,0,0,0,0,0,0,0,0
SOM,1960,70000,0,0,0,0,0,0,0
SOM,1970,23000,0,0,4000,0,0,0,0
SOM,1980,55350,0,0,11000,0,0,0,0
SOM,1990,120000,0,0,124060,0,0,0,0
SOM,2000,350000,10508.3,0,93958.2,0,0,0,0
SOM,2010,1573562.4,0,0,236249.6,40438,0,0,0
SOM,2020,2366666.8,0,0,531812,40000,0,0,0
ZAF,1950,0,0,0,0,0,0,0,0
ZAF,1960,500,100,0,0,0,0,0,0
ZAF,1970,0,0,0,100,0,0,0,0
ZAF,1980,217000,0,0,6518.5,50020,0,0,0
ZAF,1990,30000,44962,0,4063.7,2094,0,300.5,0
ZAF,2000,1500000,45143,0,13332.8,10633.2,0,437.5,0
ZAF,2010,345000,200.2,0,34470.6,2399.9,0,550,2
ZAF,2020,4000000,0,0,47906332,40823333,0,0,0
KOR,1950,0,0,0,0,0,0,0,0
KOR,1960,280000,0,0,76975.1,20684.5,0,0,0
KOR,1970,0,0,0,121333.9,4155,0,0,0
KOR,1980,0,0,0,50517.1,17722.2,400,0,0
KOR,1990,0,0,0,40276.2,3995.4,168.8,0,0
KOR,2000,0,0,0,34194,17426,0,515,0
KOR,2010,0,3488.9,0,2900,13107.3,202.6,303.5,0
KOR,2020,0,0,0,8806,13336667,0,360,118333336
SSD,1950,0,0,0,0,0,0,0,0
SSD,1960,0,0,0,0,0,0,0,0
SSD,1970,0,0,0,0,0,0,0,0
SSD,1980,0,0,0,0,0,0,0,0
SSD,1990,0,0,0,0,0,0,0,0
SSD,2000,430000,0,0,9279.1,0,0,0,0
SSD,2010,360000,0,0,198480,0,0,44958,0
SSD,2020,6000,0,0,959000,0,0,0,0
ESP,1950,0,7,0,0,0,0,0,0
ESP,1960,0,0,0,0,0,0,0,0
ESP,1970,0,0,0,5,0,0,0,0
ESP,1980,0,0,0,73620,6006,0,30,0
ESP,1990,600000,2,0,440,35,45181,1712,7
ESP,2000,0,0,0,681,0.2,0,170.6,44996
ESP,2010,0,1530,0,746.8,32,0,150.6,0
ESP,2020,0,0,2296,83333336,6666667,0,11666666,0
LKA,1950,0,0,0,0,25000,0,0,0
LKA,1960,0,0,0,139934.7,38000,0,0,0
LKA,1970,25000,0,0,200,100500,0,0,0
LKA,1980,500600,0,0,254048.5,800,0,0,0
LKA,1990,0,0,0,332573.6,0,13,0,0
LKA,2000,100000,101930.6,0,383606.7,42500,0,0,0
LKA,2010,472209.1,0,0,584752.6,27145.7,179.7,0,0
LKA,2020,0,0,0,184547.67,81056665,0,0,0
SDN,1950,0,0,0,0,0,0,0,0
SDN,1960,0,0,0,0,0,0,0,0
SDN,1970,0,0,0,24500,0,0,0,0
SDN,1980,1185000,0,0,263200,0,0,0,0
SDN,1990,1136000,801.5,0,150920.6,0,0,0,0
SDN,2000,0,0,0,152662.6,0,0,0,0
SDN,2010,400000,0,0,166345.9,3,0,0,0
SDN,2020,0,0,0,509060,53333335,0,0,0
SUR,1950,0,0,0,0,0,0,0,0
SUR,1960,0,0,0,460,0,0,0,0
SUR,1970,0,0,0,0,0,0,0,0
SUR,1980,0,0,0,0,0,0,0,0
SUR,1990,0,0,0,0,0,0,0,0
SUR,2000,0,0,0,3154.8,0,0,0,0
SUR,2010,0,0,0,0,0,0,0,0
SUR,2020,0,0,0,63666665,0,0,0,0
SWE,1950,0,0,0,0,0,0,0,0
SWE,1960,0,0,0,0,0,0,0,0
SWE,1970,0,0,0,0,0,5,0,0
SWE,1980,0,0,0,0,0,0,0,0
SWE,1990,0,0,0,0,0,0,0,0
SWE,2000,0,0,0,0,0,0,0,0
SWE,2010,0,0,0,0,0,0,0,0
SWE,2020,0,0,0,4500,0,0,0,0
CHE,1950,0,0,0,0,0,0,0,0
CHE,1960,0,0,0,0,0,44959,0,0
CHE,1970,0,0,0,0,0,45142,0,0
CHE,1980,0,0,0,0,14,200,0,0
CHE,1990,0,0,0,0,0,0,0,0
CHE,2000,0,0,0,560.1,0.9,178.1,0,0
CHE,2010,0,0,0,0,44995,0,0,0
CHE,2020,0,0,0,0,6,0,0,0
SYR,1950,0,0,0,0,0,0,0,0
SYR,1960,0,0,0,4000,0,0,0,0
SYR,1970,0,0,0,20500,0,0,0,0
SYR,1980,0,0,0,0,0,0,0,0
SYR,1990,32900,0,0,0,0,0,0,0
SYR,2000,130000,0,0,0,35.2,44987,0,0
SYR,2010,0,0,0,23500,350,0,0,0
SYR,2020,1833333.4,0,0,47334332,120900,0,46693,0
TWN,1950,0,1280.9,0,0,0,0,0,0
TWN,1960,0,6250.3,0,0,4576.2,0,0,0
TWN,1970,0,0,0,2600,1152.8,0,0,0
TWN,1980,0,45081,0,45047,220,45029,0,0
TWN,1990,0,10891.8,0,30,42067,0,0,0
TWN,2000,0,54.2,0,300,297624.3,0,0,0
TWN,2010,0,252.2,0,3907.4,764.7,0,0,0
TWN,2020,0,46666668,0,0,33666668,0,0,0
TJK,1950,0,0,0,0,0,0,0,0
TJK,1960,0,0,0,0,0,0,0,0
TJK,1970,0,0,0,0,0,0,0,0
TJK,1980,0,0,0,0,0,0,0,0
TJK,1990,0,0,0,30111.3,150,7535.7,0,0
TJK,2000,380000,3016,0,44561.7,83,2202.7,0,200000
TJK,2010,0,1850.2,0,6625.8,0,0,0,250
TJK,2020,0,33333332,0,9233333,0,0,0,0
TZA,1950,0,0,0,0,0,0,0,0
TZA,1960,5348.3,50,0,7090,0,0,0,0
TZA,1970,2000,0,0,16700,0,0,0,0
TZA,1980,201000,0,0,19355.6,0,0,0,0
TZA,1990,380000,0,0,40827.3,250,0,0,0
TZA,2000,585400,849.1,0,9675,128.2,15,0,0
TZA,2010,100000,13960.1,0,27212.4,200511.2,0,0,0
TZA,2020,165666.67,0,0,22860334,10000333,0,0,0
THA,1950,0,0,0,0,0,0,0,0
THA,1960,0,0,0,20520,0,0,0,0
THA,1970,0,0,0,502849.3,0,0,0,0
THA,1980,0,0,0,356643.1,24200,0,0,0
THA,1990,850000,0,0,1064192.2,290338,1000,0,0
THA,2000,1500000,6700.7,0,1302643.5,9012.3,3311,0,0
THA,2010,1848260.2,1753.9,0,2782619,175144.5,0,0,100000
THA,2020,0,0,0,859682.3,109125664,0,0,0
TLS,1950,0,0,0,0,0,0,0,0
TLS,1960,0,0,0,0,0,0,0,0
TLS,1970,0,0,0,0,0,0,0,0
TLS,1980,0,0,0,0,0,0,0,0
TLS,1990,0,0,0,0,0,0,0,0
TLS,2000,0,0,0,450.5,873,0,0,0
TLS,2010,12000,200.3,0,0,0,0,0,0
TLS,2020,0,0,0,30436667,47890,0,0,0
TGO,1950,0,0,0,0,0,0,0,0
TGO,1960,0,0,0,0,45047,0,0,0
TGO,1970,15000,0,0,0,0,0,0,0
TGO,1980,40000,0,0,0,0,0,0,0
TGO,1990,0,0,0,29190.5,0,0,0,0
TGO,2000,0,0,0,18814.5,0,0,0,0
TGO,2010,0,0,0,12761,0,0,0,0
TGO,2020,0,0,0,19000,0,0,0,0
TKL,1950,0,0,0,0,0,0,0,0
TKL,1960,0,0,0,0,0,0,0,0
TKL,1970,0,0,0,0,0,0,0,0
TKL,1980,0,0,0,0,173,0,0,0
TKL,1990,0,0,0,0,44967,0,0,0
TKL,2000,0,0,0,0,45079,0,0,0
TKL,2010,0,0,0,0,0,0,0,0
TKL,2020,0,0,0,0,0,0,0,0
TON,1950,0,0,0,0,0,0,0,0
TON,1960,0,0,0,0,800,0,0,0
TON,1970,0,550.5,0,0,1090.5,0,0,0
TON,1980,0,0,0,0,14651.4,0,0,0
TON,1990,0,0,0,0,967.4,0,0,0
TON,2000,0,50.7,0,0,1650,0,0,0
TON,2010,0,0,0,0,9140.6,0,0,0
TON,2020,0,0,28058666,0,8333333,0,0,0
TTO,1950,0,0,0,0,0,0,0,0
TTO,1960,0,0,0,0,0,0,0,0
TTO,1970,0,0,0,0,5000,0,0,0
TTO,1980,0,0,0,0,0,0,0,0
TTO,1990,0,45108,20,21,100,0,0,0
TTO,2000,0,0,0,0,56,120,0,0
TTO,2010,0,0,0,15000,0,0,0,0
TTO,2020,0,0,0,0,0,0,0,0
TUN,1950,0,0,0,0,0,0,0,0
TUN,1960,0,0,0,29226.9,0,0,0,0
TUN,1970,3140,0,0,4499,0,0,0,0
TUN,1980,0,0,0,3250,0,0,0,0
TUN,1990,0,0,0,15200,0,0,0,0
TUN,2000,0,0,0,3350.8,0,0,0,0
TUN,2010,0,0,0,3000,0,0,200,0
TUN,2020,0,0,0,14666667,0,0,33333334,0
TUR,1950,0,5051.9,0,0,0,0,0,0
TUR,1960,0,46924.3,0,300,1200,0,0,0
TUR,1970,0,45497.9,0,0,0,0,0,0
TUR,1980,0,160589.2,0,6170,0,62,0,0
TUR,1990,0,371119.4,0,155286.5,0.3,1204.6,50,800
TUR,2000,0,60791,0,16095.2,163.6,61.5,65,45
TUR,2010,0,4890.1,0,2179.3,27,45107,0,0
TUR,2020,0,28868,0,2739,100,28,187029.33,0
TKM,1950,0,0,0,0,0,0,0,0
TKM,1960,0,0,0,0,0,0,0,0
TKM,1970,0,0,0,0,0,0,0,0
TKM,1980,0,0,0,0,0,0,0,0
TKM,1990,0,0,0,42,0,0,0,0
TKM,2000,0,0,0,0,0,0,0,0
TKM,2010,0,0,0,0,0,0,0,0
TKM,2020,0,0,0,0,0,0,0,0
TCA,1950,0,0,0,0,0,0,0,0
TCA,1960,0,0,0,0,0,0,0,0
TCA,1970,0,0,0,0,0,0,0,0
TCA,1980,0,0,0,0,77,0,0,0
TCA,1990,0,0,0,0,0,0,0,0
TCA,2000,0,0,0,0,170,0,0,0
TCA,2010,0,0,0,0,0,0,0,0
TCA,2020,0,0,0,0,0,0,0,0
TUV,1950,0,0,0,0,0,0,0,0
TUV,1960,0,0,0,0,0,0,0,0
TUV,1970,0,0,0,0,70,0,0,0
TUV,1980,0,0,0,0,0,0,0,0
TUV,1990,0,0,0,0,85,0,0,0
TUV,2000,0,0,0,0,0,0,0,0
TUV,2010,0,0,0,0,461.3,0,0,0
TUV,2020,34013333,0,0,0,18333334,0,0,0
UGA,1950,0,0,0,0,0,0,0,0
UGA,1960,2500,551,0,0,0,0,0,0
UGA,1970,50000,0,0,0,0,0,0,0
UGA,1980,60000,200,0,0,0,0,0,0
UGA,1990,82600,5000,0,16870,0,0,0,0
UGA,2000,235500,0,0,79062.5,1010.5,336.6,0,0
UGA,2010,66900,59,0,19213.4,45111,14818,0,0
UGA,2020,172666.67,0,0,90474336,2900,39866666,0,0
UKR,1950,0,0,0,0,0,0,0,0
UKR,1960,0,0,0,0,0,0,0,0
UKR,1970,0,0,0,0,0,0,0,0
UKR,1980,0,0,0,0,0,0,0,0
UKR,1990,0,0,0,205957,100,0,0,0
UKR,2000,0,0,0,53866.5,5566.2,0,0,5960
UKR,2010,0,0,0,4251.9,60,0,0,8802.6
UKR,2020,0,0,0,18333334,5666667,0,656,0
ARE,1950,0,0,0,0,0,0,0,0
ARE,1960,0,0,0,0,0,0,0,0
ARE,1970,0,0,0,0,0,0,0,0
ARE,1980,0,0,0,0,0,0,0,0
ARE,1990,0,0,0,0,0,0,0,0
ARE,2000,0,0,0,0,0,0,0,0
ARE,2010,0,0,0,45156,0,0,0,0
ARE,2020,0,0,0,0,0,0,0,0
GBR,1950,0,0,0,0,0,0,0,0
GBR,1960,0,0,0,0,70,0,0,0
GBR,1970,0,0,0,0,0,0,0,0
GBR,1980,0,0,0,0,44958,0,0,0
GBR,1990,0,0,0,193,26520,0,0,0
GBR,2000,0,450.1,0,38083.8,2328.4,0,0,45111
GBR,2010,0,0,0,5309.5,3780.4,0,0,0
GBR,2020,0,0,0,160,0,0,0,0
USA,1950,0,47,0,0,0,0,0,0
USA,1960,0,0,0,0,145.8,0,0,0
USA,1970,0,357.1,0,570,260.6,0,0,0
USA,1980,0,809.8,250,13005,112160.7,0,0,0
USA,1990,0,3090.1,0,64820.9,363874.7,45058,4614.2,0
USA,2000,0,3136.6,0,1132547.2,869280.3,45047,79455.6,44929
USA,2010,0,415,250,31234.1,8805361,151.6,30038.1,0
USA,2020,0,0,0,5317,15247667,0,34713333,0
VIR,1950,0,0,0,0,0,0,0,0
VIR,1960,0,0,0,0,0,0,0,0
VIR,1970,0,0,0,0,0,0,0,0
VIR,1980,0,0,0,0,1000,0,0,0
VIR,1990,0,0,0,0,1000,0,0,0
VIR,2000,0,0,0,0,0,0,0,0
VIR,2010,0,0,0,0,0,0,0,0
VIR,2020,0,0,0,0,0,0,0,0
URY,1950,0,0,0,0,0,0,0,0
URY,1960,0,0,0,3806.3,0,0,0,0
URY,1970,0,0,0,0,0,0,0,0
URY,1980,0,0,0,1850,0,0,0,0
URY,1990,0,0,0,1550,350,0,0,0
URY,2000,0,0,0,13670,161.2,0,0,240
URY,2010,1113.5,0,0,6567.3,0,0,0,0
URY,2020,0,0,0,120,120,0,0,0
UZB,1950,0,0,0,0,0,0,0,0
UZB,1960,0,0,0,0,0,0,0,0
UZB,1970,0,0,0,0,0,0,0,0
UZB,1980,0,0,0,0,0,0,0,0
UZB,1990,0,5000,0,0,0,0,0,0
UZB,2000,60000,0,0,150,0,0,0,0
UZB,2010,0,0,0,0,0,0,0,0
UZB,2020,0,0,0,23408334,0,2,0,0
VUT,1950,0,0,0,0,0,0,0,0
VUT,1960,0,0,0,0,0,0,0,0
VUT,1970,0,0,0,0,0,0,0,0
VUT,1980,0,0,0,0,17220,300,0,0
VUT,1990,0,1410.2,0,0,1556.5,0,0,0
VUT,2000,0,100.3,1890,395.1,5480.8,0,0,0
VUT,2010,0,0,2458.6,0,24257,0,0,0
VUT,2020,0,0,11276666,0,43373332,0,0,0
VEN,1950,0,0,0,0,0,0,0,0
VEN,1960,0,8153.6,0,2300,0,0,0,0
VEN,1970,0,0,0,0,0,0,0,0
VEN,1980,0,318.6,0,2050.9,0,2100,0,0
VEN,1990,0,418.3,0,61300.3,590,51.8,0,0
VEN,2000,0,0,0,13446.2,173,0,0,0
VEN,2010,0,0,0,16746.5,0,0,0,0
VEN,2020,0,0,0,498825.66,10000,21700334,0,0
VNM,1950,0,0,0,0,0,0,0,0
VNM,1960,0,0,0,19590.2,70000,0,0,0
VNM,1970,0,0,0,428300,20100,0,0,0
VNM,1980,0,0,0,346600,3041297,0,0,0
VNM,1990,440000,0,0,740329.8,540538.4,3903.4,0,0
VNM,2000,171000,0,0,1099630.4,820738.5,4,0,0
VNM,2010,243555.8,0,0,681658.4,860181.4,0,0,0
VNM,2020,0,0,0,109728,923966.3,0,0,0
WLF,1950,0,0,0,0,0,0,0,0
WLF,1960,0,0,0,0,0,0,0,0
WLF,1970,0,0,0,0,0,0,0,0
WLF,1980,0,0,0,0,450,0,0,0
WLF,1990,0,2,0,0,0,0,0,0
WLF,2000,0,0,0,0,0,0,0,0
WLF,2010,0,0,0,0,125.2,0,0,0
WLF,2020,0,0,0,0,0,0,0,0
YEM,1950,0,0,0,0,0,0,0,0
YEM,1960,0,0,0,0,0,0,0,0
YEM,1970,0,0,0,0,0,0,0,0
YEM,1980,0,0,0,0,0,0,0,0
YEM,1990,0,4003.9,0,31770,0,0,0,0
YEM,2000,0,0,45047,3142.3,0,44927,0,0
YEM,2010,0,0,0,16035.2,14093.9,2,0,0
YEM,2020,0,0,0,210046,0,0,0,0
ZMB,1950,0,0,0,0,0,0,0,0
ZMB,1960,0,0,0,0,0,0,0,0
ZMB,1970,0,0,0,3090,0,0,0,0
ZMB,1980,0,0,0,80000,0,0,0,0
ZMB,1990,297320.4,0,0,130000,0,0,0,0
ZMB,2000,120000,0,0,302463.3,0,0,0,0
ZMB,2010,143000,0,0,2437.5,0,15,0,0
ZMB,2020,526666.7,0,0,240257.33,0,0,0,0
ZWE,1950,0,0,0,0,0,0,0,0
ZWE,1960,0,0,0,0,0,0,0,0
ZWE,1970,0,0,0,0,0,0,0,0
ZWE,1980,0,0,0,0,0,0,0,0
ZWE,1990,505500,0,0,0,0,0,0,0
ZWE,2000,810000,0,0,33100,0,0,0,0
ZWE,2010,1286761.8,0,0,1302.2,38568.4,0,0,0
ZWE,2020,55833332,0,0,0,1800,0,0,0
