iso_code,year,nodf_drought,nodf_earthquakes,nodf_volcanic_activity,nodf_floods,nodf_storms,nodf_landslides,nodf_wildfires,nodf_extreme_temperatures
AFG,1950,0,210,0,44931,0,0,0,0
AFG,1960,0,0,0,45117,0,0,0,0
AFG,1970,0,44932,0,32.1,0,10,0,0
AFG,1980,0,51.3,0,0,0,7,0,0
AFG,1990,0,742.6,0,199,1,73.9,0,45038
AFG,2000,45110,123.6,0,116.3,33.1,44989,0,166.5
AFG,2010,0,45128,0,137,44941,83.8,0,45050
AFG,2020,0,354.67,0,310.67,12145,20.33,0,0
ALB,1950,0,0,0,0,0,0,0,0
ALB,1960,0,45079,0,0,0,0,0,0
ALB,1970,0,45049,0,0,0,0,0,0
ALB,1980,0,0.1,0,0,0,45112,0,45144
ALB,1990,0,0,0,45047,0,0,0,0
ALB,2000,0,0,0,0.4,0.8,0,0,0.3
ALB,2010,0,44931,0,0.4,0,0,0,44927
ALB,2020,0,0,0,0,0,0,0,0
DZA,1950,0,125,0,45048,0,0,0,0
DZA,1960,0,45175,0,45000,0,0,0,0
DZA,1970,0,0,0,44960,0,0,0,0
DZA,1980,0,268.6,0,16,0,0,0,0
DZA,1990,0,45004,0,44995,0,45047,44959,0
DZA,2000,0,227.9,0,131.2,45109,0,0.8,4
DZA,2010,0,0.6,0,45116,0,0,0,0.8
DZA,2020,0,0,0,12145,0,0,44.67,0
ASM,1950,0,0,0,0,0,0,0,0
ASM,1960,0,0,0,0,9,0,0,0
ASM,1970,0,0,0,0,0,0,0,0
ASM,1980,0,0,0,0,0,0,0,0
ASM,1990,0,0,0,0,0,0,0,0
ASM,2000,0,45019,0,0.6,0,0,0,0
ASM,2010,0,0,0,0,0,0,0,0
ASM,2020,0,0,0,0,0,0,0,0
AGO,1950,0,0,0,0,0,0,0,0
AGO,1960,0,0,0,0,0,0,0,0
AGO,1970,0,0,0,0,0,0,0,0
AGO,1980,0,0,0,0,0,0,0,0
AGO,1990,0,0,0,0,0,0,0,0
AGO,2000,45143,0,0,32.8,0,44986,0,0
AGO,2010,0,0,0,44.2,0,0,0,0
AGO,2020,0,0,0,18.33,0,0,0,0
AIA,1950,0,0,0,0,0,0,0,0
AIA,1960,0,0,0,0,0.5,0,0,0
AIA,1970,0,0,0,0,0,0,0,0
AIA,1980,0,0,0,0,0,0,0,0
AIA,1990,0,0,0,0,0,0,0,0
AIA,2000,0,0,0,0,0,0,0,0
AIA,2010,0,0,0,0,0.4,0,0,0
AIA,2020,0,0,0,0,0,0,0,0
ATG,1950,0,0,0,0,0.2,0,0,0
ATG,1960,0,0,0,0,0.2,0,0,0
ATG,1970,0,0,0,0,0,0,0,0
ATG,1980,0,0,0,0,0.2,0,0,0
ATG,1990,0,0,0,0,0.6,0,0,0
ATG,2000,0,0,0,0,0,0,0,0
ATG,2010,0,0,0,0,0.1,0,0,0
ATG,2020,0,0,0,0,0,0,0,0
ARG,1950,0,0,0,36,0,0,0,0
ARG,1960,0,0,0,45149,0,45050,0,0
ARG,1970,0,7,0,45080,45064,0,0,10
ARG,1980,0,0.6,0,45087,0.2,3,0,0
ARG,1990,0,0,0,45054,44928,0,45018,0
ARG,2000,0,0,0,45175,45112,0.4,0.8,44989
ARG,2010,0.8,0,0,45176,44988,45018,0,44961
ARG,2020,0,0,0,1,0,0,5,0
ARM,1950,0,0,0,0,0,0,0,0
ARM,1960,0,0,0,0,0,0,0,0
ARM,1970,0,0,0,0,0,0,0,0
ARM,1980,0,0,0,0,0,0,0,0
ARM,1990,0,0,0,0.4,0,0,0,0
ARM,2000,0,0,0,0.1,0,0,0,0
ARM,2010,0,0,0,0,0,0,0,0
ARM,2020,0,0,0,0,0,0,0,0
AUS,1950,0,0,0,7,0,0,0,0
AUS,1960,60,0,0,0,0,0,45023,0
AUS,1970,0,0,0,6,44968,0,0.3,0
AUS,1980,0,44958,0,44933,45142,0,45085,0
AUS,1990,0,0,0,45141,44931,45140,0.7,44987
AUS,2000,0,0,0,45019,44958,0,44977,34.7
AUS,2010,0,0,0,45173,44988,0,44930,45182
AUS,2020,0,0,0,24807,0.33,0,0,0
AUT,1950,0,0,0,0,0,45161,0,0
AUT,1960,0,0,0,0,0,0,0,0
AUT,1970,0,0,0,0,0,45047,0,0
AUT,1980,0,0,0,44958,44958,44961,0,0
AUT,1990,0,0,0,44986,0.3,5,0,0
AUT,2000,0,0,0,45017,0.7,44986,0,35.2
AUT,2010,0,0,0,0.4,45078,0,0,0.6
AUT,2020,0,0,0,0.33,0,0,0,0
AZE,1950,0,0,0,0,0,0,0,0
AZE,1960,0,0,0,0,0,0,0,0
AZE,1970,0,0,0,0,0,0,0,0
AZE,1980,0,0,0,0,0,0,0,0
AZE,1990,0,0.2,0,45078,0,0,0,0
AZE,2000,0,44929,0,0,0,44927,0,0
AZE,2010,0,0,0,0.3,0,0,0,0.5
AZE,2020,0,0,0,0,0,0,0,0
BHS,1950,0,0,0,0,0,0,0,0
BHS,1960,0,0,0,0,0.5,0,0,0
BHS,1970,0,0,0,0,0,0,0,0
BHS,1980,0,0,0,0,0,0,0,0
BHS,1990,0,0,0,0,0.5,0,0,0
BHS,2000,0,0,0,0,45017,0,0,0
BHS,2010,0,0,0,0,39,0,0,0
BHS,2020,0,0,0,0,0,0,0,0
BGD,1950,0,0,0,0,70,0,0,0
BGD,1960,0,0,0,1029,9262.3,0,0,0
BGD,1970,45139,0,0,2937.5,30714.4,0,0,0
BGD,1980,0,0.3,0,706.4,1897.7,0,0,17
BGD,1990,0,45171,0,294.4,14259.4,0,0,80.1
BGD,2000,0,0.4,0,240.4,558.8,44986,0,133.5
BGD,2010,0,0.9,0,65.3,59.2,44982,0,45159
BGD,2020,0,0,0,120,21.33,0,0,0
BRB,1950,0,0,0,0,45112,0,0,0
BRB,1960,0,0,0,0,0,0,0,0
BRB,1970,0,0,0,0.3,0,0,0,0
BRB,1980,0,0,0,0,0,0,0,0
BRB,1990,0,0,0,0,0,0,0,0
BRB,2000,0,0,0,0,0.1,0,0,0
BRB,2010,0,0,0,0,0.1,0,0,0
BRB,2020,0,0,0,0,0,0,0,0
BLR,1950,0,0,0,0,0,0,0,0
BLR,1960,0,0,0,0,0,0,0,0
BLR,1970,0,0,0,0,0,0,0,0
BLR,1980,0,0,0,0,0,0,0,0
BLR,1990,0,0,0,0.2,0.5,0,0,0
BLR,2000,0,0,0,0,0,0,0,0.5
BLR,2010,0,0,0,0,0,0,0,45173
BLR,2020,0,0,0,0,0,0,0,0
BEL,1950,0,0,0,45047,0,0,0,0
BEL,1960,0,0,0,0,0,0,0,44958
BEL,1970,0,0,0,0,0,0,0,0
BEL,1980,0,0.2,0,0,0,0,0,0
BEL,1990,0,0,0,0.1,45018,0,0,0
BEL,2000,0,0,0,0.2,0.7,0,0,211.8
BEL,2010,0,0,0,0.4,0.8,0,0,112.9
BEL,2020,0,0,0,13,0.67,0,0,486.67
BLZ,1950,0,0,0,0,45078,0,0,0
BLZ,1960,0,0,0,0,45073,0,0,0
BLZ,1970,0,0,0,0,0.5,0,0,0
BLZ,1980,0,0,0,0,0,0,0,0
BLZ,1990,0,0,0,0,0.9,0,0,0
BLZ,2000,0,0,0,0.1,45021,0,0,0
BLZ,2010,0,0,0,0,0,0,0,0
BLZ,2020,0,0,0,0,0,0,0,0
BEN,1950,0,0,0,0,0,0,0,0
BEN,1960,0,0,0,0,0,0,0,0
BEN,1970,0,0,0,0,0,0,0.2,0
BEN,1980,0,0,0,44932,0,0,0,0
BEN,1990,0,0,0,45110,0,0,0,0
BEN,2000,0,0,0,45049,0,0,0,0
BEN,2010,0,0,0,5,0,0,0.1,0
BEN,2020,0,0,0,21,0,0,0,0
BMU,1950,0,0,0,0,0,0,0,0
BMU,1960,0,0,0,0,0,0,0,0
BMU,1970,0,0,0,0,0,0,0,0
BMU,1980,0,0,0,0,0,0,0,0
BMU,1990,0,0,0,0,0,0,0,0
BMU,2000,0,0,0,0,0.4,0,0,0
BMU,2010,0,0,0,0,0,0,0,0
BMU,2020,0,0,0,0,0,0,0,0
BTN,1950,0,0,0,0,0,0,0,0
BTN,1960,0,0,0,0,0,0,0,0
BTN,1970,0,0,0,0,0,0,0,0
BTN,1980,0,0,0,0,0,0,0,0
BTN,1990,0,0,0,44959,45108,0,0,0
BTN,2000,0,44927,0,20,44958,0,0,0
BTN,2010,0,0.1,0,0,0,0,0,0
BTN,2020,0,0,0,12114,0,0,0,0
BOL,1950,0,0,0,0,0,0,0,0
BOL,1960,0,0,0,45145,0,0,0,0
BOL,1970,0,0,0,44934,0,0,0,0
BOL,1980,0,0,0,45046,0,0,0,0
BOL,1990,0,10,0,6,0,45183,0.3,0
BOL,2000,0,0,0,36.1,2,45175,0,45047
BOL,2010,0,0,0,32.3,0,45088,0,44959
BOL,2020,0,0,0,45.33,0,0,24473,0
BIH,1950,0,0,0,0,0,0,0,0
BIH,1960,0,0,0,0,0,0,0,0
BIH,1970,0,0,0,0,0,0,0,0
BIH,1980,0,0,0,0,0,0,0,0
BIH,1990,0,0,0,0,0,0,0,0
BIH,2000,0,0,0,0,0.4,0.6,0,0.1
BIH,2010,0,0,0,3,0,0,0,0.6
BIH,2020,0,0.33,0,0,0,0,0,0
BWA,1950,0,0,0,0,0,0,0,0
BWA,1960,0,0,0,0,0,0,0,0
BWA,1970,0,0,0,0,0,0,0,0
BWA,1980,0,0,0,0.8,0,0,0,0
BWA,1990,0,0,0,2,0,0,0,0
BWA,2000,0,0,0,0.3,0,0,0,0
BWA,2010,0,0,0,44958,0,0,0,0
BWA,2020,0,0,0,0,0,0,0,0
BRA,1950,0,0,0,44978,45174,45083,0,0
BRA,1960,0,0,0,181.8,45080,78.6,0,44996
BRA,1970,0,0,0,114.2,1,44938,0,45089
BRA,1980,2,0.1,0,159.8,45088,44999,0,45114
BRA,1990,0,0,0,38.6,0.3,37.8,0.1,0
BRA,2000,0,0.1,0,86.6,45079,44948,0,0.7
BRA,2010,0,0,0,161.6,0.4,3,0,44960
BRA,2020,0,0,0,230.33,4,0,0,0
VGB,1950,0,0,0,0,0,0,0,0
VGB,1960,0,0,0,0,0,0,0,0
VGB,1970,0,0,0,0,0,0,0,0
VGB,1980,0,0,0,0,0,0,0,0
VGB,1990,0,0,0,0,0,0,0,0
VGB,2000,0,0,0,0,0,0,0,0
VGB,2010,0,0,0,0,0.9,0,0,0
VGB,2020,0,0,0,0,0,0,0,0
BRN,1950,0,0,0,0,0,0,0,0
BRN,1960,0,0,0,0,0,0,0,0
BRN,1970,0,0,0,0,0,0,0,0
BRN,1980,0,0,0,0,0,0,0,0
BRN,1990,0,0,0,0,0,0,0,0
BRN,2000,0,0,0,0,0,0,0,0
BRN,2010,0,0,0,0,0,0,0,0
BRN,2020,0,0,0,0,0,0,0,0
BGR,1950,0,0,0,0,0,0,0,0
BGR,1960,0,0,0,0,0,44927,0,0
BGR,1970,0,2,0,0,0,0,0,0
BGR,1980,0,0.3,0,0,0,0,0,0
BGR,1990,0,0.1,0,0,0,0,0,0.3
BGR,2000,0,0,0,44962,0.2,0,1,45110
BGR,2010,0,0,0,3,0.1,0,0,45080
BGR,2020,0,0,0,0,0,0,0,0
BFA,1950,0,0,0,0,0,0,0,0
BFA,1960,0,0,0,0,0,0,0,0
BFA,1970,0,0,0,0,0,0,0,0
BFA,1980,0,0,0,45078,0,0,0,0
BFA,1990,0,0,0,45140,0,0,0,0
BFA,2000,0,0,0,45113,0,0,0,0
BFA,2010,0,0,0,44932,0,0,0,0
BFA,2020,0,0,0,12145,0,0,0,0
BDI,1950,0,0,0,0,0,0,0,0
BDI,1960,0,0,0,0,0,0,0,0
BDI,1970,0,0,0,0,0,0,0,0
BDI,1980,0,0,0,44958,0,0,0,0
BDI,1990,0.6,0,0,0,0,0,0,0
BDI,2000,12,0.3,0,45080,0,0,0,0
BDI,2010,0,0,0,44974,44928,45021,0,0
BDI,2020,0,0,0,1,0.67,0,0,0
KHM,1950,0,0,0,0,0,0,0,0
KHM,1960,0,0,0,0,0,0,0,0
KHM,1970,0,0,0,0,0,0,0,0
KHM,1980,0,0,0,0,0,0,0,0
KHM,1990,0,0,0,67.2,45048,0,0,0
KHM,2000,0,0,0,45.5,45170,0,0,0
KHM,2010,0,0,0,52.6,0,0,0,0
KHM,2020,0,0,0,5,20.33,0,0,0
CMR,1950,0,0,0,0,0,0,0,0
CMR,1960,0,0,0,0,0,0,0,0
CMR,1970,0,0,0,0,0,0,0,0
CMR,1980,0,0,178.3,0.2,0,0,0,0
CMR,1990,0,0,0,44960,0,0,0,0
CMR,2000,0,0,0,44962,0,2,0,0
CMR,2010,0,0,0,45050,0,45021,0,0
CMR,2020,0,0,0,0.67,0,24473,0,0
CAN,1950,0,0,0,0.1,45177,0,0,0
CAN,1960,0,0,0,0,44988,45079,0,0
CAN,1970,0,0,0,0,45018,0,0,0
CAN,1980,0,0,0,0.3,45141,0,0.1,0
CAN,1990,0,0,0,45048,45141,0,0,0
CAN,2000,0,0,0,0.9,44960,0,0.1,0
CAN,2010,0,0,0,44958,0.3,0,0.1,8
CAN,2020,0,0,0,24473,4,0,0.67,271.67
CPV,1950,0,0,0,0,0,0,0,0
CPV,1960,0,0,0,0,0,0,0,0
CPV,1970,0,0,0,0,0,0,0,0
CPV,1980,0,0,0,0,44960,0,0,0
CPV,1990,0,0,0,0,0,0,0,0
CPV,2000,0,0,0,0.3,0,0,0,0
CPV,2010,0,0,0,0,0.9,0,0,0
CPV,2020,0,0,0,0.33,0,0,0,0
CYM,1950,0,0,0,0,0,0,0,0
CYM,1960,0,0,0,0,0,0,0,0
CYM,1970,0,0,0,0,0,0,0,0
CYM,1980,0,0,0,0,0,0,0,0
CYM,1990,0,0,0,0,0,0,0,0
CYM,2000,0,0,0,0,0.2,0,0,0
CYM,2010,0,0,0,0,0,0,0,0
CYM,2020,0,0,0,0,0,0,0,0
CAF,1950,0,0,0,0,0,0,0,0
CAF,1960,0,0,0,0,0,0,0,0
CAF,1970,0,0,0,0,0,0,0,0
CAF,1980,0,0,0,0,0,0,0,0
CAF,1990,0,0,0,0.7,0,0,0,0
CAF,2000,0,0,0,0.6,0.6,0,0.1,0
CAF,2010,0,0,0,0.3,0.2,0,0,0
CAF,2020,0,0,0,12175,0,0,0,0
TCD,1950,0,0,0,0,0,0,0,0
TCD,1960,0,0,0,0,0,0,0,0
TCD,1970,0,0,0,0,44986,0,0,0
TCD,1980,300,0,0,44989,44927,0,0,0
TCD,1990,0,0,0,44930,0,0,0,0
TCD,2000,0,0,0,45002,45017,0,0,0
TCD,2010,0,0,0,45020,0,44962,0,0
TCD,2020,0,0,0,19,0,0,0,0
CHL,1950,0,45047,0,0,0,0,0,0
CHL,1960,0,640.4,0.4,60,45143,45079,0,0
CHL,1970,0,45054,0,45080,45047,3,0,0
CHL,1980,0,45187,0,44943,44999,44960,0,0
CHL,1990,0,44927,0.6,45184,0.4,44940,1,0.2
CHL,2000,0,44987,0,45023,45111,0,0,0.6
CHL,2010,0,59,0,45066,0.6,44959,44960,0
CHL,2020,0,0,0,0,0,0,0,0
CHN,1950,0,44994,0,204004.7,378.4,0,0,0
CHN,1960,0,300,0,0,68.6,0,0,0
CHN,1970,0,27404.2,0,2000,45117,0,0,0
CHN,1980,140,126.4,0,1418.7,323.1,37.5,44945,0.2
CHN,1990,200,64,0,1792.5,563.6,124.8,44962,45030
CHN,2000,45029,8794.7,0,577,318,95.9,0,44945
CHN,2010,0,421.8,0,622.7,159.3,274.7,44962,45111
CHN,2020,0,45,0,297.33,35,24593,12206,0
COL,1950,0,32.2,0,45034,0,45125,0,0
COL,1960,0,45150,0,45059,0,44960,0,0
COL,1970,0,65,0,57.6,0,88.9,0,0
COL,1980,0,26,2180,45,44929,100.9,0,0
COL,1990,0,152.7,1,45039,0.2,45167,0,0
COL,2000,0,45017,45078,103.1,0.5,45102,0,0
COL,2010,0,0,0,97.5,44927,68.9,44961,0
COL,2020,0,0,0,42.67,24654,26.33,0,0
COM,1950,0,0,0,0,50,0,0,0
COM,1960,0,0,0,0,0,0,0,0
COM,1970,0,0,0.1,0,0,0,0,0
COM,1980,0,0,0,0,45174,0,0,0
COM,1990,0,0,0,0,0,0,0,0
COM,2000,0,0,0.1,0.2,0,0,0,0
COM,2010,0,0,0,0.4,0.8,0,0,0
COM,2020,0,0,0,0,0,0,0,0
COG,1950,0,0,0,0,0,0,0,0
COG,1960,0,0,0,0,0,45031,0,0
COG,1970,0,0,0,0,0,0,0,0
COG,1980,0,0,0,0,0,0,0,0
COG,1990,0,0,0,0.2,0,0,0,0
COG,2000,0,0,0,0.7,0,0,0,0
COG,2010,0,0,0,45170,0,0,0,0
COG,2020,0,0,0,14.67,0,0,0,0
COK,1950,0,0,0,0,0,0,0,0
COK,1960,0,0,0,0,0,0,0,0
COK,1970,0,0,0,0,0,0,0,0
COK,1980,0,0,0,0,0.5,0,0,0
COK,1990,0,0,0,0,2,0,0,0
COK,2000,0,0,0,0,0,0,0,0
COK,2010,0,0,0,0,0,0,0,0
COK,2020,0,0,0,0,0,0,0,0
CRI,1950,0,45172,0,0,0,0,0,0
CRI,1960,0,0,44967,0.7,0,0,0,0
CRI,1970,0,44928,0.2,45018,0,0,0,0
CRI,1980,0,44958,0,0.8,45140,0,0,0
CRI,1990,0,44931,0,45109,44963,0,0,0
CRI,2000,0,44930,0,45020,0.5,0.7,0,0
CRI,2010,0,0.2,0,45141,44959,0,0,0
CRI,2020,0,0,0,1,0,0,0,0
CIV,1950,0,0,0,0,0,0,0,0
CIV,1960,0,0,0,0,0,0,0,0
CIV,1970,0,0,0,0,0,0,0,0
CIV,1980,0,0,0,0,0,0,0,0
CIV,1990,0,0,0,45140,0,0,0,0
CIV,2000,0,0,0,0.6,0,45109,0,0
CIV,2010,0,0,0,45121,0,0,0,0
CIV,2020,0,0,0,12389,0,0,0,0
HRV,1950,0,0,0,0,0,0,0,0
HRV,1960,0,0,0,0,0,0,0,0
HRV,1970,0,0,0,0,0,0,0,0
HRV,1980,0,0,0,0,0,0,0,0
HRV,1990,0,0,0,0,0,0,0,0
HRV,2000,0,0,0,0,0.2,0,44986,83.3
HRV,2010,0,0,0,0.4,0,0,0,0.7
HRV,2020,0,3,0,0,0,0,0,0
CUB,1950,0,0,0,0,0,0,0,0
CUB,1960,0,0,0,0,175.5,0,0,0
CUB,1970,0,0.1,0,0.7,45079,0,0,0
CUB,1980,0,0,0,45141,44929,0,0,0
CUB,1990,0,0,0,45052,45170,0,0,0
CUB,2000,0,0,0,0.4,4,0,0,0
CUB,2010,0,0,0,0.7,45110,0,0,0
CUB,2020,0,0,0,1,2,0,0,0
CYP,1950,0,4,0,0,0,0,0,0
CYP,1960,0,0,0,0,0.3,0,0,0
CYP,1970,0,0,0,0,0,0,0,0
CYP,1980,0,0,0,0,0,0,0,0
CYP,1990,0,0.2,0,0,0,0,0,44962
CYP,2000,0,0,0,0,0,0,0,0.9
CYP,2010,0,0,0,0,0,0,0,0
CYP,2020,0,0,0,0,0,0,12055,0
CZE,1950,0,0,0,0,0,0,0,0
CZE,1960,0,0,0,0,0,0,0,0
CZE,1970,0,0,0,0,0,0,0,0
CZE,1980,0,0,0,0,0,0,0,0
CZE,1990,0,0,0,45080,0,0,0,0
CZE,2000,0,0,0,45141,1,0,0,43.3
CZE,2010,0,0,0,45079,0,0,0,45111
CZE,2020,0,0,0,0,24504,0,0,0
COD,1950,0,0,0,0,0,0,0,0
COD,1960,0,45018,0,0,0,45031,0,0
COD,1970,0,0,45121,0,0,0,0,0
COD,1980,0,0,0,0,0,0,0,0
COD,1990,0,0.9,0,45022,0,0,0,0
COD,2000,0,45108,20,45182,45173,44958,0,0
COD,2010,0,0.3,0,45.3,0,45164,44927,0
COD,2020,0,0,24746,33,24685,0,0,0
DNK,1950,0,0,0,0,0,0,0,0
DNK,1960,0,0,0,0,0,0,0,0
DNK,1970,0,0,0,0,0,0,0,0
DNK,1980,0,0,0,0,44927,0,0,0
DNK,1990,0,0,0,0,0.8,0,0,0
DNK,2000,0,0,0,0,0.5,0,0,0
DNK,2010,0,0,0,0,0.2,0,0,0
DNK,2020,0,0,0,0,0.33,0,0,0
DJI,1950,0,0,0,0,0,0,0,0
DJI,1960,0,0,0,0,0,0,0,0
DJI,1970,0,0,0,0,0,0,0,0
DJI,1980,0,0,0,45049,0,0,0,0
DJI,1990,0,0,0,45060,0,0,0,0
DJI,2000,0,0,0,44931,0,0,0,0
DJI,2010,0,0,0,44927,0.2,0,0,0
DJI,2020,0,0,0,24504,0,0,0,0
DMA,1950,0,0,0,0,0,0,0,0
DMA,1960,0,0,0,0,0,0,0,0
DMA,1970,0,0,0,0,4,0,0,0
DMA,1980,0,0,0,0,0.2,0,0,0
DMA,1990,0,0,0,0,0.2,0,0,0
DMA,2000,0,0,0,0,0.2,0,0,0
DMA,2010,0,0,0,0,45025,0,0,0
DMA,2020,0,0,0,0,0,0,0,0
DOM,1950,0,0,0,0,0,0,0,0
DOM,1960,0,0,0,0,48.1,0,0,0
DOM,1970,0,0,0,44960,140,0,0,0
DOM,1980,0,0,0,44960,44959,0,0,0
DOM,1990,0,0,0,44989,38.2,0,0,0
DOM,2000,0,0.3,0,72.3,44947,0,0,0
DOM,2010,0,0,0,45171,45079,0,0,0
DOM,2020,0,0,0,0,12114,0,0,0
ECU,1950,0,0,0,44938,0,0,0,0
ECU,1960,0,0,0,0,0,5,0,0
ECU,1970,0,45173,0.1,2,0,45056,0,0
ECU,1980,0,501,0,34.2,0,20,0,0
ECU,1990,0,45110,0,45133,0,46,0,0
ECU,2000,0,0,0.5,45003,0,45020,0,0
ECU,2010,0,67.6,0,45145,0,44988,0.5,0
ECU,2020,0,0.33,0,27.33,0,0,0,0
EGY,1950,0,2,0,0,0,0,0,0
EGY,1960,0,0.2,0,0,0,0,0,0
EGY,1970,0,0,0,45052,0.3,0,0,0
EGY,1980,0,0,0,0,3,0,0,0
EGY,1990,0,56.2,0,62.4,45139,0,0,45021
EGY,2000,0,0,0,45139,44986,0,0,0.3
EGY,2010,0,0,0,45109,45146,0,0,11
EGY,2020,0,0,0,14.33,0,0,0,0
SLV,1950,0,110,0,0,0,0,0,0
SLV,1960,0,45058,0,0,0.2,0,0,0
SLV,1970,0,0,0,0,0,0,0,0
SLV,1980,0,112,0,54.3,0,44959,0,0
SLV,1990,0,0,0,45108,49.1,44959,0,0
SLV,2000,0,116,0.2,44993,34.5,0,0,0.1
SLV,2010,0,0.1,0,4,45172,0,0,0
SLV,2020,0,0,0,24473,14.67,14,0,0
ERI,1950,0,0,0,0,0,0,0,0
ERI,1960,0,0,0,0,0,0,0,0
ERI,1970,0,0,0,0,0,0,0,0
ERI,1980,0,0,0,0,0,0,0,0
ERI,1990,0,0,0,0,0.3,0,0,0
ERI,2000,0,0,0,0,0,0,0,0
ERI,2010,0,0,0,0,0,0,0,0
ERI,2020,0,0,0,0,0,0,0,0
EST,1950,0,0,0,0,0,0,0,0
EST,1960,0,0,0,0,0,0,0,0
EST,1970,0,0,0,0,0,0,0,0
EST,1980,0,0,0,0,0,0,0,0
EST,1990,0,0,0,0,0,0,0,0
EST,2000,0,0,0,0,0,0,0,0.3
EST,2010,0,0,0,0,0,0,0,0.8
EST,2020,0,0,0,0,0,0,0,0
SWZ,1950,0,0,0,0,0,0,0,0
SWZ,1960,0,0,0,0,0,0,0,0
SWZ,1970,0,0,0,0,0,0,0,0
SWZ,1980,50,0,0,0,44990,0,0,0
SWZ,1990,0,0,0,0,0,0,0,0
SWZ,2000,0,0,0,0,0.1,0,0.2,0
SWZ,2010,0,0,0,44927,0,0,0,0
SWZ,2020,0,0,0,0,0,0,0,0
ETH,1950,0,0,0,0,0,0,0,0
ETH,1960,200,45021,0,0.1,0,0,0,0
ETH,1970,10000,0,45022,45078,0,0,0,0
ETH,1980,30036.7,0,0,45021,0,0,0,0
ETH,1990,0,0,0,44.7,0,44959,0,0
ETH,2000,0,0,0.5,143.9,0,0.4,0,0
ETH,2010,0,0,0,45121,0,45113,0,0
ETH,2020,0,0,0,12298,0,12236,0,0
FJI,1950,0,0,0,0,44987,0,0,0
FJI,1960,0,0,0,0.1,0.2,0,0,0
FJI,1970,0,0,0,0,45057,0,0,0
FJI,1980,0,0,0,45171,44932,0,0,0
FJI,1990,0,0,0,0,45174,0,0,0
FJI,2000,0,0,0,45079,45020,0,0,0
FJI,2010,0,0,0,45047,45174,0,0,0
FJI,2020,0,0,0,0,5,0,0,0
FIN,1950,0,0,0,0,0,0,0,0
FIN,1960,0,0,0,0,0,0,0,0
FIN,1970,0,0,0,0,0,0,0,0
FIN,1980,0,0,0,0,0,0,0,0
FIN,1990,0,0,0,0,0,0,0,0
FIN,2000,0,0,0,0,0,0,0,0
FIN,2010,0,0,0,0,0,0,0,0
FIN,2020,0,0,0,0,0,0,0,0
FRA,1950,0,0,0,45049,0,0,0,0
FRA,1960,0,0.1,0,0,45140,44928,0,0
FRA,1970,0,44927,0,45171,0,45027,0,0
FRA,1980,0,0,0,45112,4,3,45048,0
FRA,1990,0,0,0,6,45068,45019,0,45142
FRA,2000,0,0,0,45020,45144,0,0.7,2089.3
FRA,2010,0,0,0,45055,44965,0,0,472.8
FRA,2020,0,0,0,12055,8,0,0,641.33
GUF,1950,0,0,0,0,0,0,0,0
GUF,1960,0,0,0,0,0,0,0,0
GUF,1970,0,0,0,0,0,0,0,0
GUF,1980,0,0,0,0,0,0,0,0
GUF,1990,0,0,0,0,0,0,0,0
GUF,2000,0,0,0,0,0,1,0,0
GUF,2010,0,0,0,0,0,0,0,0
GUF,2020,0,0,0,0,0,0,0,0
PYF,1950,0,0,0,0,0,0,0,0
PYF,1960,0,0,0,0,0,0,0,0
PYF,1970,0,0,0,0,0,0,0,0
PYF,1980,0,0,0,0,0.7,1,0,0
PYF,1990,0,0,0,0,0,44986,0,0
PYF,2000,0,0,0,0,0,0,0,0
PYF,2010,0,0,0,0,0.1,0,0,0
PYF,2020,0,0,0,0,0,0,0,0
GAB,1950,0,0,0,0,0,0,0,0
GAB,1960,0,0,0,0,0,0,0,0
GAB,1970,0,0,0,0,0,0,0,0
GAB,1980,0,0,0,0,0,0,0,0
GAB,1990,0,0,0,0,0,0,0,0
GAB,2000,0,0,0,0,0,0,0,0
GAB,2010,0,0,0,0.1,0,0,0,0
GAB,2020,0,0,0,0,0,0,0,0
GMB,1950,0,0,0,0,0,0,0,0
GMB,1960,0,0,0,0,0,0,0,0
GMB,1970,0,0,0,0,0,0,0,0
GMB,1980,0,0,0,0,0,0,0,0
GMB,1990,0,0,0,44990,0,0,0,0
GMB,2000,0,0,0,0.6,0.5,0,0,0
GMB,2010,0,0,0,45108,0.4,0,0,0
GMB,2020,0,0,0,2,12114,0,0,0
GEO,1950,0,0,0,0,0,0,0,0
GEO,1960,0,0,0,0,0,0,0,0
GEO,1970,0,0,0,0,0,0,0,0
GEO,1980,0,0,0,0,0,0,0,0
GEO,1990,0,0.9,0,0.8,0,0,0,0
GEO,2000,0,0.6,0,0.1,0,0,0,0
GEO,2010,0,0,0,44962,0,0,0,0
GEO,2020,0,0,0,0,0,0,0,0
DEU,1950,0,0,0,0,0,0,0,0
DEU,1960,0,0,0,0,0,0,0,0
DEU,1970,0,0,0,0,0,0,0,0
DEU,1980,0,0,0,0,0,0,0,0
DEU,1990,0,0.1,0,45017,45117,0.5,0,3
DEU,2000,0,0,0,45171,45054,0,0,938.3
DEU,2010,0,0,0,45139,3,0,0,44927
DEU,2020,0,0,0,65.67,24504,0,0,0
GHA,1950,0,0,0,0,0,0,0,0
GHA,1960,0,0,0,0,0,0,0,0
GHA,1970,0,0,0,0,0,0,0,0
GHA,1980,0,0,0,0.7,0,0,0.4,0
GHA,1990,0,0,0,44977,0,0,0,0
GHA,2000,0,0,0,44968,0,0,0,0
GHA,2010,0,0,0,45187,2,0,0,0
GHA,2020,0,0,0,12175,0,0,0,0
GRC,1950,0,59.3,0,0,0,0,0,0
GRC,1960,0,10,0,0,44989,0,0,0
GRC,1970,0,5,0,44961,0,0,0,0
GRC,1980,0,45050,0,0,45142,0,45047,107.6
GRC,1990,0,45126,0,45079,0.3,0,45017,0.5
GRC,2000,0,0.2,0,45047,0.5,0,45114,44989
GRC,2010,0,0.6,0,44960,0.7,0,10,0.5
GRC,2020,0,1,0,24504,0,0,0.67,0
GRD,1950,0,0,0,0,0,0,0,0
GRD,1960,0,0,0,0,0.6,0,0,0
GRD,1970,0,0,0,0,0,0,0,0
GRD,1980,0,0,0,0,0,0,0,0
GRD,1990,0,0,0,0,0,0,0,0
GRD,2000,0,0,0,0,45172,0,0,0
GRD,2010,0,0,0,0,0,0,0,0
GRD,2020,0,0,0,0,0,0,0,0
GLP,1950,0,0,0,0,0,0,0,0
GLP,1960,0,0,0,0,45172,0,0,0
GLP,1970,0,0,0,0,0,0,0,0
GLP,1980,0,0,0,0,0.5,0,0,0
GLP,1990,0,0,0,0,0.4,0,0,0
GLP,2000,0,0.1,0,0,0,0,0,0
GLP,2010,0,0,0,0,0.4,0,0,0
GLP,2020,0,0,0,0,0.33,0,0,0
GUM,1950,0,0,0,0,0,0,0,0
GUM,1960,0,0,0,0,0.6,0,0,0
GUM,1970,0,0,0,0,0.9,0,0,0
GUM,1980,0,0,0,0,0,0,0,0
GUM,1990,0,0,0,0,0.1,0,0,0
GUM,2000,0,0,0,0,0.2,0,0,0
GUM,2010,0,0,0,0,0,0,0,0
GUM,2020,0,0,0,0,0,0,0,0
GTM,1950,0,0,0,0,0,0,0,0
GTM,1960,0,0,0,0,45195,0,0,0
GTM,1970,0,2300,0,0.5,0,0,0,0
GTM,1980,0,0.5,0,71.4,0,0,0,0
GTM,1990,0,45078,0,44990,38.4,44931,0,0
GTM,2000,44930,0.6,0,45114,154,45125,0,0.6
GTM,2010,0,45173,46.1,7,45096,44,0,0
GTM,2020,0,1,0,15.67,56,0,0,0
GIN,1950,0,0,0,0,0,0,0,0
GIN,1960,0,0,0,0,0,0,0,0
GIN,1970,0,0,0,0,0,0,0,0
GIN,1980,0,44.3,0,0,0,0,0,0
GIN,1990,44958,0,0,0,0,0,0,0
GIN,2000,0,0,0,44927,0.4,0,0,0
GIN,2010,0,0,0,45108,0,0.7,0,0
GIN,2020,0,0,0,24473,0,0,0,0
GNB,1950,0,0,0,0,0,0,0,0
GNB,1960,0,0,0,0,0,0,0,0
GNB,1970,0,0,0,0,0,0,0,0
GNB,1980,0,0,0,0,0.1,0,0,0
GNB,1990,0,0,0,0,0,0,0.3,0
GNB,2000,0,0,0,0.3,0,0,0,0
GNB,2010,0,0,0,0.2,0.3,0,0,0
GNB,2020,0,0,0,0,0,0,0,0
GUY,1950,0,0,0,0,0,0,0,0
GUY,1960,0,0,0,0,0,0,0,0
GUY,1970,0,0,0,0,0,0,0,0
GUY,1980,0,0,0,0,0,0,0,0
GUY,1990,0,0,0,0,0,0,0,0
GUY,2000,0,0,0,45019,0,0,0,0
GUY,2010,0,0,0,0,0,0,0,0
GUY,2020,0,0,0,0,0,0,0,0
HTI,1950,0,0.6,0,5,41,44983,0,0
HTI,1960,0,0,0,52.6,558,0,0,0
HTI,1970,0,0,0,45145,0.8,0,0,0
HTI,1980,0,0,0,45158,45043,0,0,0
HTI,1990,0,0,0,45020,137.8,0,0,0
HTI,2000,0,0,0,291,366.3,0,0,0
HTI,2010,0,22258.7,0,45040,67.3,0,0,0
HTI,2020,0,859,0,24563,13,0,0,0
HND,1950,0,0,0,0,0,0,0,0
HND,1960,0,0,0,0,45073,0,0,0
HND,1970,0,0,0,44928,800,280,0,0
HND,1980,0,0,0,45170,13,0,0,0
HND,1990,0,0,0,62.4,1461.9,0,0,0
HND,2000,0,0.7,0,45087,45053,0,0,0
HND,2010,0,0,0,45187,45079,0,0,0
HND,2020,0,0,0,4,44.67,0,0,0
HKG,1950,0,0,0,0,44931,0,0,0
HKG,1960,0,0,0,8,32.5,45085,0,0
HKG,1970,0,0,0,44940,18,10,0,0
HKG,1980,0,0,0,0.5,45050,45048,0,1
HKG,1990,0,0,0,45085,45019,0.1,0,0
HKG,2000,0,0,0,0,0.6,0,0,0
HKG,2010,0,0,0,0,0.1,0,0,0
HKG,2020,0,0,0,0,0.67,0,0,0
HUN,1950,0,0,0,0,0,0,0,0
HUN,1960,0,0,0,0,0,0,0,0
HUN,1970,0,0,0,30,0,0,0,0
HUN,1980,0,0,0,0,0.4,0,0,0
HUN,1990,0,0,0,0.8,4,0,0,0
HUN,2000,0,0,0,0.1,45078,0,0,64.6
HUN,2010,0,0,0,0.1,0,0,0,45065
HUN,2020,0,0,0,0,0,0,0,0
ISL,1950,0,0,0,0,0,0,0,0
ISL,1960,0,0,0,0,0,0,0,0
ISL,1970,0,0.1,0,0,0,44958,0,0
ISL,1980,0,0,0,0,0,0.4,0,0
ISL,1990,0,0,0,0,0,45019,0,0
ISL,2000,0,0,0,0,0,0,0,0
ISL,2010,0,0,0,0,0,0,0,0
ISL,2020,0,0,0,0,0,0,0,0
IND,1950,0,161.3,0,118.8,296,45179,0,105.1
IND,1960,150000,44976,0,1069.8,265.2,100,0,50
IND,1970,0,44992,0,838.3,2635,33.6,0,81.1
IND,1980,30,42.1,0,1235.1,390.9,91.6,0,212.4
IND,1990,0,1139.1,0,1323.1,1809.1,122.3,0.6,403.9
IND,2000,2,3770.5,0,1366.6,100.8,66.4,0,501.9
IND,2010,0,44948,0,1393.6,273.5,45135,45018,443.1
IND,2020,0,0.67,0,1919.67,130,75.33,0,12267
IDN,1950,0,45018,133.7,45027,30,40.5,0,0
IDN,1960,800,47.4,277.8,34.8,0,0,0,0
IDN,1970,44991,195.2,45136,50.1,168.6,44987,0,0
IDN,1980,59.4,58,45191,132.6,0.2,44.5,0,0
IDN,1990,67.2,332.1,44998,79.3,0,22,30,0
IDN,2000,0,17492.1,0.2,279,0.4,102.6,0,0
IDN,2010,44927,551.2,81.8,122.8,44960,55.8,45170,0
IDN,2020,0,45.67,17.33,101.33,75.33,14.33,0,0
IRN,1950,0,708.6,0,413.1,0,0,0,45153
IRN,1960,0,2334.8,0,44966,0,0,0,0
IRN,1970,0,3197.3,0,0,45023,44989,0,0
IRN,1980,0,338.8,0,153.4,20,0,0,0
IRN,1990,0,4287.5,0,126.6,44929,44990,0,0
IRN,2000,0,2775.7,0,74.4,44989,2,0,0
IRN,2010,0,82.7,0,44950,0.4,0,0,0
IRN,2020,0,24504,0,51.67,4,4,0,0
IRQ,1950,0,0,0,0,0,0,0,0
IRQ,1960,0,0,0,0,0,0,0,0
IRQ,1970,0,0,0,0,0,0,0,0
IRQ,1980,0,0,0,0,0,0,0,0
IRQ,1990,0,2,0,0,0,0,0,0
IRQ,2000,0,0,0,45079,0,0,0,0
IRQ,2010,0,1,0,11,0,0,0,0
IRQ,2020,0,0,0,8,0.33,0,0,0
IRL,1950,0,0,0,0,0,0,0,0
IRL,1960,0,0,0,0,0,0,0,0
IRL,1970,0,0,0,0,0,0,0,0
IRL,1980,0,0,0,0,44928,0,0,0
IRL,1990,0,0,0,0.3,45017,0,0,0
IRL,2000,0,0,0,0,0.1,0,0,0
IRL,2010,0,0,0,0.2,0.4,0,0,0
IRL,2020,0,0,0,0,0.33,0,0,0
IMN,1950,0,0,0,0,0,0,0,0
IMN,1960,0,0,0,0,0,0,0,0
IMN,1970,0,0,0,0,0,0,0,0
IMN,1980,0,0,0,0,0,0,0,0
IMN,1990,0,0,0,0,0,0,0,0
IMN,2000,0,0,0,0,0,0,0,0
IMN,2010,0,0,0,0,0,0,0,0
IMN,2020,0,0,0,0,0,0,0,0
ISR,1950,0,0,0,0,0,0,0,0
ISR,1960,0,0,0,0,0,0,0,0
ISR,1970,0,0,0,0,0,2,0,0
ISR,1980,0,0,0,0,0,0,0,0
ISR,1990,0,0,0,45047,0.5,0,0,0
ISR,2000,0,0,0,0,0.3,0,0,0
ISR,2010,0,0,0,45017,0.4,0,45020,0
ISR,2020,0,0,0,12086,0,0,0,0
ITA,1950,0,0,0,45011,0,45136,0,0
ITA,1960,0,24,0,45126,45110,192.9,0,0
ITA,1970,0,98,0.9,6,45023,44958,0,0
ITA,1980,0,470.8,0,33.1,44988,45112,0.7,0
ITA,1990,0,45049,0,45115,45172,44942,0.1,1
ITA,2000,0,32.7,0,45116,0.6,0.4,44986,2010.4
ITA,2010,0,35.2,0,45083,45141,0.3,0,45174
ITA,2020,0,0,0,2,12145,1,0,0
JAM,1950,0,0,0,0,45031,0,0,0
JAM,1960,0,0,0,0,44927,0,0,0
JAM,1970,0,0,0,45020,0.6,0,0,0
JAM,1980,0,0,0,44991,44963,0,0,0
JAM,1990,0,0,0,45018,0.4,0,0,0
JAM,2000,0,0,0,1,45050,0,0,0
JAM,2010,0,0,0,0,45078,0,0,0
JAM,2020,0,0,0,0,0,0,0,0
JPN,1950,0,44988,45171,543.3,1184.3,44996,0,0
JPN,1960,0,22,0,119.5,150.3,45148,0,0
JPN,1970,0,44993,0.3,49.4,91.6,45119,0,0
JPN,1980,0,45130,0,41.6,65.2,29.2,0,0
JPN,1990,0,554.5,45020,44995,35.1,45149,0,0
JPN,2000,0,44934,0,44996,44.6,45020,0,45059
JPN,2010,0,1995.2,44991,37.5,58.9,44965,0,91.3
JPN,2020,0,12055,0,31.33,24746,24685,0,9
JOR,1950,0,0,0,0,0,0,0,0
JOR,1960,0,0,0,29.2,0,0,0,0
JOR,1970,0,0,0,0,0,0,0,0
JOR,1980,0,0,0,0.9,0,0,0,0
JOR,1990,0,0,0,1,0.2,0,0,45047
JOR,2000,0,0,0,0,45017,0,0,0
JOR,2010,0,0,0,45019,0,0,0,0
JOR,2020,0,0,0,0,0,0,0,0
KAZ,1950,0,0,0,0,0,0,0,0
KAZ,1960,0,0,0,0,0,0,0,0
KAZ,1970,0,0,0,0,0,0,0,0
KAZ,1980,0,0,0,0,0,0,0,0
KAZ,1990,0,0,0,1,44968,0,0,0
KAZ,2000,0,0.3,0,0.1,0,45142,0,0.3
KAZ,2010,0,0,0,44990,0,0,0,0
KAZ,2020,0,0,0,0,0,0,0,0
KEN,1950,0,0,0,0,0,0,0,0
KEN,1960,0,0,0,0,0,0,0,0
KEN,1970,0,0,0,10,0,0,0,0
KEN,1980,0,0,0,45053,5,0,0,0
KEN,1990,45054,0,0,17,0,0,0,0
KEN,2000,44937,0.1,0,55.1,0,45081,0,0
KEN,2010,0,0,0,85.8,0,45117,0,0
KEN,2020,0,0,0,98,0,0,0,0
KIR,1950,0,0,0,0,0,0,0,0
KIR,1960,0,0,0,0,0,0,0,0
KIR,1970,0,0,0,0,0.3,0,0,0
KIR,1980,0,0,0,0,0,0,0,0
KIR,1990,0,0,0,0,0,0,0,0
KIR,2000,0,0,0,0,0,0,0,0
KIR,2010,0,0,0,0,0,0,0,0
KIR,2020,0,0,0,0,0,0,0,0
KWT,1950,0,0,0,0,0,0,0,0
KWT,1960,0,0,0,0,0,0,0,0
KWT,1970,0,0,0,0,0,0,0,0
KWT,1980,0,0,0,0,0,0,0,0
KWT,1990,0,0,0,0.2,0,0,0,0
KWT,2000,0,0,0,0,0,0,0,0
KWT,2010,0,0,0,0.1,0,0,0,0
KWT,2020,0,0,0,0,0,0,0,0
KGZ,1950,0,0,0,0,0,0,0,0
KGZ,1960,0,0,0,0,0,0,0,0
KGZ,1970,0,0,0,0,0,0,0,0
KGZ,1980,0,0,0,0,0,0,0,0
KGZ,1990,0,45143,0,0.1,0,44973,0,0
KGZ,2000,0,45023,0,0.3,0.4,45115,0,44927
KGZ,2010,0,0,0,0,0,45018,0,45078
KGZ,2020,0,0,0,0,0,5,0,0
LAO,1950,0,0,0,0,0,0,0,0
LAO,1960,0,0,0,30.2,0,0,0,0
LAO,1970,0,0,0,45050,0,0,0,0
LAO,1980,0,0,0,45017,0,0,0,0
LAO,1990,0,0,0,4,45082,0,0,0
LAO,2000,0,0,0,44988,45078,0,0,0
LAO,2010,0,0,0,45069,0,0,0,0
LAO,2020,0,0,0,0.33,0.67,0,0,0
LVA,1950,0,0,0,0,0,0,0,0
LVA,1960,0,0,0,0,0,0,0,0
LVA,1970,0,0,0,0,0,0,0,0
LVA,1980,0,0,0,0,0,0,0,0
LVA,1990,0,0,0,0,0.6,0,0,0
LVA,2000,0,0,0,0,0,0,0,45084
LVA,2010,0,0,0,0,0,0,0,1
LVA,2020,0,0,0,0,0,0,0,0
LBN,1950,0,45090,0,44,0,0,0,0
LBN,1960,0,0,0,0,0,0,0,0
LBN,1970,0,0,0,0,0,0,0,0
LBN,1980,0,0,0,0,0,0,0,0
LBN,1990,0,0,0,0,45048,0,0,0
LBN,2000,0,0,0,0,0,0,0.1,0
LBN,2010,0,0,0,0,44987,0,0,0
LBN,2020,0,0,0,0,0,0,0,0
LSO,1950,0,0,0,0,0,0,0,0
LSO,1960,0,0,0,0,0,0,0,0
LSO,1970,0,0,0,0,0,0,0,0
LSO,1980,0,0,0,45139,0,0,0,0
LSO,1990,0,0,0,44959,0,0,0,0
LSO,2000,0,0,0,0,0.1,0,0,0
LSO,2010,0,0,0,45079,0,0,0,0
LSO,2020,0,0,0,0,0,0,0,0
LBR,1950,0,0,0,0,0,0,0,0
LBR,1960,0,0,0,0,0,0,0,0
LBR,1970,0,0,0,0,0,0,0,0
LBR,1980,0,0,0,0,0,0,0,0
LBR,1990,0,0,0,1,0,0,0,0
LBR,2000,0,0,0,0.3,0,0,0,0
LBR,2010,0,0,0,0.1,0,0,0,0
LBR,2020,0,0,0,0,0,0,0,0
LBY,1950,0,0,0,0,0,0,0,0
LBY,1960,0,30,0,0,0,0,0,0
LBY,1970,0,0,0,0,0,0,0,0
LBY,1980,0,0,0,0,0,0,0,0
LBY,1990,0,0,0,0,0,0,0,0
LBY,2000,0,0,0,0,0,0,0,0
LBY,2010,0,0,0,2,0,0,0,0
LBY,2020,0,0,0,0,0,0,0,0
LTU,1950,0,0,0,0,0,0,0,0
LTU,1960,0,0,0,0,0,0,0,0
LTU,1970,0,0,0,0,0,0,0,0
LTU,1980,0,0,0,0,0,0,0,0
LTU,1990,0,0,0,0,0.8,0,0,44960
LTU,2000,0,0,0,0,0,0,0,2
LTU,2010,0,0,0,0.4,0,0,0,4
LTU,2020,0,0,0,0,0,0,0,0
LUX,1950,0,0,0,0,0,0,0,0
LUX,1960,0,0,0,0,0,0,0,0
LUX,1970,0,0,0,0,0,0,0,0
LUX,1980,0,0,0,0,0,0,0,0
LUX,1990,0,0,0,0,0,0,0,0
LUX,2000,0,0,0,0,0,0,0,17
LUX,2010,0,0,0,0,0,0,0,0
LUX,2020,0,0,0,0,0,0,0,0
MAC,1950,0,0,0,0,0,0,0,0
MAC,1960,0,0,0,0,0,0,0,0
MAC,1970,0,0,0,0,0,0,0,0
MAC,1980,0,0,0,0,0,0,0,0
MAC,1990,0,0,0,0,0,0,0,0
MAC,2000,0,0,0,0,0,0,0,0
MAC,2010,0,0,0,0,1,0,0,0
MAC,2020,0,0,0,0,0,0,0,0
MDG,1950,0,0,0,0,0,0,0,0
MDG,1960,0,0,0,0,11,0,0,0
MDG,1970,0,0,0,0,45042,0,0,0
MDG,1980,20,0,0,0,45.4,0,0,0
MDG,1990,0,0,0,0,43.1,0,0,0
MDG,2000,0,0,0,44962,95.8,0,0,0
MDG,2010,0,0,0,45049,61.3,0,0,0
MDG,2020,0,0,0,25,75,0,0,0
MWI,1950,0,0,0,0,0,0,0,0
MWI,1960,0,0,0,0,0,0,0,0
MWI,1970,0,0,0,0,0,0,0,0
MWI,1980,0,0.9,0,44986,0,0,0,0
MWI,1990,0,0,0,47.7,0,0,0,0
MWI,2000,50,0.4,0,44935,44927,0,0,0
MWI,2010,0,0,0,36.6,0.5,0.8,0,0
MWI,2020,0,0,0,0.33,28,0,0,0
MYS,1950,0,0,0,0,0,0,0,0
MYS,1960,0,0,0,45082,44928,0,0,0
MYS,1970,0,0,0,44932,0,0,0,0
MYS,1980,0,0,0,44931,0,0,0,0
MYS,1990,0,0,0,44929,44984,7,0,0
MYS,2000,0,8,0,44968,0.3,1,0,0
MYS,2010,0,45018,0,45110,0,45078,0,0
MYS,2020,0,0,0,29.33,0,0,0,0
MDV,1950,0,0,0,0,0,0,0,0
MDV,1960,0,0,0,0,0,0,0,0
MDV,1970,0,0,0,0,0,0,0,0
MDV,1980,0,0,0,0,0,0,0,0
MDV,1990,0,0,0,0,0,0,0,0
MDV,2000,0,44967,0,0,0,0,0,0
MDV,2010,0,0,0,0,0,0,0,0
MDV,2020,0,0,0,0,0,0,0,0
MLI,1950,0,0,0,0,0,0,0,0
MLI,1960,0,0,0,0,0,0,0,0
MLI,1970,0,0,0,0,0,0,0,0
MLI,1980,0,0,0,45139,0,0,0,0
MLI,1990,0,0,0,0.5,0,0,0,0
MLI,2000,0,0,0,44991,0,0,0,0
MLI,2010,0,0,0,44933,0,0,0,0
MLI,2020,0,0,0,12114,0,0,0,0
MHL,1950,0,0,0,0,0,0,0,0
MHL,1960,0,0,0,0,0,0,0,0
MHL,1970,0,0,0,0,0,0,0,0
MHL,1980,0,0,0,0,0,0,0,0
MHL,1990,0,0,0,0,0,0,0,0
MHL,2000,0,0,0,0,0,0,0,0
MHL,2010,0,0,0,0,0,0,0,0
MHL,2020,0,0,0,0,0,0,0,0
MTQ,1950,0,0,0,0,0,0,0,0
MTQ,1960,0,0,0,0,45048,0,0,0
MTQ,1970,0,0,0,0,45050,0,0,0
MTQ,1980,0,0,0,0,0,0,0,0
MTQ,1990,0,0,0,0,1,0,0,0
MTQ,2000,0,0.1,0,0,0.1,0,0,0
MTQ,2010,0,0,0,0,0.1,0,0,0
MTQ,2020,0,0,0,0,0,0,0,0
MRT,1950,0,0,0,0,0,0,0,0
MRT,1960,0,0,0,0,0,0,0,0
MRT,1970,0,0,0,0,0,0,0,0
MRT,1980,0,0,0,0,0,0,0,0
MRT,1990,0,0,0,0,0.5,0,0,0
MRT,2000,0,0,0,45050,0,0,0,0
MRT,2010,0,0,0,44927,45139,0,0,0
MRT,2020,0,0,0,24654,0,0,0,0
MUS,1950,0,0,0,0,0,0,0,0
MUS,1960,0,0,0,0,44961,0,0,0
MUS,1970,0,0,0,0,45078,0,0,0
MUS,1980,0,0,0,0,0.2,0,0,0
MUS,1990,0,0,0,0,0.5,0,0,0
MUS,2000,0,0,0,0,0.5,0,0,0
MUS,2010,0,0,0,44927,0,0,0,0
MUS,2020,0,0,0,0,0.33,0,0,0
MEX,1950,0,45064,0,214,181,10,0,0
MEX,1960,0,45145,0,45109,61.9,45139,0,9
MEX,1970,0,57,0,45158,78.9,0,0,0
MEX,1980,0,959.4,10,45066,89.2,5,0,44987
MEX,1990,0,44937,2,121.9,78.4,45018,5,91.6
MEX,2000,0,45171,0,34.4,45030,45175,0,45092
MEX,2010,0,47.6,0,45067,49.4,44933,0,0.3
MEX,2020,0,6,0,24.33,39.33,0,0,0
FSM,1950,0,0,0,0,0,0,0,0
FSM,1960,0,0,0,0,0,0,0,0
FSM,1970,0,0,0,0,0,0,0,0
FSM,1980,0,0,0,0,0.5,0,0,0
FSM,1990,0,0,0,0,0,0,0,0
FSM,2000,0,0,0,0,45142,0,0,0
FSM,2010,0,0,0,0,0.5,0,0,0
FSM,2020,0,0,0,0,0,0,0,0
MDA,1950,0,0,0,0,0,0,0,0
MDA,1960,0,0,0,0,0,0,0,0
MDA,1970,0,0,0,0,0,0,0,0
MDA,1980,0,0,0,0,0,0,0,0
MDA,1990,0,0,0,45082,0.3,0,0,0
MDA,2000,0.2,0,0,0.4,0,0,0,44986
MDA,2010,0,0,0,0.1,0,0,0,1
MDA,2020,0,0,0,0,0,0,0,0
MNG,1950,0,120,0,0,0,0,0,0
MNG,1960,0,0,0,45112,0,0,0,0
MNG,1970,0,0,0,0,0,0,0,0
MNG,1980,0,0,0,0,0,0,0,0
MNG,1990,0,0,0,45081,45173,0,45048,0
MNG,2000,0,0,0,44930,45025,0,0,0.5
MNG,2010,0,0,0,44958,0,45108,0,0
MNG,2020,0,0,0,12114,4,0,0,0
MNE,1950,0,0,0,0,0,0,0,0
MNE,1960,0,0,0,0,0,0,0,0
MNE,1970,0,0,0,0,0,0,0,0
MNE,1980,0,0,0,0,0,0,0,0
MNE,1990,0,0,0,0,0,0,0,0
MNE,2000,0,0,0,0,0,0,0,0
MNE,2010,0,0,0,0,0,0,0,0.1
MNE,2020,0,0,0,0,0,0,0,0
MSR,1950,0,0,0,0,0,0,0,0
MSR,1960,0,0,0,0,0,0,0,0
MSR,1970,0,0,0,0,0,0,0,0
MSR,1980,0,0,0,0,44927,0,0,0
MSR,1990,0,0,44960,0,0,0,0,0
MSR,2000,0,0,0,0,0,0,0,0
MSR,2010,0,0,0,0,0,0,0,0
MSR,2020,0,0,0,0,0,0,0,0
MAR,1950,0,0,0,44942,0,0,0,0
MAR,1960,0,1201.1,0,32,0,0,0,0
MAR,1970,0,0,0,45110,0,0,0,0
MAR,1980,0,0,0,0,0,0.1,0,0
MAR,1990,0,0,0,87.6,45017,0,0,0
MAR,2000,0,62.8,0,44948,0.1,0,0,0
MAR,2010,0,0,0,45114,45173,45047,0,0
MAR,2020,0,0,0,8,0,0,0,0
MOZ,1950,0,0,0,0,45117,0,0,0
MOZ,1960,0,0,0,0,0,0,0,0
MOZ,1970,0,0,0,84.1,0.7,0,0,0
MOZ,1980,10005,0,0,1,45189,0,0,0
MOZ,1990,0,0,0,45143,44951,45115,0,0
MOZ,2000,45139,0.4,0,101.2,45052,0,45173,0
MOZ,2010,0,0,0,44.7,71.2,45108,0,0
MOZ,2020,0,0,0,8,42,0,0,0
MMR,1950,0,0,0,0,0,0,0,0
MMR,1960,0,0,0,45019,144.8,0,0,0
MMR,1970,0,0,0,44994,20,0,0,0
MMR,1980,0,0,0,0,44927,0,0.8,0
MMR,1990,0,0,0,45185,45108,0,0,0
MMR,2000,0,44933,0,44967,13863.6,44930,0,0
MMR,2010,0,45088,0,50.4,8,44976,0,0
MMR,2020,0,0,0,0,0,58,0,0
NAM,1950,0,0,0,0,0,0,0,0
NAM,1960,0,0,0,0,0,0,0,0
NAM,1970,0,0,0,0,0,0,0,0
NAM,1980,0,0,0,0,0,0,0,0
NAM,1990,0,0,0,0,0,0,0,0
NAM,2000,0,0,0,45152,0,0,0,0
NAM,2010,0,0,0,45088,0,0,0,0
NAM,2020,0,0,0,0,0,0,0,0
NPL,1950,0,0,0,6,0,0,0,0
NPL,1960,0,8,0,45104,0,0,0,0
NPL,1970,0,0,0,48,0,40.1,0,0
NPL,1980,0,80.9,0,151.1,44933,45094,0,0
NPL,1990,0,0,0,253.7,45079,45160,45146,0
NPL,2000,0,0,0,106.5,0,80.1,0,45089
NPL,2010,0,897.6,0,132.3,44937,45166,44927,44940
NPL,2020,0,2,0,282,7,0,0,0
NLD,1950,0,0,0,200,0,0,0,0
NLD,1960,0,0,0,0,0,0,0,0
NLD,1970,0,0,0,0,0,0,0,0
NLD,1980,0,0,0,0,0,0,0,0
NLD,1990,0,0,0,0.1,44987,0,0,0
NLD,2000,0,0,0,0,44927,0,0,196.5
NLD,2010,0,0,0,0,0.5,0,0,40.1
NLD,2020,0,0,0,0,12055,0,0,133.33
NCL,1950,0,0,0,0,0.4,0,0,0
NCL,1960,0,0,0,0,0,0,0,0
NCL,1970,0,0,0,0,0.3,0,0,0
NCL,1980,0,0,0,0,0.4,0,0,0
NCL,1990,0,0,0,0,0,0,0,0
NCL,2000,0,0,0,0,0.2,0,0,0
NCL,2010,0,0,0,0,0,0,0,0
NCL,2020,0,0,0,0,0,0,0,0
NZL,1950,0,0,15,0,0,0,0,0
NZL,1960,0,0.3,0,0,5,0,0,0
NZL,1970,0,0,0,0,0,0,0,0
NZL,1980,0,0.1,0,0.6,0.6,0,0,0
NZL,1990,0,0,0,0,0.4,0,0,0
NZL,2000,0,0,0,0.4,0.2,0,0,0
NZL,2010,0,45034,44928,0.1,0.3,0,0,0
NZL,2020,0,0,0,0,0.33,0,0,0
NIC,1950,0,50,0,0,0,0,0,0
NIC,1960,0,0,0,32.5,0,0,0,0
NIC,1970,0,1000,0,45078,45049,0,0,0
NIC,1980,0,0,0,0,44946,0,0,0
NIC,1990,0,45186,0.1,45047,345.1,0,0,0
NIC,2000,0,0.7,0,45109,45128,45171,0,0
NIC,2010,0,0.2,0,44970,2,0,0,0
NIC,2020,0,0,0,0,12267,0,0,0
NER,1950,0,0,0,0,0,0,0,0
NER,1960,0,0,0,0,0,0,0,0
NER,1970,0,0,0,0,0,0,0,0
NER,1980,0,0,0,2,0,0,0,0
NER,1990,0,0,0,45023,0,0,0,0
NER,2000,0,0,0,45019,0.4,0,0,0
NER,2010,0,0,0,42.8,0,0,0,0
NER,2020,0,0,0,113.33,0,0,0,0
NGA,1950,0,0,0,0,0,0,0,0
NGA,1960,0,0,0,0,0,0,0,0
NGA,1970,0,0,0,0,10,0,0,0
NGA,1980,0,0,0,13,0,0,0,0
NGA,1990,0,0,0,45029,10,0,0,45139
NGA,2000,0,0,0,53.6,0,44960,0,6
NGA,2010,0,0,0,102.6,45021,0,0,0
NGA,2020,0,0,0,265.33,12086,0,0,0
NIU,1950,0,0,0,0,0,0,0,0
NIU,1960,0,0,0,0,0,0,0,0
NIU,1970,0,0,0,0,0,0,0,0
NIU,1980,0,0,0,0,0,0,0,0
NIU,1990,0,0,0,0,0,0,0,0
NIU,2000,0,0,0,0,0.1,0,0,0
NIU,2010,0,0,0,0,0,0,0,0
NIU,2020,0,0,0,0,0,0,0,0
PRK,1950,0,0,0,0,0,0,0,45094
PRK,1960,0,0,0,0,0,0,0,50.2
PRK,1970,0,0,0,0,0,0,0,44960
PRK,1980,0,0,0,45077,0,0,0,168.3
PRK,1990,0,0,0,45104,0.6,0,0,207.2
PRK,2000,0,0,0,122.9,45173,0,0,55
PRK,2010,0,0,0,93.6,18,0,0,45164
PRK,2020,0,0,0,12236,0,0,0,348
MKD,1950,0,0,0,0,0,0,0,0
MKD,1960,0,0,0,0,0,0,0,0
MKD,1970,0,0,0,0,0,0,0,0
MKD,1980,0,0,0,0,0,0,0,0
MKD,1990,0,0,0,0,0,0,0,0
MKD,2000,0,0,0,0.2,0.1,0,0.1,3
MKD,2010,0,0,0,3,0,0,0,0.4
MKD,2020,0,0,0,0,0,0,0.33,0
MNP,1950,0,0,0,0,0,0,0,0
MNP,1960,0,0,0,0,0,0,0,0
MNP,1970,0,0,0,0,0,0,0,0
MNP,1980,0,0,0,0,0,0,0,0
MNP,1990,0,0,0,0,0,0,0,0
MNP,2000,0,0,0,0,0.3,0,0,0
MNP,2010,0,0,0,0,0.2,0,0,0
MNP,2020,0,0,0,0,0,0,0,0
NOR,1950,0,0,0,0,0,0,0,0
NOR,1960,0,0,0,0,0,0,0,0
NOR,1970,0,0,0,0,0,0,0,0
NOR,1980,0,0,0,0,0,0,0,0
NOR,1990,0,0,0,0.1,0,0,0,0
NOR,2000,0,0,0,0,0,0,0,0
NOR,2010,0,0,0,0,0.4,0.1,0,0
NOR,2020,0,0,0,0,0,12114,0,0
OMN,1950,0,0,0,0,0,0,0,0
OMN,1960,0,0,0,0,0,0,0,0
OMN,1970,0,0,0,0,45117,0,0,0
OMN,1980,0,0,0,0,45079,0,0,0
OMN,1990,0,0,0,0,0,0,0,0
OMN,2000,0,0,0,0,44996,0,0,0
OMN,2010,0,0,0,44927,45080,0,0,0
OMN,2020,0,0,0,1,24624,0,0,0
PAK,1950,0,44958,0,369.1,0,45142,0,44937
PAK,1960,0,0,0,44960,1045,0,0,0
PAK,1970,0,480,0,206.6,0,0,0,45024
PAK,1980,0,45072,0,51.9,44938,45055,0,0
PAK,1990,44999,41.3,0,418,95.6,45065,0,68.4
PAK,2000,0,7357.9,0,226.5,36.9,45192,0,52.7
PAK,2010,45114,79.2,0,484.5,45151,44978,0,154.8
PAK,2020,0,21.33,0,819,50.67,12175,12055,0
PLW,1950,0,0,0,0,0,0,0,0
PLW,1960,0,0,0,0,0,0,0,0
PLW,1970,0,0,0,0,0,0,0,0
PLW,1980,0,0,0,0,0,0,0,0
PLW,1990,0,0,0,0,0,0,0,0
PLW,2000,0,0,0,0,0,0,0,0
PLW,2010,0,0,0,0,0,0,0,0
PLW,2020,0,0,0,0,0,0,0,0
PSE,1950,0,0,0,0,0,0,0,0
PSE,1960,0,0,0,0,0,0,0,0
PSE,1970,0,0,0,0,0,0,0,0
PSE,1980,0,0,0,0,0,0,0,0
PSE,1990,0,0,0,0,0,0,0,0
PSE,2000,0,0,0,0,0,0,0,0
PSE,2010,0,0,0,0.5,0.5,0,0,0
PSE,2020,0,0,0,0,0,0,0,12086
PAN,1950,0,0,0,0,0,0,0,0
PAN,1960,0,0,0,2,0.1,0,0,0
PAN,1970,0,0,0,45023,0,0,0,0
PAN,1980,0,0,0,0.3,3,0,0,0
PAN,1990,0,3,0,45017,45047,0,0,0
PAN,2000,0,0.2,0,45083,0,0,0,0
PAN,2010,0,0,0,3,45017,0,0,0
PAN,2020,0,0,0,4,27.67,0,0,0
PNG,1950,0,300,300,0,0,0,0,0
PNG,1960,0,0,0,0,0,0,0,0
PNG,1970,0,45047,0,0,0,44996,0,0
PNG,1980,0,44927,0,45082,0,0,0,0
PNG,1990,6,223.5,0.9,0.2,45111,45161,0,0
PNG,2000,0,0.8,0,0.2,44974,44993,0,0
PNG,2010,45018,44944,0,0.7,0,7,0,0
PNG,2020,0,12086,0,12206,0,24654,0,0
PRY,1950,0,0,0,0,0,0,0,0
PRY,1960,0,0,0,0.6,0,0,0,0
PRY,1970,0,0,0,0,0,0,0,0
PRY,1980,0,0,0,45084,0,0,0,0
PRY,1990,44958,0,0,45051,44988,0,0,0
PRY,2000,0.4,0,0,0,0,0,0.8,0.8
PRY,2010,0,0,0,44962,0.7,0,0,44958
PRY,2020,0,0,0,12114,0,0,0,0
PER,1950,0,12,0,0,0,13,0,0
PER,1960,0,34.4,0,45054,6,44930,0,0
PER,1970,0,6694.8,0,45104,0,141,0,0
PER,1980,0,45021,0,78.3,0,123.8,0,45108
PER,1990,0,29.2,0,30,51.8,43.8,0,45048
PER,2000,0,74.9,0,45136,45174,45125,0,77
PER,2010,0,45139,0,48.7,45078,45056,0,120.8
PER,2020,0,0,0.67,13,0,12267,0,0
PHL,1950,0,41.3,58.4,0,221.7,0,0,0
PHL,1960,0,45015,35.8,45171,168.8,4,0,0
PHL,1970,0,602.9,0,84.5,624.1,44959,0,0
PHL,1980,0,44928,0,52.5,720.3,35.3,0,0
PHL,1990,0.8,250.4,71.9,109.8,971.7,45004,0.2,0
PHL,2000,0,45047,0,48.9,713,172.7,0,0
PHL,2010,0,45.1,0,68.2,1255,45087,0,0
PHL,2020,0,24532,0.33,24504,407,5,0,0
POL,1950,0,0,0,0,0,0,0,0
POL,1960,0,0,0,0,0,0,0,0
POL,1970,0,0,0,0,0,0,0,0
POL,1980,0,0,0,0,0,0,0,0
POL,1990,0,0,0,45022,0.4,0,45049,45164
POL,2000,0,0,0,3,45141,0,0,110.8
POL,2010,0,0,0,44928,45078,0,0,70.9
POL,2020,0,0,0,0,24563,0,0,0
PRT,1950,0,0,0,0,0,0,0,0
PRT,1960,0,0.2,0,46.2,0,0,45048,0
PRT,1970,0,0,0,44987,44927,0,0,0
PRT,1980,0,45175,0,45173,0,0,45171,0
PRT,1990,0,1,0,1,45171,45171,0,0
PRT,2000,0,0,0,0.9,0.4,0,44929,319.9
PRT,2010,0,0,0,45020,0.9,0,44969,0
PRT,2020,0,0,0,0,0,0,1,0
PRI,1950,0,0,0,0,0,0,0,0
PRI,1960,0,0,0,0,0,0,0,0
PRI,1970,0,0,0,6,45171,0,0,0
PRI,1980,0,0,0,50,0,45089,0,0
PRI,1990,0,0,0,45139,2,0,0,0
PRI,2000,0,0,0,0.4,0.3,0,0,0
PRI,2010,0,0,0,0.1,45113,0,0,0
PRI,2020,0,12055,0,0,24685,0,0,0
QAT,1950,0,0,0,0,0,0,0,0
QAT,1960,0,0,0,0,0,0,0,0
QAT,1970,0,0,0,0,0,0,0,0
QAT,1980,0,0,0,0,0,0,0,0
QAT,1990,0,0,0,0,0,0,0,0
QAT,2000,0,0,0,0,0,0,0,0
QAT,2010,0,0,0,0,0,0,0,0
QAT,2020,0,0,0,0,0,0,0,0
REU,1950,0,0,0,0,0,0,0,0
REU,1960,0,0,0,0,0,0,0,0
REU,1970,0,0,0,0,0,0,0,0
REU,1980,0,0,0,0,45050,1,0,0
REU,1990,0,0,0,0,45017,0,0,0
REU,2000,0,0,0,0,0.4,0,0,0
REU,2010,0,0,0,0,0.1,0,0,0
REU,2020,0,0,0,0,0,0,0,0
ROU,1950,0,0,0,0,0,0,0,0
ROU,1960,0,0,0,0,0,0,0,0
ROU,1970,0,164.1,0,45073,0,0,0,0
ROU,1980,0,0,0,0,0,0,0,0
ROU,1990,0,0.9,0,45126,45047,0,0,45086
ROU,2000,0,0,0,45096,45171,0,0,44985
ROU,2010,0,0,0,45111,0.9,0,0,45000
ROU,2020,0,0,0,12055,0,0,0,0
RUS,1950,0,0,0,0,0,0,0,0
RUS,1960,0,0,0,0,0,0,0,0
RUS,1970,0,0,0,0,0,0,0,0
RUS,1980,0,0,0,0,0,0,0,0
RUS,1990,0,200.1,0,45036,45124,31.6,45113,56.4
RUS,2000,0,45139,0,28,45019,45153,0.9,135.6
RUS,2010,0,0,0,44985,45108,0,44994,5599.4
RUS,2020,0,0,0,3,2,2,12175,0
RWA,1950,0,0,0,0,0,0,0,0
RWA,1960,0,0,0,0,0,0,0,0
RWA,1970,0,0,0,0,0,0,0,0
RWA,1980,45130,0,0,45142,0,0,0,0
RWA,1990,0,0,0,0,0,0,0,0
RWA,2000,0,44934,0,44937,0,45018,0,0
RWA,2010,0,0,0,45033,0.3,45177,0,0
RWA,2020,0,0,0,45.67,0,0,0,0
BLM,1950,0,0,0,0,0,0,0,0
BLM,1960,0,0,0,0,0,0,0,0
BLM,1970,0,0,0,0,0,0,0,0
BLM,1980,0,0,0,0,0,0,0,0
BLM,1990,0,0,0,0,0,0,0,0
BLM,2000,0,0,0,0,0,0,0,0
BLM,2010,0,0,0,0,0.4,0,0,0
BLM,2020,0,0,0,0,0,0,0,0
SHN,1950,0,0,0,0,0,0,0,0
SHN,1960,0,0,0,0,0,0,0,0
SHN,1970,0,0,0,0,0,0,0,0
SHN,1980,0,0,0,0,0,0,0,0
SHN,1990,0,0,0,0,0,0,0,0
SHN,2000,0,0,0,0,0,0,0,0
SHN,2010,0,0,0,0,0,0,0,0
SHN,2020,0,0,0,0,0,0,0,0
KNA,1950,0,0,0,0,0,0,0,0
KNA,1960,0,0,0,0,0,0,0,0
KNA,1970,0,0,0,0,0,0,0,0
KNA,1980,0,0,0,0,0.1,0,0,0
KNA,1990,0,0,0,0,0.5,0,0,0
KNA,2000,0,0,0,0,0,0,0,0
KNA,2010,0,0,0,0,0,0,0,0
KNA,2020,0,0,0,0,0,0,0,0
LCA,1950,0,0,0,0,0,0,0,0
LCA,1960,0,0,0,0,1,0,0,0
LCA,1970,0,0,0,0,0,0,0,0
LCA,1980,0,0,0,0,0.9,0,0,0
LCA,1990,0,0,0,0,0.4,0,0,0
LCA,2000,0,0,0,0,0.1,0,0,0
LCA,2010,0,0,0,0.6,45017,0,0,0
LCA,2020,0,0,0,0,0.33,0,0,0
MAF,1950,0,0,0,0,0,0,0,0
MAF,1960,0,0,0,0,0,0,0,0
MAF,1970,0,0,0,0,0,0,0,0
MAF,1980,0,0,0,0,0,0,0,0
MAF,1990,0,0,0,0,0,0,0,0
MAF,2000,0,0,0,0,0,0,0,0
MAF,2010,0,0,0,0,44958,0,0,0
MAF,2020,0,0,0,0,0,0,0,0
VCT,1950,0,0,0,0,44969,0,0,0
VCT,1960,0,0,0,0,0.2,0,0,0
VCT,1970,0,0,0.2,0,0,0,0,0
VCT,1980,0,0,0,0,0,0,0,0
VCT,1990,0,0,0,0.3,0,0,0,0
VCT,2000,0,0,0,0,0.4,0,0,0
VCT,2010,0,0,0,44958,0.1,0,0,0
VCT,2020,0,0,0,0,0,0,0,0
WSM,1950,0,0,0,0,0,0,0,0
WSM,1960,0,0,0,0,26,0,0,0
WSM,1970,0,0,0,0,0,0,0,0
WSM,1980,0,0,0,0,0,0,0,0
WSM,1990,0,0,0,0,44928,0,0,0
WSM,2000,0,45152,0,0,1,0,0,0
WSM,2010,0,0,0,0,44958,0,0,0
WSM,2020,0,0,0,0,0,0,0,0
STP,1950,0,0,0,0,0,0,0,0
STP,1960,0,0,0,0,0,0,0,0
STP,1970,0,0,0,0,0,0,0,0
STP,1980,0,0,0,0,0,0,0,0
STP,1990,0,0,0,0,0,0,0,0
STP,2000,0,0,0,0,0,0,0,0
STP,2010,0,0,0,0,0,0,0,0
STP,2020,0,0,0,24504,0,0,0,0
SAU,1950,0,0,0,0,0,0,0,0
SAU,1960,0,0,0,2,0,0,0,0
SAU,1970,0,0,0,0,0,0,0,0
SAU,1980,0,0,0,44960,0,0,0,0
SAU,1990,0,0,0,0,0,0,0,0
SAU,2000,0,0,0,26,0,0,0,0
SAU,2010,0,0,0,44942,0.3,0,0,0
SAU,2020,0,0,0,1,0,0,0,0
SEN,1950,0,0,0,0,0,0,0,0
SEN,1960,0,0,0,0,0,0,0,0
SEN,1970,0,0,0,0,0,0,0,0
SEN,1980,0,0,0,0,0,0,0,0
SEN,1990,0,0,0,0,45125,0,0,0
SEN,2000,0,0,0,44931,0.2,0,0,0
SEN,2010,0,0,0,4,0,0,0,0
SEN,2020,0,0,0,24532,0,0,0,0
SRB,1950,0,0,0,0,0,0,0,0
SRB,1960,0,0,0,0,0,0,0,0
SRB,1970,0,0,0,0,0,0,0,0
SRB,1980,0,0,0,0,0,0,0,0
SRB,1990,0,0,0,0,0,0,0,0
SRB,2000,0,0,0,0,0,0,0,0
SRB,2010,0,0.2,0,45143,0,0,0,45080
SRB,2020,0,0,0,0,0,0,0,0
SYC,1950,0,0,0,0,0,0,0,0
SYC,1960,0,0,0,0,0,0,0,0
SYC,1970,0,0,0,0,0,0,0,0
SYC,1980,0,0,0,0,0,0,0,0
SYC,1990,0,0,0,0.5,0,0,0,0
SYC,2000,0,0.3,0,0,0,0,0,0
SYC,2010,0,0,0,0,0,0,0,0
SYC,2020,0,0,0,0,0,0,0,0
SLE,1950,0,0,0,0,0,0,0,0
SLE,1960,0,0,0,0,0,0,0,0
SLE,1970,0,0,0,0,0.1,0,0,0
SLE,1980,0,0,0,0,6,0,0,0
SLE,1990,0,0,0,44958,44986,0,0,0
SLE,2000,0,0,0,44998,0,0,0,0
SLE,2010,0,0,0,45141,0,111.8,0,0
SLE,2020,0,0,0,4,0,0,0,0
SXM,1950,0,0,0,0,0,0,0,0
SXM,1960,0,0,0,0,0,0,0,0
SXM,1970,0,0,0,0,0,0,0,0
SXM,1980,0,0,0,0,0,0,0,0
SXM,1990,0,0,0,0,0,0,0,0
SXM,2000,0,0,0,0,0,0,0,0
SXM,2010,0,0,0,0,0.4,0,0,0
SXM,2020,0,0,0,0,0,0,0,0
SVK,1950,0,0,0,0,0,0,0,0
SVK,1960,0,0,0,0,0,0,0,0
SVK,1970,0,0,0,0,0,0,0,0
SVK,1980,0,0,0,0,0,0,0,0
SVK,1990,0,0,0,45082,0,0,0,0
SVK,2000,0,0,0,0.4,0.2,0,0.6,0.1
SVK,2010,0,0,0,0.5,0.1,0,0,45119
SVK,2020,0,0,0,0.67,0,0,0,0
SVN,1950,0,0,0,0,0,0,0,0
SVN,1960,0,0,0,0,0,0,0,0
SVN,1970,0,0,0,0,0,0,0,0
SVN,1980,0,0,0,0,0,0,0,0
SVN,1990,0,0,0,0,0,0,0,0
SVN,2000,0,0.1,0,0,0.6,0,0,45197
SVN,2010,0,0,0,0.3,0,0,0,0.1
SVN,2020,0,0,0,0,0.33,0,0,0
SLB,1950,0,0,0,0,20,0,0,0
SLB,1960,0,0,0,0,45078,0,0,0
SLB,1970,0,45039,0,0,0.2,0,0,0
SLB,1980,0,0.1,0,0,44936,0,0,0
SLB,1990,0,0,0,0,0.4,0,0,0
SLB,2000,0,44962,0,44928,0,0,0,0
SLB,2010,0,1,0,45173,0.9,0,0,0
SLB,2020,0,0,0,0,16,0,0,0
SOM,1950,0,0,0,0,0,0,0,0
SOM,1960,5,0,0,20,0,0,0,0
SOM,1970,1900,0,0,0,0,0,0,0
SOM,1980,60,0,0,45172,0,0,0,0
SOM,1990,44928,0,0,243.4,3,0,0,0
SOM,2000,0.2,45167,0,14,0,0,0,0
SOM,2010,2000,0,0,8,44948,0,0,0
SOM,2020,0,0,0,19,3,0,0,0
ZAF,1950,0,0,0,44931,45049,0,0,0
ZAF,1960,0,0.9,0,0,0,0,0,0
ZAF,1970,0,0,0,45082,0,0,0,0
ZAF,1980,0,0,0,63.5,45023,0,0,0
ZAF,1990,0,45048,0,28,45051,45019,45019,3
ZAF,2000,0,0.2,0,44972,44963,0,45025,44959
ZAF,2010,0,0.1,0,45188,44992,0,0.9,44927
ZAF,2020,0,0,0,198.67,12389,0,0,0
KOR,1950,0,0,0,45199,67,44995,0,0
KOR,1960,0,0,0,136.5,45016,45088,0,0
KOR,1970,0,0,0,111.7,45011,45048,0,0
KOR,1980,0,0,0,45098,116.4,44964,0,0
KOR,1990,0,0,0,75.3,33.6,3,0,4
KOR,2000,0,0,0,45157,42.3,0,0.2,0
KOR,2010,0,0,0,45176,45115,45174,0.1,0.6
KOR,2020,0,0,0,23.67,13.67,0,0,0.67
SSD,1950,0,0,0,0,0,0,0,0
SSD,1960,0,0,0,0,0,0,0,0
SSD,1970,0,0,0,0,0,0,0,0
SSD,1980,0,0,0,0,0,0,0,0
SSD,1990,0,0,0,0,0,0,0,0
SSD,2000,0,0,0,45108,0,0,0,0
SSD,2010,0,0,0,45183,0,0,5,0
SSD,2020,0,0,0,12086,0,0,0,0
ESP,1950,0,44927,0,45119,45079,0,0,0
ESP,1960,0,0,0,44.5,0,0,0,0
ESP,1970,0,0,0,52.2,45170,0,0,40
ESP,1980,0,0,0,45182,44961,0,45108,4
ESP,1990,0,0,0,45078,45142,45024,2,3
ESP,2000,0,0,0,45143,45143,0,45171,1515.9
ESP,2010,0,1,0,45082,45078,0,0.8,44927
ESP,2020,0,0,0.33,1,12236,0,0,0
LKA,1950,0,0,0,0,20,0,0,0
LKA,1960,0,0,0,45179,45097,0,0,0
LKA,1970,0,0,0,1,74,45021,0,0
LKA,1980,0,0,0,48.3,0,0,0,0
LKA,1990,0,0,0,45056,0,45052,0,0
LKA,2000,0,3539.9,0,36.3,45017,0,0,0
LKA,2010,0,0,0,93.7,45082,44950,0,0
LKA,2020,0,0,0,17.33,24473,0,0,0
SDN,1950,0,0,0,0,0,0,0,0
SDN,1960,0,0,0,0,0,0,0,0
SDN,1970,0,0,0,45019,0,0,0,0
SDN,1980,15000,0,0,45086,0,0,0,0
SDN,1990,0,0.3,0,33,0,0,45111,0
SDN,2000,0,0,0,45068,44988,0,0,0
SDN,2010,0,0,0,52.6,2,0,0,45078
SDN,2020,0,0,0,117.67,0,0,0,0
SUR,1950,0,0,0,0,0,0,0,0
SUR,1960,0,0,0,0,0,0,0,0
SUR,1970,0,0,0,0,0,0,0,0
SUR,1980,0,0,0,0,0,0,0,0
SUR,1990,0,0,0,0,0,0,0,0
SUR,2000,0,0,0,0.5,0,0,0,0
SUR,2010,0,0,0,0,0,0,0,0
SUR,2020,0,0,0,0,0,0,0,0
SWE,1950,0,0,0,0,0,0,0,0
SWE,1960,0,0,0,0,0,0,0,0
SWE,1970,0,0,0,0,0,44986,0,0
SWE,1980,0,0,0,44927,0,0,0,0
SWE,1990,0,0,0,0,0.3,0,0,0
SWE,2000,0,0,0,0,0.8,0,0,0
SWE,2010,0,0,0,0,0.7,0,0,0
SWE,2020,0,0,0,0,0.33,0,0,0
CHE,1950,0,0,0,0,0,44966,0,0
CHE,1960,0,0,0,0,0,11,0,0
CHE,1970,0,0,0,0,0,44989,0,0
CHE,1980,0,0,0,0,0.1,0,0,0
CHE,1990,0,0,0,0.3,45170,3,0,0
CHE,2000,0,0,0,0.7,0.2,2,0,103.9
CHE,2010,0,0,0,0,0.6,0,0,44927
CHE,2020,0,0,0,0,0,24593,0,0
SYR,1950,0,0,0,0,0,0,0,0
SYR,1960,0,0,0,0,0,0,0,0
SYR,1970,0,0,0,0,0,0,0,0
SYR,1980,0,0,0,0,0,0,0,0
SYR,1990,0,0,0,0,0,0,0,0
SYR,2000,0,0,0,0.6,44960,8,0,0
SYR,2010,0,0,0,0.2,44986,0,0,0
SYR,2020,0,0,0,0.33,0.67,0,1,0
TWN,1950,0,44936,0,0,124.4,0,0,0
TWN,1960,0,44969,0,0,84.1,0,0,0
TWN,1970,0,0,0,45050,44932,0,0,0
TWN,1980,0,44986,0,44929,45131,45017,0,0
TWN,1990,0,226.5,0,44986,45006,0,0,0
TWN,2000,0,0.6,0,45170,111,0,0,0
TWN,2010,0,45097,0,44927,44965,0,0,45054
TWN,2020,0,0.33,0,0,12206,0,0,0
TJK,1950,0,0,0,0,0,0,0,0
TJK,1960,0,0,0,0,0,0,0,0
TJK,1970,0,0,0,0,0,0,0,0
TJK,1980,0,0,0,0,0,0,0,0
TJK,1990,0,0,0,142.4,0,45198,0,0
TJK,2000,0,45108,0,45177,0,45082,0,0
TJK,2010,0,0.4,0,45179,0,44987,0,0.1
TJK,2020,0,24473,0,3,0,4,0,0
TZA,1950,0,0,0,0,0,0,0,0
TZA,1960,0,0.4,0,4,0,0,0,0
TZA,1970,0,0,0,45048,0,0,0,0
TZA,1980,0,0,0,1,0,0,0,0
TZA,1990,0,0,0,42.1,0.4,0,0,0
TZA,2000,0,45047,0,44973,0,44986,0,0
TZA,2010,0,45108,0,45063,45111,0,0,0
TZA,2020,0,0,0,18,0,0,0,0
THA,1950,0,0,0,0,0,0,0,0
THA,1960,0,0,0,0.6,76.9,0,0,0
THA,1970,0,0,0,33.5,5,0,0,0
THA,1980,0,0,0,87.2,51.3,0,0,0
THA,1990,0,0,0,51.8,33.7,0.9,0,0
THA,2000,0,834.5,0,93.5,45109,45141,0,0
THA,2010,0,0.2,0,143.8,45140,0,0,45114
THA,2020,0,0,0,19,24593,0,0,0
TLS,1950,0,0,0,0,0,0,0,0
TLS,1960,0,0,0,0,0,0,0,0
TLS,1970,0,0,0,0,0,0,0,0
TLS,1980,0,0,0,0,0,0,0,0
TLS,1990,0,0,0,0,0,0,0,0
TLS,2000,0,0,0,0.5,0,0,0,0
TLS,2010,0,0,0,0,0,0,0,0
TLS,2020,0,0,0,1,13.67,0,0,0
TGO,1950,0,0,0,0,0,0,0,0
TGO,1960,0,0,0,0,0,0,0,0
TGO,1970,0,0,0,0,0,0,0,0
TGO,1980,0,0,0,0,0,0,0,0
TGO,1990,0,0,0,0.3,0,0,0,0
TGO,2000,0,0,0,45111,0,0,0,0
TGO,2010,0,0,0,44959,0,0,0,0
TGO,2020,0,0,0,24532,0,0,0,0
TKL,1950,0,0,0,0,0,0,0,0
TKL,1960,0,0,0,0,0,0,0,0
TKL,1970,0,0,0,0,0,0,0,0
TKL,1980,0,0,0,0,0,0,0,0
TKL,1990,0,0,0,0,0,0,0,0
TKL,2000,0,0,0,0,0,0,0,0
TKL,2010,0,0,0,0,0,0,0,0
TKL,2020,0,0,0,0,0,0,0,0
TON,1950,0,0,0,0,0,0,0,0
TON,1960,0,0,0,0,0.2,0,0,0
TON,1970,0,0.1,0,0,0.3,0,0,0
TON,1980,0,0,0,0,0.7,0,0,0
TON,1990,0,0,0,0,0.1,0,0,0
TON,2000,0,0.9,0,0,0,0,0,0
TON,2010,0,0,0,0,0.1,0,0,0
TON,2020,0,0,12055,0,0,0,0,0
TTO,1950,0,0,0,0,0,0,0,0
TTO,1960,0,0,0,0,45018,0,0,0
TTO,1970,0,0,0,0,0.2,0,0,0
TTO,1980,0,0,0,0,0,0,0,0
TTO,1990,0,0,0,0.5,0,0,0,0
TTO,2000,0,0,0,0,0.1,0.2,0,0
TTO,2010,0,0,0,0,0,0,0,0
TTO,2020,0,0,0,0,0,0,0,0
TUN,1950,0,44986,0,0,0,0,0,0
TUN,1960,0,0,0,62.9,0,0,0,0
TUN,1970,0,0,0,44937,0,0,0,0
TUN,1980,0,0,0,14,0,0,0,0
TUN,1990,0,0,0,45110,0,0,0,0
TUN,2000,0,0,0,45050,0,0,0,0
TUN,2010,0,0,0,44986,0,0,0,0
TUN,2020,0,0,0,12114,0,0,0,0
TUR,1950,0,158.1,0,45130,0,0,0,0
TUR,1960,0,281,0,45121,0,0,0,0
TUR,1970,0,828.2,0,44988,3,45113,0,0
TUR,1980,0,136.7,0,45147,0,45026,44986,3
TUR,1990,0,1887.6,0,45103,44929,45189,0,0
TUR,2000,0,44982,0,45158,45110,45172,0.2,7
TUR,2010,0,69.9,0,45082,0,45020,0,0
TUR,2020,0,55.33,0,34,0.67,13.67,3,0
TKM,1950,0,0,0,0,0,0,0,0
TKM,1960,0,0,0,0,0,0,0,0
TKM,1970,0,0,0,0,0,0,0,0
TKM,1980,0,0,0,0,0,0,0,0
TKM,1990,0,0,0,0,0,0,0,0
TKM,2000,0,44927,0,0,0,0,0,0
TKM,2010,0,0,0,0,0,0,0,0
TKM,2020,0,0,0,0,0,0,0,0
TCA,1950,0,0,0,0,0,0,0,0
TCA,1960,0,0,0,0,0,0,0,0
TCA,1970,0,0,0,0,0,0,0,0
TCA,1980,0,0,0,0,0,0,0,0
TCA,1990,0,0,0,0,0,0,0,0
TCA,2000,0,0,0,0,0.4,0,0,0
TCA,2010,0,0,0,0,0,0,0,0
TCA,2020,0,0,0,0,0,0,0,0
TUV,1950,0,0,0,0,0,0,0,0
TUV,1960,0,0,0,0,0,0,0,0
TUV,1970,0,0,0,0,0.6,0,0,0
TUV,1980,0,0,0,0,0,0,0,0
TUV,1990,0,0,0,0,0,0,0,0
TUV,2000,0,0,0,0,0,0,0,0
TUV,2010,0,0,0,0,0,0,0,0
TUV,2020,0,0,0,0,0,0,0,0
UGA,1950,0,0,0,0,0,0,0,0
UGA,1960,0,45026,0,0,0,0,0,0
UGA,1970,0,0,0,0,0,0,0,0
UGA,1980,0,0,0,0,0,0,0,0
UGA,1990,45057,0.7,0,10,0,2,0,0
UGA,2000,45176,0,0,45150,0,44927,0,0
UGA,2010,0,0.4,0,45034,44987,56,0,0
UGA,2020,821.67,0,0,21.67,24504,12206,0,0
UKR,1950,0,0,0,0,0,0,0,0
UKR,1960,0,0,0,0,0,0,0,0
UKR,1970,0,0,0,0,0,0,0,0
UKR,1980,0,0,0,0,0,0,0,0
UKR,1990,0,0,0,45109,44927,0,0,0
UKR,2000,0,0,0,45173,1,0,0,83.3
UKR,2010,0,0,0,44927,0,0,0,45195
UKR,2020,0,0,0,1,0.33,0,12175,0
ARE,1950,0,0,0,0,0,0,0,0
ARE,1960,0,0,0,0,0,0,0,0
ARE,1970,0,0,0,0,0,0,0,0
ARE,1980,0,0,0,0,0,0,0,0
ARE,1990,0,0,0,0,0,0,0,0
ARE,2000,0,0,0,0,0,0,0,0
ARE,2010,0,0,0,0,0,0,0,0
ARE,2020,0,0,0,0,0,0,0,0
GBR,1950,0,0,0,45019,0,0,0,0
GBR,1960,0,0,0,0,2,14,0,0
GBR,1970,0,0,0,0.6,0,0,0,0
GBR,1980,0,0,0,0,44964,0,0,0
GBR,1990,0,0,0,45108,44945,0,0,45017
GBR,2000,0,0,0,45079,45051,0,0,45076
GBR,2010,0,0,0,44927,45170,0,0,92.6
GBR,2020,0,0,0,0,3,0,0,852
USA,1950,0,44961,0,45152,251.8,0,44927,45094
USA,1960,0,45188,0,45038,277.5,0,0,41.2
USA,1970,0,45052,0,59.9,144.7,40,0,44960
USA,1980,0,45114,9,14,184.4,0,0,166
USA,1990,0,45052,0,37.4,184.9,0,45142,115.6
USA,2000,0,0.3,0,45198,331.6,45047,45051,38.7
USA,2010,0,0.1,0,44953,232.1,45022,45067,45064
USA,2020,15,0,0,33.67,280.33,0,14.33,76.33
VIR,1950,0,0,0,0,0,0,0,0
VIR,1960,0,0,0,0,0,0,0,0
VIR,1970,0,0,0,0,0,0,0,0
VIR,1980,0,0,0,0,0,0,0,0
VIR,1990,0,0,0,0,1,0,0,0
VIR,2000,0,0,0,0,0,0,0,0
VIR,2010,0,0,0,0,0.7,0,0,0
VIR,2020,0,0,0,0,0,0,0,0
URY,1950,0,0,0,0,0,0,0,0
URY,1960,0,0,0,0.8,0,0,0,0
URY,1970,0,0,0,0,0,0,0,0
URY,1980,0,0,0,0,0,0,0,0
URY,1990,0,0,0,0.1,0.2,0,0,0
URY,2000,0,0,0,0.3,0.9,0,0,0.7
URY,2010,0,0,0,1,0,0,0,0.4
URY,2020,0,0,0,0,0,0,0,0
UZB,1950,0,0,0,0,0,0,0,0
UZB,1960,0,0,0,0,0,0,0,0
UZB,1970,0,0,0,0,0,0,0,0
UZB,1980,0,0,0,0,0,0,0,0
UZB,1990,0,0.9,0,0,0,45018,0,0
UZB,2000,0,0,0,0,0,0,0,0
UZB,2010,0,44986,0,0,0,0,0,0
UZB,2020,0,0,0,3,0,24504,0,0
VUT,1950,0,0,0,0,10,0,0,0
VUT,1960,0,0,0,0,0,0,0,0
VUT,1970,0,0,0,0,0.4,0,0,0
VUT,1980,0,0,0,0,45112,0.1,0,0
VUT,1990,0,44958,0,0,45141,0,0,0
VUT,2000,0,0,0,0,0.4,0,0,0
VUT,2010,0,0,0,0,44987,0,0,0
VUT,2020,0,0,0,0,1,0,0,0
VEN,1950,0,10,0,0,0,0,0,0
VEN,1960,0,24,0,0,0,3,0,0
VEN,1970,0,0,0,0,0,0,0,0
VEN,1980,0,0.3,0,45030,44927,45088,0,0
VEN,1990,0,8,0,3003.4,10,45139,0,0
VEN,2000,0,0,0,16,0.5,0,0,0
VEN,2010,0,0,0,45083,0.8,0,0,0
VEN,2020,0,0,0,26.67,0,36.33,0,0
VNM,1950,0,0,0,0,105.6,0,0,0
VNM,1960,0,0,0,43.1,700,0,0,0
VNM,1970,0,0,0,44957,44978,0,0,0
VNM,1980,0,0,0,38.5,373.9,0,0,0
VNM,1990,0,0,0,201.6,554.1,44948,0,0
VNM,2000,0,0,0,200,131.9,45179,0,0
VNM,2010,0,0,0,86.7,50.8,0,0,0
VNM,2020,0,0,0,18,115.33,0,0,0
WLF,1950,0,0,0,0,0,0,0,0
WLF,1960,0,0,0,0,0,0,0,0
WLF,1970,0,0,0,0,0,0,0,0
WLF,1980,0,0,0,0,0.1,0,0,0
WLF,1990,0,0.5,0,0,0,0,0,0
WLF,2000,0,0,0,0,0,0,0,0
WLF,2010,0,0,0,0,0,0,0,0
WLF,2020,0,0,0,0,0,0,0,0
YEM,1950,0,0,0,0,0,0,0,0
YEM,1960,0,0,0,0,0,0,0,0
YEM,1970,0,0,0,0,0,0,0,0
YEM,1980,0,0,0,0,0,0,0,0
YEM,1990,0,1,0,44.6,0,0,0,0
YEM,2000,0,0,0.6,33.6,3,45084,0,0
YEM,2010,0,0,0,45153,45053,2,0,0
YEM,2020,0,0,0,67,0,0,0,0
ZMB,1950,0,0,0,0,0,0,0,0
ZMB,1960,0,0,0,0,0,0,0,0
ZMB,1970,0,0,0,44927,0,0,0,0
ZMB,1980,0,0,0,0,0,0,0,0
ZMB,1990,0,0,0,0,0,0,0,0
ZMB,2000,0,0,0,6,0,0,0,0
ZMB,2010,0,0,0,0.4,0,0.9,0,0
ZMB,2020,0,0,0,2,0,0,0,0
ZWE,1950,0,0,0,0,0,0,0,0
ZWE,1960,0,0,0,0,0,0,0,0
ZWE,1970,0,0,0,0,44927,0,0,0
ZWE,1980,0,0,0,0,0,0,0,0
ZWE,1990,0,0,0,45080,0,0,0,0
ZWE,2000,0,0,0,44968,0.8,0,0,0
ZWE,2010,0,0,0,45062,92,0,0,0
ZWE,2020,0,0,0,0,1,0,0,0
