iso_code;year;total_reconstruction_costs;total_insured_damages;total_economic_damages
AFG;1950;0;0;2500000
AFG;1960;0;0;20000
AFG;1970;0;0;5200000
AFG;1980;0;0;26900000
AFG;1990;0;20000;8401000
AFG;2000;0;0;2511000
AFG;2010;0;0;14800000
AFG;2020;0;0;0
ALB;1950;0;0;0
ALB;1960;0;0;21570000
ALB;1970;0;0;40720000
ALB;1980;0;0;7775400
ALB;1990;0;0;225193900
ALB;2000;0;0;1767300
ALB;2010;0;0;440690000
ALB;2020;0;0;627666700
DZA;1950;0;0;600000
DZA;1960;0;0;2500000
DZA;1970;0;0;4000000
DZA;1980;0;0;520200000
DZA;1990;0;0;6182900
DZA;2000;0;0;570101700
DZA;2010;0;0;77900000
DZA;2020;0;0;0
ASM;1950;0;0;0
ASM;1960;0;0;0
ASM;1970;0;0;0
ASM;1980;0;0;500000
ASM;1990;0;0;0
ASM;2000;0;0;20000000
ASM;2010;0;0;0
ASM;2020;0;0;0
AGO;1950;0;0;0
AGO;1960;0;0;0
AGO;1970;0;0;0
AGO;1980;0;0;0
AGO;1990;0;0;0
AGO;2000;0;0;1000000
AGO;2010;0;0;200000
AGO;2020;0;0;0
AIA;1950;0;0;0
AIA;1960;0;0;3500000
AIA;1970;0;0;0
AIA;1980;0;0;0
AIA;1990;0;0;5000
AIA;2000;0;0;0
AIA;2010;0;670000;20000000
AIA;2020;0;0;0
ATG;1950;0;0;100000
ATG;1960;0;0;0
ATG;1970;0;0;0
ATG;1980;0;0;8000000
ATG;1990;0;5000000;45000000
ATG;2000;0;0;0
ATG;2010;20000000;680000;26260000
ATG;2020;0;0;0
ARG;1950;0;0;0
ARG;1960;0;0;3300000
ARG;1970;0;0;10500000
ARG;1980;0;0;393000000
ARG;1990;0;0;275200000
ARG;2000;0;0;214821000
ARG;2010;0;21300000;249920000
ARG;2020;0;0;243333330
ARM;1950;0;0;0
ARM;1960;0;0;0
ARM;1970;0;0;0
ARM;1980;0;0;0
ARM;1990;0;0;4145300
ARM;2000;0;0;12000000
ARM;2010;0;0;346182200
ARM;2020;0;0;0
AUS;1950;0;0;0
AUS;1960;0;0;7210000
AUS;1970;0;0;247757100
AUS;1980;0;56990000;198211600
AUS;1990;0;127690000;479259300
AUS;2000;0;421400000;831645400
AUS;2010;0;1230100000;2735040000
AUS;2020;0;1824333373;5536666600
AUT;1950;0;0;0
AUT;1960;0;0;12931800
AUT;1970;0;0;38120000
AUT;1980;0;0;94288700
AUT;1990;0;22590000;1943347000
AUT;2000;0;79000000;1646476000
AUT;2010;0;24700000;2717659800
AUT;2020;0;0;2700000000
AZE;1950;0;0;0
AZE;1960;0;0;60000000
AZE;1970;0;0;0
AZE;1980;0;0;600000000
AZE;1990;0;0;201920000
AZE;2000;0;0;206500000
AZE;2010;0;0;120000000
AZE;2020;0;0;0
BHS;1950;0;0;0
BHS;1960;0;0;1770000
BHS;1970;0;0;0
BHS;1980;0;0;0
BHS;1990;0;2200000;70040000
BHS;2000;0;24500000;185000000
BHS;2010;0;7639800;417700000
BHS;2020;0;0;0
BGD;1950;0;0;0
BGD;1960;0;0;35747900
BGD;1970;0;0;74080100
BGD;1980;0;0;341070000
BGD;1990;0;8000000;777780000
BGD;2000;0;0;598400000
BGD;2010;0;0;172278500
BGD;2020;0;0;666666670
BRB;1950;0;0;0
BRB;1960;0;0;0
BRB;1970;0;0;50000
BRB;1980;0;0;10150000
BRB;1990;0;0;0
BRB;2000;0;0;520000
BRB;2010;0;0;0
BRB;2020;0;0;0
BLR;1950;0;0;0
BLR;1960;0;0;0
BLR;1970;0;0;0
BLR;1980;0;0;0
BLR;1990;15000000;0;13738000
BLR;2000;0;0;4030000
BLR;2010;0;0;0
BLR;2020;0;0;0
BEL;1950;0;0;0
BEL;1960;0;0;0
BEL;1970;0;0;0
BEL;1980;0;0;5000000
BEL;1990;0;73100000;125798600
BEL;2000;0;28000000;45500000
BEL;2010;0;8000000;49714600
BEL;2020;0;0;666666700
BLZ;1950;0;0;500000
BLZ;1960;0;0;6000000
BLZ;1970;0;0;1000000
BLZ;1980;0;0;0
BLZ;1990;0;0;500000
BLZ;2000;0;0;55200400
BLZ;2010;0;0;0
BLZ;2020;0;0;0
BEN;1950;0;0;0
BEN;1960;0;0;0
BEN;1970;0;0;20000
BEN;1980;0;0;480000
BEN;1990;0;0;331500
BEN;2000;0;0;0
BEN;2010;0;0;0
BEN;2020;0;0;0
BMU;1950;0;0;0
BMU;1960;0;0;0
BMU;1970;0;0;0
BMU;1980;0;0;5350000
BMU;1990;0;0;0
BMU;2000;0;12500000;30000000
BMU;2010;0;0;0
BMU;2020;0;0;0
BTN;1950;0;0;0
BTN;1960;0;0;0
BTN;1970;0;0;0
BTN;1980;0;0;65100
BTN;1990;0;0;350000
BTN;2000;0;0;0
BTN;2010;0;0;0
BTN;2020;0;0;0
BOL;1950;0;0;0
BOL;1960;0;0;371800
BOL;1970;0;0;2050000
BOL;1980;0;0;49840000
BOL;1990;0;0;67000000
BOL;2000;1000000;0;84700000
BOL;2010;0;0;22250000
BOL;2020;0;0;0
BIH;1950;0;0;0
BIH;1960;0;0;0
BIH;1970;0;0;0
BIH;1980;0;0;0
BIH;1990;0;0;0
BIH;2000;0;0;0
BIH;2010;0;0;52358000
BIH;2020;0;0;0
BWA;1950;0;0;0
BWA;1960;0;0;0
BWA;1970;0;0;5000
BWA;1980;0;0;96560000
BWA;1990;0;0;0
BWA;2000;0;0;500000
BWA;2010;0;0;55000000
BWA;2020;0;0;0
BRA;1950;0;0;0
BRA;1960;0;0;9951100
BRA;1970;0;0;104310000
BRA;1980;0;0;364700000
BRA;1990;0;2100000;61280000
BRA;2000;53800000;47300000;306237000
BRA;2010;151000;5000000;316750000
BRA;2020;117000000;0;651666634
VGB;1950;0;0;0
VGB;1960;0;0;100000
VGB;1970;0;0;200000
VGB;1980;0;0;0
VGB;1990;0;0;200000
VGB;2000;0;0;0
VGB;2010;0;0;304400000
VGB;2020;0;0;0
BRN;1950;0;0;0
BRN;1960;0;0;0
BRN;1970;0;0;230010000
BRN;1980;0;0;65100000
BRN;1990;0;0;12400000
BRN;2000;0;0;165000000
BRN;2010;0;0;646000000
BRN;2020;0;0;2000000000
BGR;1950;0;0;0
BGR;1960;0;0;0
BGR;1970;0;0;0
BGR;1980;0;0;0
BGR;1990;0;0;0
BGR;2000;0;0;47810400
BGR;2010;0;7300000;94220000
BGR;2020;0;0;15333333
BFA;1950;0;0;0
BFA;1960;0;0;0
BFA;1970;0;0;0
BFA;1980;0;0;0
BFA;1990;0;0;0
BFA;2000;600000;0;15000000
BFA;2010;0;0;3117600
BFA;2020;0;0;0
BDI;1950;0;0;0
BDI;1960;0;0;0
BDI;1970;0;0;0
BDI;1980;0;0;0
BDI;1990;0;0;0
BDI;2000;0;0;0
BDI;2010;0;0;1500000
BDI;2020;0;0;0
KHM;1950;0;0;0
KHM;1960;0;0;0
KHM;1970;0;0;0
KHM;1980;0;0;0
KHM;1990;0;0;15201000
KHM;2000;0;0;17610000
KHM;2010;0;0;109300000
KHM;2020;0;0;33333334
CMR;1950;0;0;0
CMR;1960;0;0;0
CMR;1970;0;0;0
CMR;1980;0;0;0
CMR;1990;0;0;0
CMR;2000;0;0;0
CMR;2010;0;0;200000
CMR;2020;0;0;0
CAN;1950;0;0;20000000
CAN;1960;0;0;0
CAN;1970;0;0;3600000
CAN;1980;0;27950000;494900000
CAN;1990;0;159790000;535410000
CAN;2000;0;46100000;189800000
CAN;2010;7800000;683253000;1642300000
CAN;2020;0;300000000;1535304006
CPV;1950;0;0;0
CPV;1960;0;0;0
CPV;1970;0;0;150000
CPV;1980;0;0;300000
CPV;1990;0;0;0
CPV;2000;0;0;0
CPV;2010;0;0;110000
CPV;2020;0;0;0
CYM;1950;0;0;0
CYM;1960;0;0;0
CYM;1970;0;0;300000000
CYM;1980;0;0;181000000
CYM;1990;0;0;0
CYM;2000;0;154000000;349658000
CYM;2010;0;0;0
CYM;2020;0;0;0
CAF;1950;0;0;0
CAF;1960;0;0;0
CAF;1970;0;0;0
CAF;1980;0;0;12500
CAF;1990;0;0;0
CAF;2000;0;0;0
CAF;2010;0;0;0
CAF;2020;0;0;0
TCD;1950;0;0;0
TCD;1960;0;0;0
TCD;1970;0;0;0
TCD;1980;0;0;15700
TCD;1990;0;0;0
TCD;2000;0;0;100000
TCD;2010;0;0;1000000
TCD;2020;0;0;0
CHL;1950;0;0;51741000
CHL;1960;0;0;68540000
CHL;1970;0;0;25570000
CHL;1980;0;9000000;169620000
CHL;1990;300000;3400000;69706000
CHL;2000;0;4000000;45690000
CHL;2010;0;903000000;3518910000
CHL;2020;0;0;58333332
CHN;1950;0;0;0
CHN;1960;0;0;8300000
CHN;1970;0;0;560000000
CHN;1980;0;0;1245036800
CHN;1990;0;41940000;10895152500
CHN;2000;0;244200000;17657257800
CHN;2010;0;515400000;22118523600
CHN;2020;0;283333340;16703167040
COL;1950;0;0;500000
COL;1960;0;0;5615000
COL;1970;0;0;16725000
COL;1980;0;0;147340000
COL;1990;0;10000000;206366900
COL;2000;0;0;2000000
COL;2010;0;5500000;354000000
COL;2020;0;0;53333335
COM;1950;0;0;0
COM;1960;0;0;2711800
COM;1970;0;0;0
COM;1980;0;0;98569100
COM;1990;0;0;1399030000
COM;2000;0;0;875011500
COM;2010;0;0;1164100000
COM;2020;0;0;2700000000
COG;1950;0;0;0
COG;1960;0;0;0
COG;1970;0;0;0
COG;1980;0;0;0
COG;1990;0;0;5900
COG;2000;0;0;0
COG;2010;0;0;0
COG;2020;0;0;0
COK;1950;0;0;0
COK;1960;0;0;0
COK;1970;0;0;0
COK;1980;0;0;2500000
COK;1990;0;0;0
COK;2000;0;0;0
COK;2010;0;0;0
COK;2020;0;0;0
CRI;1950;0;0;0
CRI;1960;0;0;900000
CRI;1970;0;0;3020000
CRI;1980;0;0;7500000
CRI;1990;0;0;67089000
CRI;2000;0;10000000;34800000
CRI;2010;0;3200000;23000000
CRI;2020;0;0;0
CIV;1950;0;0;0
CIV;1960;0;0;0
CIV;1970;0;0;0
CIV;1980;0;0;0
CIV;1990;0;0;0
CIV;2000;0;0;0
CIV;2010;0;0;0
CIV;2020;0;0;0
HRV;1950;0;0;0
HRV;1960;0;0;0
HRV;1970;0;0;0
HRV;1980;0;0;0
HRV;1990;0;0;2400000
HRV;2000;0;0;27775000
HRV;2010;0;600000;24100000
HRV;2020;3150000000;0;4341133300
CUB;1950;0;0;0
CUB;1960;0;0;51800000
CUB;1970;0;0;0
CUB;1980;0;0;14500000
CUB;1990;0;1500000;325955800
CUB;2000;0;2700000;751800000
CUB;2010;0;20000000;314000000
CUB;2020;0;0;33333334
CYP;1950;0;0;0
CYP;1960;0;0;10000
CYP;1970;0;0;0
CYP;1980;0;0;0
CYP;1990;0;0;434000
CYP;2000;0;600000;34000000
CYP;2010;0;0;0
CYP;2020;0;0;15666667
CZE;1950;0;0;0
CZE;1960;0;0;0
CZE;1970;0;0;0
CZE;1980;0;0;0
CZE;1990;0;32800000;211800000
CZE;2000;0;130600000;285313900
CZE;2010;0;38586600;117901200
CZE;2020;0;0;233666670
COD;1950;0;0;0
COD;1960;0;0;20000
COD;1970;0;0;0
COD;1980;0;0;0
COD;1990;0;0;0
COD;2000;0;0;1600000
COD;2010;0;0;1500000
COD;2020;0;0;0
DNK;1950;0;0;0
DNK;1960;0;0;0
DNK;1970;0;0;0
DNK;1980;0;0;25000000
DNK;1990;0;219000000;279493900
DNK;2000;0;90000000;140000000
DNK;2010;0;0;0
DNK;2020;0;0;0
DJI;1950;0;0;0
DJI;1960;0;0;0
DJI;1970;0;0;250000
DJI;1980;0;0;110000
DJI;1990;0;0;211900
DJI;2000;0;0;0
DJI;2010;0;0;0
DJI;2020;0;0;0
DMA;1950;0;0;0
DMA;1960;0;0;260000
DMA;1970;0;0;4465000
DMA;1980;0;0;2200000
DMA;1990;6500000;0;94670000
DMA;2000;0;1000000;2000000
DMA;2010;0;1930000;193881000
DMA;2020;0;0;0
DOM;1950;0;0;0
DOM;1960;0;0;6700000
DOM;1970;0;0;15000000
DOM;1980;0;0;7070000
DOM;1990;0;40000000;198150000
DOM;2000;0;3000000;55733300
DOM;2010;0;0;12310200
DOM;2020;0;0;55000000
ECU;1950;0;0;0
ECU;1960;0;0;910000
ECU;1970;0;0;2857000
ECU;1980;0;0;174710000
ECU;1990;0;1750000;79800000
ECU;2000;0;0;117977500
ECU;2010;334400000;56000000;201000000
ECU;2020;0;0;16666667
EGY;1950;0;0;0
EGY;1960;0;0;0
EGY;1970;0;0;1400000
EGY;1980;0;0;0
EGY;1990;0;0;134200000
EGY;2000;0;0;0
EGY;2010;0;0;12500000
EGY;2020;0;0;25333334
SLV;1950;0;0;2300000
SLV;1960;0;0;3660000
SLV;1970;0;0;0
SLV;1980;0;22500000;178500000
SLV;1990;0;0;38961000
SLV;2000;0;29000000;314490000
SLV;2010;0;0;102000000
SLV;2020;0;0;79000000
ERI;1950;0;0;0
ERI;1960;0;0;0
ERI;1970;0;0;0
ERI;1980;0;0;0
ERI;1990;0;0;516500
ERI;2000;0;0;0
ERI;2010;0;0;0
ERI;2020;0;0;0
EST;1950;0;0;0
EST;1960;0;0;0
EST;1970;0;0;0
EST;1980;0;0;0
EST;1990;0;0;17100000
EST;2000;0;2600000;17940000
EST;2010;0;0;13700000
EST;2020;0;0;0
SWZ;1950;0;0;0
SWZ;1960;0;0;0
SWZ;1970;0;0;0
SWZ;1980;0;0;5415200
SWZ;1990;0;0;0
SWZ;2000;0;0;5000
SWZ;2010;0;0;0
SWZ;2020;0;0;0
ETH;1950;0;0;0
ETH;1960;0;0;124000
ETH;1970;0;0;0
ETH;1980;0;0;0
ETH;1990;0;0;670000
ETH;2000;0;0;940000
ETH;2010;0;0;223600
ETH;2020;0;0;0
FJI;1950;0;0;200000
FJI;1960;0;0;210000
FJI;1970;0;0;9950000
FJI;1980;0;6840000;18950700
FJI;1990;0;0;15770000
FJI;2000;0;0;15869900
FJI;2010;0;5000000;219682700
FJI;2020;0;0;229706663
FIN;1950;0;0;0
FIN;1960;0;0;0
FIN;1970;0;0;0
FIN;1980;0;0;515500000
FIN;1990;0;0;1171860000
FIN;2000;0;0;319770900
FIN;2010;0;0;772000000
FIN;2020;0;0;0
FRA;1950;0;0;0
FRA;1960;0;0;2000000
FRA;1970;0;0;0
FRA;1980;0;13230000;831450000
FRA;1990;245000000;782450000;2840740000
FRA;2000;0;368800000;1325710900
FRA;2010;0;625500000;1556100000
FRA;2020;0;0;2217666606
GUF;1950;0;0;0
GUF;1960;0;0;0
GUF;1970;0;0;0
GUF;1980;0;0;3000000
GUF;1990;0;0;0
GUF;2000;0;0;0
GUF;2010;0;0;0
GUF;2020;0;0;0
PYF;1950;0;0;0
PYF;1960;0;0;0
PYF;1970;0;0;0
PYF;1980;0;0;3700000
PYF;1990;0;0;0
PYF;2000;0;0;0
PYF;2010;0;0;1300000
PYF;2020;0;0;0
GAB;1950;0;0;0
GAB;1960;0;0;0
GAB;1970;0;0;0
GAB;1980;0;0;160000000
GAB;1990;0;0;1000000
GAB;2000;0;0;0
GAB;2010;0;0;0
GAB;2020;0;0;0
GMB;1950;0;0;0
GMB;1960;0;0;0
GMB;1970;0;0;0
GMB;1980;0;0;0
GMB;1990;0;0;0
GMB;2000;0;0;0
GMB;2010;0;0;0
GMB;2020;0;0;0
GEO;1950;0;0;0
GEO;1960;0;0;0
GEO;1970;0;0;0
GEO;1980;0;0;0
GEO;1990;0;0;3170000
GEO;2000;0;0;35215600
GEO;2010;0;0;11700000
GEO;2020;0;0;0
DEU;1950;0;0;0
DEU;1960;0;0;0
DEU;1970;0;0;0
DEU;1980;0;0;0
DEU;1990;0;429830000;1020013000
DEU;2000;0;813800000;2510200000
DEU;2010;0;777000000;2258747500
DEU;2020;0;3233333200;13333333000
GHA;1950;0;0;0
GHA;1960;0;0;7540000
GHA;1970;0;0;0
GHA;1980;0;0;0
GHA;1990;0;0;3350000
GHA;2000;0;0;0
GHA;2010;0;0;1200000
GHA;2020;0;0;0
GRC;1950;0;0;10315000
GRC;1960;0;0;3160000
GRC;1970;0;0;27800000
GRC;1980;0;0;200000000
GRC;1990;0;20000;634540000
GRC;2000;0;0;289865900
GRC;2010;0;800000;68400000
GRC;2020;0;0;216666663
GRD;1950;0;0;0
GRD;1960;0;0;0
GRD;1970;0;0;470000
GRD;1980;0;0;530000
GRD;1990;0;0;550000
GRD;2000;0;0;88900000
GRD;2010;0;0;0
GRD;2020;0;0;0
GLP;1950;0;0;0
GLP;1960;0;0;7000000
GLP;1970;0;0;10010000
GLP;1980;0;0;5000000
GLP;1990;0;0;5500000
GLP;2000;0;12500000;30000000
GLP;2010;0;0;12000000
GLP;2020;0;0;0
GUM;1950;0;0;0
GUM;1960;0;0;25000000
GUM;1970;0;0;12000000
GUM;1980;0;0;14500
GUM;1990;0;5000000;162000000
GUM;2000;0;0;13100000
GUM;2010;0;0;0
GUM;2020;0;0;0
GTM;1950;0;0;0
GTM;1960;0;0;1500000
GTM;1970;0;0;100250000
GTM;1980;0;0;10000000
GTM;1990;0;0;74950000
GTM;2000;0;0;98855000
GTM;2010;97500000;0;142891300
GTM;2020;0;0;128666664
GIN;1950;0;0;0
GIN;1960;0;0;0
GIN;1970;0;0;0
GIN;1980;0;0;800000
GIN;1990;0;0;0
GIN;2000;0;0;0
GIN;2010;0;0;0
GIN;2020;0;0;0
GNB;1950;0;0;0
GNB;1960;0;0;0
GNB;1970;0;0;0
GNB;1980;0;0;0
GNB;1990;0;0;0
GNB;2000;0;0;0
GNB;2010;0;0;0
GNB;2020;0;0;0
GUY;1950;0;0;0
GUY;1960;0;0;0
GUY;1970;0;0;20000
GUY;1980;0;0;0
GUY;1990;0;0;1000000
GUY;2000;0;0;64810000
GUY;2010;0;0;14466900
GUY;2020;0;0;0
HTI;1950;0;0;2000000
HTI;1960;0;0;21000000
HTI;1970;0;0;95900
HTI;1980;0;0;49128600
HTI;1990;0;0;23010000
HTI;2000;0;0;10252000
HTI;2010;1150000000;20016200;1025600000
HTI;2020;659354300;0;540023700
HND;1950;0;0;0
HND;1960;0;0;1950000
HND;1970;0;0;55400000
HND;1980;0;0;10100000
HND;1990;0;15000000;407490000
HND;2000;0;0;35507900
HND;2010;0;0;10610000
HND;2020;0;0;0
HKG;1950;0;0;0
HKG;1960;0;0;900000
HKG;1970;0;0;1000000
HKG;1980;0;0;1265300
HKG;1990;0;0;52941000
HKG;2000;0;0;38000
HKG;2010;0;0;84150000
HKG;2020;0;0;0
HUN;1950;0;0;0
HUN;1960;0;0;65500000
HUN;1970;0;0;308500000
HUN;1980;0;0;1296500000
HUN;1990;0;1100000;1604700000
HUN;2000;0;500000;884170900
HUN;2010;0;0;4665300000
HUN;2020;0;0;5500000000
ISL;1950;0;0;0
ISL;1960;0;0;0
ISL;1970;0;0;3170000
ISL;1980;0;0;0
ISL;1990;0;0;3228900
ISL;2000;0;0;2400000
ISL;2010;0;0;0
ISL;2020;0;0;0
IND;1950;0;0;2000000
IND;1960;0;0;10903000
IND;1970;0;0;261955000
IND;1980;0;0;591616300
IND;1990;0;37120000;1786498200
IND;2000;0;156300000;2226556300
IND;2010;0;296300000;5572707500
IND;2020;0;266666670;11343333400
IDN;1950;0;0;0
IDN;1960;0;0;4103100
IDN;1970;0;0;24455000
IDN;1980;0;0;93738800
IDN;1990;0;5000000;1089155200
IDN;2000;0;102104100;1267266700
IDN;2010;160000000;32000000;975885000
IDN;2020;0;100000000;312666670
IRN;1950;0;0;2000000
IRN;1960;0;0;8600000
IRN;1970;0;0;5900000
IRN;1980;0;40000;276400000
IRN;1990;300000;11500000;1416583000
IRN;2000;0;5900000;132086600
IRN;2010;0;20000000;581600000
IRN;2020;0;0;958333364
IRQ;1950;0;0;5000000
IRQ;1960;0;0;10800000
IRQ;1970;0;0;30000000
IRQ;1980;0;0;0
IRQ;1990;0;0;54240000
IRQ;2000;0;0;150002200
IRQ;2010;0;0;410000000
IRQ;2020;0;0;38000000
IRL;1950;0;0;0
IRL;1960;0;0;0
IRL;1970;0;0;7120000
IRL;1980;0;0;0
IRL;1990;0;3000000;34105000
IRL;2000;0;4700000;10100000
IRL;2010;0;16500000;32500000
IRL;2020;0;0;0
IMN;1950;0;0;0
IMN;1960;0;0;0
IMN;1970;0;0;0
IMN;1980;0;0;0
IMN;1990;0;0;330000000
IMN;2000;0;0;0
IMN;2010;0;0;0
IMN;2020;0;0;0
ISR;1950;0;0;0
ISR;1960;0;0;200000
ISR;1970;0;0;0
ISR;1980;0;0;0
ISR;1990;0;15250000;63500000
ISR;2000;0;0;275000
ISR;2010;0;0;79000000
ISR;2020;0;0;193333330
ITA;1950;0;0;30000000
ITA;1960;0;0;225000000
ITA;1970;0;0;488810000
ITA;1980;0;0;2269420000
ITA;1990;0;1710000;1731841000
ITA;2000;0;72000000;1894945200
ITA;2010;0;301900000;2745210100
ITA;2020;0;0;63000000
JAM;1950;0;0;5600000
JAM;1960;0;0;1152500
JAM;1970;0;0;170000
JAM;1980;0;0;117664000
JAM;1990;0;0;4500000
JAM;2000;0;36500000;137221500
JAM;2010;0;0;16654200
JAM;2020;0;0;0
JPN;1950;0;0;60000000
JPN;1960;0;500000;118890000
JPN;1970;0;200000;264900000
JPN;1980;0;10220000;300450000
JPN;1990;0;1395280000;12800530000
JPN;2000;0;1608000000;7764800000
JPN;2010;0;7800890000;30236780000
JPN;2020;0;2100000000;8466666236
JOR;1950;0;0;0
JOR;1960;0;0;240000
JOR;1970;0;0;0
JOR;1980;0;0;0
JOR;1990;0;0;120100000
JOR;2000;0;0;0
JOR;2010;0;0;349000000
JOR;2020;0;0;0
KAZ;1950;0;0;0
KAZ;1960;0;0;50000
KAZ;1970;0;0;0
KAZ;1980;0;0;0
KAZ;1990;0;0;3953200
KAZ;2000;0;0;14516200
KAZ;2010;0;0;10687600
KAZ;2020;0;0;0
KEN;1950;0;0;0
KEN;1960;0;0;5000
KEN;1970;0;0;1000000
KEN;1980;0;0;0
KEN;1990;0;0;1180000
KEN;2000;0;0;10053800
KEN;2010;19400000;100000;48600000
KEN;2020;0;0;0
KIR;1950;0;0;0
KIR;1960;0;0;0
KIR;1970;0;0;0
KIR;1980;0;0;0
KIR;1990;0;0;0
KIR;2000;0;0;0
KIR;2010;0;0;0
KIR;2020;0;0;0
KWT;1950;0;0;0
KWT;1960;0;0;0
KWT;1970;0;0;0
KWT;1980;0;0;0
KWT;1990;0;0;0
KWT;2000;0;0;0
KWT;2010;0;0;0
KWT;2020;0;0;0
KGZ;1950;0;0;0
KGZ;1960;0;0;0
KGZ;1970;0;0;150000
KGZ;1980;0;0;0
KGZ;1990;0;0;20140000
KGZ;2000;0;0;436000
KGZ;2010;0;0;1200000
KGZ;2020;0;0;83333336
LAO;1950;0;0;0
LAO;1960;0;0;1658000
LAO;1970;0;0;20000
LAO;1980;0;0;0
LAO;1990;0;0;32777900
LAO;2000;0;0;10100000
LAO;2010;0;0;35605000
LAO;2020;0;0;40000
LVA;1950;0;0;0
LVA;1960;0;0;0
LVA;1970;0;0;0
LVA;1980;0;0;0
LVA;1990;0;0;50000
LVA;2000;0;4000000;32500000
LVA;2010;0;0;0
LVA;2020;0;0;0
LBN;1950;0;0;0
LBN;1960;0;0;0
LBN;1970;0;0;0
LBN;1980;0;0;1000000
LBN;1990;0;0;15500000
LBN;2000;0;0;0
LBN;2010;0;0;0
LBN;2020;0;0;0
LSO;1950;0;0;0
LSO;1960;0;0;0
LSO;1970;0;0;0
LSO;1980;0;0;0
LSO;1990;0;0;100000
LSO;2000;0;0;0
LSO;2010;0;0;0
LSO;2020;0;0;0
LBR;1950;0;0;0
LBR;1960;0;0;0
LBR;1970;0;0;0
LBR;1980;0;0;0
LBR;1990;0;0;4700000
LBR;2000;0;0;0
LBR;2010;0;0;0
LBR;2020;0;0;0
LBY;1950;0;0;0
LBY;1960;0;0;500000
LBY;1970;0;0;0
LBY;1980;0;0;0
LBY;1990;0;0;4220000
LBY;2000;0;0;0
LBY;2010;0;0;710000
LBY;2020;0;0;0
LTU;1950;0;0;0
LTU;1960;0;0;100000
LTU;1970;0;0;0
LTU;1980;0;0;0
LTU;1990;0;0;510000
LTU;2000;0;600000;3000000
LTU;2010;0;0;0
LTU;2020;0;0;0
LUX;1950;0;0;0
LUX;1960;0;0;0
LUX;1970;0;0;0
LUX;1980;0;0;0
LUX;1990;0;24000000;44290000
LUX;2000;0;0;22557300
LUX;2010;0;13300000;3100000
LUX;2020;0;0;0
MAC;1950;0;0;0
MAC;1960;0;0;8510000
MAC;1970;0;0;7650000
MAC;1980;0;0;0
MAC;1990;0;0;6720000
MAC;2000;0;0;5000
MAC;2010;0;0;296200000
MAC;2020;0;0;544333300
MDG;1950;0;0;0
MDG;1960;0;0;21890000
MDG;1970;0;0;113672000
MDG;1980;0;0;196335400
MDG;1990;0;0;596033900
MDG;2000;0;0;265087600
MDG;2010;0;0;1421839900
MDG;2020;0;0;88333336
MWI;1950;0;0;0
MWI;1960;0;0;70000
MWI;1970;0;0;0
MWI;1980;0;0;2800000
MWI;1990;0;0;2408900
MWI;2000;0;0;770000
MWI;2010;0;0;39000000
MWI;2020;0;0;0
MYS;1950;0;0;0
MYS;1960;0;0;2660000
MYS;1970;0;0;3700000
MYS;1980;0;0;1150000
MYS;1990;0;0;35500000
MYS;2000;0;0;150100000
MYS;2010;0;0;41800200
MYS;2020;0;0;489013340
MDV;1950;0;0;0
MDV;1960;0;0;0
MDV;1970;0;0;0
MDV;1980;0;0;600000
MDV;1990;0;0;3000000
MDV;2000;0;0;47010000
MDV;2010;0;0;0
MDV;2020;0;0;0
MLI;1950;0;0;0
MLI;1960;0;0;0
MLI;1970;0;0;0
MLI;1980;0;0;0
MLI;1990;0;0;0
MLI;2000;0;0;0
MLI;2010;0;0;0
MLI;2020;0;0;0
MHL;1950;0;0;0
MHL;1960;0;0;0
MHL;1970;0;0;0
MHL;1980;0;0;0
MHL;1990;0;0;0
MHL;2000;0;0;0
MHL;2010;0;0;0
MHL;2020;0;0;0
MTQ;1950;0;0;0
MTQ;1960;0;0;4000000
MTQ;1970;0;0;8100000
MTQ;1980;0;0;6800000
MTQ;1990;0;0;16001000
MTQ;2000;0;12500000;30000000
MTQ;2010;0;0;4400000
MTQ;2020;0;0;0
MRT;1950;0;0;0
MRT;1960;0;0;0
MRT;1970;0;0;0
MRT;1980;0;0;0
MRT;1990;0;0;0
MRT;2000;0;0;0
MRT;2010;0;0;200000
MRT;2020;0;0;0
MUS;1950;0;0;0
MUS;1960;0;0;500000
MUS;1970;0;0;37500000
MUS;1980;0;0;6097300
MUS;1990;0;0;13540000
MUS;2000;0;0;5000000
MUS;2010;0;0;690000
MUS;2020;0;0;0
MEX;1950;0;0;8500000
MEX;1960;0;0;22190000
MEX;1970;0;0;25430000
MEX;1980;0;0;495980000
MEX;1990;0;39800000;633781000
MEX;2000;0;368000000;1308960000
MEX;2010;0;589200000;2721100500
MEX;2020;0;0;510000004
FSM;1950;0;0;0
FSM;1960;0;0;3400000
FSM;1970;0;0;2550000
FSM;1980;0;0;600000
FSM;1990;0;0;0
FSM;2000;0;0;50000
FSM;2010;0;0;1100000
FSM;2020;0;0;0
MDA;1950;0;0;0
MDA;1960;0;0;0
MDA;1970;0;0;0
MDA;1980;0;0;0
MDA;1990;0;0;52900000
MDA;2000;0;0;4018400
MDA;2010;0;0;0
MDA;2020;0;0;0
MNG;1950;0;0;0
MNG;1960;0;0;2500000
MNG;1970;0;0;0
MNG;1980;0;0;0
MNG;1990;0;0;323280000
MNG;2000;0;0;35236400
MNG;2010;0;0;0
MNG;2020;0;0;0
MNE;1950;0;0;0
MNE;1960;0;0;0
MNE;1970;0;0;0
MNE;1980;0;0;0
MNE;1990;0;0;0
MNE;2000;0;0;0
MNE;2010;0;0;0
MNE;2020;0;0;0
MSR;1950;0;0;0
MSR;1960;0;0;0
MSR;1970;0;0;0
MSR;1980;0;0;24000000
MSR;1990;0;0;2800000
MSR;2000;0;0;40600000
MSR;2010;0;0;0
MSR;2020;0;0;0
MAR;1950;0;0;0
MAR;1960;0;0;12500000
MAR;1970;0;0;3000000
MAR;1980;0;0;0
MAR;1990;0;0;6400000
MAR;2000;0;0;60305900
MAR;2010;0;0;32900000
MAR;2020;0;0;0
MOZ;1950;0;0;0
MOZ;1960;0;0;18000000
MOZ;1970;0;0;11850000
MOZ;1980;0;0;7550000
MOZ;1990;1400000;0;2695000
MOZ;2000;0;150000;65020000
MOZ;2010;0;15000000;228360000
MOZ;2020;0;0;0
MMR;1950;0;0;0
MMR;1960;0;0;1170000
MMR;1970;0;0;1100000
MMR;1980;0;0;0
MMR;1990;0;0;14495500
MMR;2000;0;0;450068800
MMR;2010;0;0;19907000
MMR;2020;0;0;0
NAM;1950;0;0;0
NAM;1960;0;0;0
NAM;1970;0;0;10000
NAM;1980;0;0;0
NAM;1990;0;0;90000000
NAM;2000;0;0;849000
NAM;2010;0;0;1200000
NAM;2020;0;0;0
NPL;1950;0;0;0
NPL;1960;0;0;130000
NPL;1970;0;0;51300
NPL;1980;0;0;41049000
NPL;1990;0;0;28640000
NPL;2000;0;500000;6872900
NPL;2010;0;10000000;600412300
NPL;2020;0;0;33333334
NLD;1950;0;0;30000000
NLD;1960;0;0;0
NLD;1970;0;0;0
NLD;1980;0;0;0
NLD;1990;0;127030000;354270000
NLD;2000;0;68500000;95000000
NLD;2010;0;54500000;99201100
NLD;2020;0;0;0
NCL;1950;0;0;70000
NCL;1960;0;0;300000
NCL;1970;0;0;1000000
NCL;1980;0;0;20000
NCL;1990;0;0;0
NCL;2000;0;0;4000000
NCL;2010;0;0;0
NCL;2020;0;0;0
NZL;1950;0;0;0
NZL;1960;0;0;266900
NZL;1970;0;0;246600
NZL;1980;0;0;24980000
NZL;1990;0;2060000;12650000
NZL;2000;0;11300000;53450000
NZL;2010;0;2117680000;2889110000
NZL;2020;0;0;125666664
NIC;1950;0;0;0
NIC;1960;0;0;350000
NIC;1970;0;10000000;84738000
NIC;1980;0;0;75600000
NIC;1990;0;0;110402200
NIC;2000;0;0;305000
NIC;2010;0;0;300000
NIC;2020;0;0;366333340
NER;1950;0;0;0
NER;1960;0;0;0
NER;1970;0;0;100000
NER;1980;0;0;1020000
NER;1990;0;0;0
NER;2000;0;0;0
NER;2010;0;0;26083900
NER;2020;0;0;0
NGA;1950;0;0;0
NGA;1960;0;0;0
NGA;1970;0;0;0
NGA;1980;0;0;800000
NGA;1990;0;0;16650000
NGA;2000;0;0;1242200
NGA;2010;510000;0;165850000
NGA;2020;0;0;33333334
NIU;1950;0;0;150000
NIU;1960;0;0;4100
NIU;1970;0;0;0
NIU;1980;0;0;0
NIU;1990;0;0;1800000
NIU;2000;0;0;4000000
NIU;2010;0;0;0
NIU;2020;0;0;0
PRK;1950;0;0;0
PRK;1960;0;0;0
PRK;1970;0;0;0
PRK;1980;0;0;0
PRK;1990;0;0;1731201000
PRK;2000;0;0;632990000
PRK;2010;0;0;12604000
PRK;2020;0;0;0
MKD;1950;0;0;0
MKD;1960;0;0;0
MKD;1970;0;0;0
MKD;1980;0;0;7110300
MKD;1990;0;0;24500000
MKD;2000;0;0;1716300
MKD;2010;0;0;14700000
MKD;2020;0;0;0
MNP;1950;0;0;0
MNP;1960;0;0;650000
MNP;1970;0;0;300700000
MNP;1980;0;0;181000000
MNP;1990;0;0;425000000
MNP;2000;0;0;498253900
MNP;2010;0;0;4083967000
MNP;2020;0;0;5500000000
NOR;1950;0;0;0
NOR;1960;0;0;0
NOR;1970;0;0;0
NOR;1980;0;0;0
NOR;1990;0;32080000;43300000
NOR;2000;0;4000000;13000000
NOR;2010;0;0;0
NOR;2020;0;0;43333332
OMN;1950;0;0;0
OMN;1960;0;0;0
OMN;1970;0;0;0
OMN;1980;0;0;0
OMN;1990;0;0;0
OMN;2000;0;65030000;395100000
OMN;2010;0;2600000;122100000
OMN;2020;0;0;26666666
PAK;1950;0;0;0
PAK;1960;0;0;1740000
PAK;1970;0;0;116975500
PAK;1980;0;0;700000
PAK;1990;0;0;111416600
PAK;2000;520000000;0;753664800
PAK;2010;0;10000000;1834600000
PAK;2020;0;0;503333340
PLW;1950;0;0;0
PLW;1960;0;0;0
PLW;1970;0;0;0
PLW;1980;0;0;0
PLW;1990;0;0;0
PLW;2000;0;0;0
PLW;2010;0;0;0
PLW;2020;0;0;0
PSE;1950;0;0;0
PSE;1960;0;0;0
PSE;1970;0;0;0
PSE;1980;0;0;0
PSE;1990;0;0;0
PSE;2000;0;0;0
PSE;2010;0;0;0
PSE;2020;0;0;0
PAN;1950;0;0;0
PAN;1960;0;0;60130000
PAN;1970;0;0;1505000
PAN;1980;0;0;609035000
PAN;1990;0;0;209005000
PAN;2000;0;0;201880000
PAN;2010;0;0;208990000
PAN;2020;0;0;0
PNG;1950;0;0;0
PNG;1960;0;0;0
PNG;1970;0;0;175000
PNG;1980;0;0;4102500
PNG;1990;0;0;16222800
PNG;2000;18300000;0;0
PNG;2010;0;0;8800000
PNG;2020;0;0;0
PRY;1950;0;0;0
PRY;1960;0;0;300000
PRY;1970;0;0;5000
PRY;1980;0;0;8200000
PRY;1990;0;0;25368700
PRY;2000;0;0;3082000
PRY;2010;0;0;3100000
PRY;2020;0;0;0
PER;1950;0;0;0
PER;1960;0;0;3510000
PER;1970;0;0;59250000
PER;1980;0;0;102750000
PER;1990;0;0;6410000
PER;2000;0;25000000;90005000
PER;2010;0;38000000;329600000
PER;2020;0;0;11666667
PHL;1950;0;0;5500000
PHL;1960;0;0;13210000
PHL;1970;0;0;115550600
PHL;1980;0;0;164083000
PHL;1990;0;7530000;321660800
PHL;2000;0;4650000;220731800
PHL;2010;530000;82300000;1894257000
PHL;2020;0;0;757094660
POL;1950;0;0;0
POL;1960;0;0;0
POL;1970;0;0;0
POL;1980;0;0;55500000
POL;1990;0;46000000;356100000
POL;2000;0;3000000;95015000
POL;2010;0;0;363290000
POL;2020;0;0;0
PRT;1950;0;0;0
PRT;1960;0;0;300000
PRT;1970;0;0;3210000
PRT;1980;0;0;19500000
PRT;1990;0;0;19230000
PRT;2000;0;600000;338000000
PRT;2010;200575100;62680000;268450000
PRT;2020;0;0;0
PRI;1950;0;0;0
PRI;1960;0;0;0
PRI;1970;0;0;0
PRI;1980;0;0;0
PRI;1990;0;36000000;290000000
PRI;2000;0;3000000;24600000
PRI;2010;0;3045000000;6850000000
PRI;2020;0;133333336;336599994
QAT;1950;0;0;0
QAT;1960;0;0;1000000
QAT;1970;0;0;0
QAT;1980;0;0;0
QAT;1990;0;0;28600000
QAT;2000;0;0;0
QAT;2010;0;0;1000000
QAT;2020;0;0;0
REU;1950;0;0;0
REU;1960;0;0;0
REU;1970;0;0;0
REU;1980;0;0;11900000
REU;1990;0;0;6400000
REU;2000;0;0;5045300
REU;2010;0;4900000;16939900
REU;2020;0;0;0
ROU;1950;0;0;0
ROU;1960;0;0;0
ROU;1970;0;0;255000000
ROU;1980;0;0;0
ROU;1990;0;2370000;37640000
ROU;2000;0;0;154879000
ROU;2010;0;0;112972800
ROU;2020;0;0;28333334
RUS;1950;0;0;0
RUS;1960;0;0;0
RUS;1970;0;0;0
RUS;1980;0;0;9500000
RUS;1990;0;0;158283600
RUS;2000;0;1600000;397146100
RUS;2010;0;5000000;466783500
RUS;2020;0;0;66666668
RWA;1950;0;0;0
RWA;1960;0;0;0
RWA;1970;0;0;0
RWA;1980;0;0;0
RWA;1990;0;0;200000
RWA;2000;0;0;900
RWA;2010;0;0;7200000
RWA;2020;0;0;0
BLM;1950;0;0;0
BLM;1960;0;0;0
BLM;1970;0;0;0
BLM;1980;0;0;0
BLM;1990;0;0;0
BLM;2000;0;0;0
BLM;2010;0;104880000;0
BLM;2020;0;0;0
SHN;1950;0;0;0
SHN;1960;0;0;0
SHN;1970;0;0;0
SHN;1980;0;0;0
SHN;1990;0;0;0
SHN;2000;0;0;0
SHN;2010;0;0;0
SHN;2020;0;0;0
KNA;1950;0;0;0
KNA;1960;0;0;0
KNA;1970;0;0;0
KNA;1980;0;0;4650000
KNA;1990;0;0;63840000
KNA;2000;0;0;50000000
KNA;2010;0;230000;2000000
KNA;2020;0;0;0
LCA;1950;0;0;0
LCA;1960;0;0;646500
LCA;1970;0;0;0
LCA;1980;0;0;9178000
LCA;1990;0;0;0
LCA;2000;0;2000000;4050000
LCA;2010;0;0;254050000
LCA;2020;0;0;11333333
MAF;1950;0;0;0
MAF;1960;0;0;0
MAF;1970;0;0;0
MAF;1980;0;0;0
MAF;1990;0;0;0
MAF;2000;0;0;0
MAF;2010;0;123120000;410000000
MAF;2020;0;0;0
VCT;1950;0;0;0
VCT;1960;0;0;450000
VCT;1970;0;0;0
VCT;1980;0;0;2660000
VCT;1990;0;0;0
VCT;2000;0;0;1600000
VCT;2010;0;0;13950000
VCT;2020;0;0;108333336
WSM;1950;0;0;0
WSM;1960;0;0;83800
WSM;1970;0;0;0
WSM;1980;0;0;7875000
WSM;1990;0;0;47800000
WSM;2000;0;0;12554000
WSM;2010;0;0;13300000
WSM;2020;0;0;0
STP;1950;0;0;0
STP;1960;0;0;0
STP;1970;0;0;0
STP;1980;0;0;0
STP;1990;0;0;0
STP;2000;0;0;0
STP;2010;0;0;0
STP;2020;0;0;0
SAU;1950;0;0;0
SAU;1960;0;0;0
SAU;1970;0;0;0
SAU;1980;0;0;45000000
SAU;1990;0;0;0
SAU;2000;0;0;90000000
SAU;2010;0;8000000;35200000
SAU;2020;0;0;0
SEN;1950;0;0;0
SEN;1960;0;0;5000
SEN;1970;0;0;200000
SEN;1980;0;0;140600
SEN;1990;0;0;0
SEN;2000;8400;0;4097900
SEN;2010;0;0;1000000
SEN;2020;0;0;6000000
SRB;1950;0;0;0
SRB;1960;0;0;0
SRB;1970;0;0;0
SRB;1980;0;0;0
SRB;1990;0;0;0
SRB;2000;0;0;0
SRB;2010;0;0;228052200
SRB;2020;0;0;9333333
SYC;1950;0;0;0
SYC;1960;0;0;0
SYC;1970;0;0;0
SYC;1980;0;0;0
SYC;1990;0;0;170000
SYC;2000;0;0;3000000
SYC;2010;0;0;930000
SYC;2020;0;0;0
SLE;1950;0;0;0
SLE;1960;0;0;0
SLE;1970;0;0;360000
SLE;1980;0;0;0
SLE;1990;0;0;0
SLE;2000;0;0;0
SLE;2010;0;0;3000000
SLE;2020;0;0;0
SXM;1950;0;0;0
SXM;1960;0;0;7480000
SXM;1970;0;0;30000000
SXM;1980;0;0;0
SXM;1990;0;0;0
SXM;2000;0;0;0
SXM;2010;0;50000000;250000000
SXM;2020;0;0;0
SVK;1950;0;0;0
SVK;1960;0;0;0
SVK;1970;0;0;0
SVK;1980;0;0;0
SVK;1990;0;300000;21830000
SVK;2000;0;550000;54230000
SVK;2010;0;0;2500000
SVK;2020;0;0;0
SVN;1950;0;0;0
SVN;1960;0;0;0
SVN;1970;0;0;0
SVN;1980;0;0;0
SVN;1990;0;0;0
SVN;2000;0;100000;48700000
SVN;2010;0;0;26500000
SVN;2020;0;0;0
SLB;1950;0;0;0
SLB;1960;0;0;0
SLB;1970;0;0;0
SLB;1980;0;0;2000000
SLB;1990;0;0;0
SLB;2000;0;0;0
SLB;2010;0;0;3000000
SLB;2020;0;0;0
SOM;1950;0;0;0
SOM;1960;0;0;0
SOM;1970;0;0;0
SOM;1980;0;0;0
SOM;1990;0;0;0
SOM;2000;0;0;10002000
SOM;2010;0;0;8200000
SOM;2020;0;0;0
ZAF;1950;0;0;0
ZAF;1960;0;0;5400000
ZAF;1970;0;0;0
ZAF;1980;0;30100000;90830500
ZAF;1990;0;11780000;61946000
ZAF;2000;12754800;6800000;86630500
ZAF;2010;0;63100000;185900000
ZAF;2020;0;0;1079666700
KOR;1950;0;0;0
KOR;1960;0;0;6480000
KOR;1970;0;0;27093400
KOR;1980;0;6800000;112462000
KOR;1990;0;5100000;312850800
KOR;2000;0;67400000;1061639500
KOR;2010;0;0;169100000
KOR;2020;0;266666670;544333340
SSD;1950;0;0;0
SSD;1960;0;0;0
SSD;1970;0;0;0
SSD;1980;0;0;0
SSD;1990;0;0;0
SSD;2000;0;0;0
SSD;2010;0;0;0
SSD;2020;0;0;0
ESP;1950;0;0;0
ESP;1960;0;0;8000000
ESP;1970;0;0;60000000
ESP;1980;0;0;749700000
ESP;1990;0;8990000;202801200
ESP;2000;0;107200000;659520800
ESP;2010;0;121200000;369500000
ESP;2020;0;51000000;1449666640
LKA;1950;0;0;0
LKA;1960;0;0;5380000
LKA;1970;0;0;10000000
LKA;1980;0;0;3893400
LKA;1990;0;0;128388000
LKA;2000;0;0;135155000
LKA;2010;0;13700000;418720000
LKA;2020;0;0;0
SDN;1950;0;0;0
SDN;1960;0;0;6500000
SDN;1970;0;0;232510000
SDN;1980;0;0;161660000
SDN;1990;0;0;92720000
SDN;2000;0;0;225770000
SDN;2010;0;0;1093170000
SDN;2020;0;0;2083333336
SUR;1950;0;0;0
SUR;1960;0;0;5000
SUR;1970;0;0;0
SUR;1980;0;0;0
SUR;1990;0;0;0
SUR;2000;0;0;0
SUR;2010;0;0;0
SUR;2020;0;0;0
SWE;1950;0;0;0
SWE;1960;0;0;0
SWE;1970;0;0;18100000
SWE;1980;0;0;580000
SWE;1990;0;12000000;17000000
SWE;2000;0;65000000;280000000
SWE;2010;0;0;10200000
SWE;2020;0;0;23333334
CHE;1950;0;0;2000000
CHE;1960;0;0;0
CHE;1970;0;0;0
CHE;1980;0;11700000;25750000
CHE;1990;0;173700000;331326000
CHE;2000;79500000;200000000;434500000
CHE;2010;0;13730000;26400000
CHE;2020;0;108000000;0
SYR;1950;0;0;0
SYR;1960;0;0;500000
SYR;1970;0;0;3900000
SYR;1980;0;0;296000000
SYR;1990;0;0;770000000
SYR;2000;0;0;0
SYR;2010;0;0;0
SYR;2020;0;0;0
TWN;1950;0;0;5000000
TWN;1960;0;0;10532200
TWN;1970;0;0;25100000
TWN;1980;0;0;48500000
TWN;1990;0;115500000;1614910000
TWN;2000;0;74300000;263429000
TWN;2010;0;45900000;273930000
TWN;2020;0;0;0
TJK;1950;0;0;0
TJK;1960;0;0;0
TJK;1970;0;0;0
TJK;1980;0;0;0
TJK;1990;0;0;54545400
TJK;2000;0;0;98967000
TJK;2010;0;0;21326000
TJK;2020;0;0;3000000
TZA;1950;0;0;0
TZA;1960;0;0;100000
TZA;1970;0;0;300000
TZA;1980;0;0;0
TZA;1990;0;0;379000
TZA;2000;0;0;0
TZA;2010;19400000;0;46000000
TZA;2020;0;0;0
THA;1950;0;0;0
THA;1960;0;0;2000000
THA;1970;0;0;44500000
THA;1980;0;0;110964600
THA;1990;0;0;280948800
THA;2000;0;27500000;167931300
THA;2010;0;1004600000;4275396100
THA;2020;0;0;213666670
TLS;1950;0;0;0
TLS;1960;0;0;0
TLS;1970;0;0;0
TLS;1980;0;0;0
TLS;1990;0;0;0
TLS;2000;0;0;0
TLS;2010;0;0;400000
TLS;2020;0;0;0
TGO;1950;0;0;0
TGO;1960;0;0;20000
TGO;1970;0;0;0
TGO;1980;0;0;0
TGO;1990;0;0;0
TGO;2000;0;0;0
TGO;2010;0;0;0
TGO;2020;0;0;0
TKL;1950;0;0;0
TKL;1960;0;0;0
TKL;1970;0;0;0
TKL;1980;0;0;50000
TKL;1990;0;0;240000
TKL;2000;0;0;0
TKL;2010;0;0;0
TKL;2020;0;0;0
TON;1950;0;0;0
TON;1960;0;0;50000
TON;1970;0;0;280000
TON;1980;0;0;2230000
TON;1990;0;0;250000
TON;2000;0;0;11780000
TON;2010;0;0;3400000
TON;2020;0;0;76000000
TTO;1950;0;0;0
TTO;1960;0;0;3000000
TTO;1970;0;0;500000
TTO;1980;0;0;0
TTO;1990;0;0;2507000
TTO;2000;0;0;100000
TTO;2010;0;0;370000
TTO;2020;0;0;0
TUN;1950;0;0;0
TUN;1960;0;0;10300000
TUN;1970;0;0;500000
TUN;1980;0;0;9000000
TUN;1990;0;0;24480000
TUN;2000;0;0;42230000
TUN;2010;0;0;333720000
TUN;2020;0;0;0
TUR;1950;0;0;357000
TUR;1960;0;0;3020000
TUR;1970;0;0;10260000
TUR;1980;0;0;4000000
TUR;1990;3500000000;201080000;2381030000
TUR;2000;0;25100000;116300000
TUR;2010;0;40400000;234400000
TUR;2020;0;0;537000006
TKM;1950;0;0;0
TKM;1960;0;0;0
TKM;1970;0;0;50000
TKM;1980;0;0;0
TKM;1990;0;0;9987000
TKM;2000;0;0;0
TKM;2010;0;0;0
TKM;2020;0;0;0
TCA;1950;0;0;0
TCA;1960;0;0;0
TCA;1970;0;0;0
TCA;1980;0;0;500
TCA;1990;0;0;0
TCA;2000;0;0;50000000
TCA;2010;0;1490000;50000000
TCA;2020;0;0;0
TUV;1950;0;0;0
TUV;1960;0;0;0
TUV;1970;0;0;0
TUV;1980;0;0;0
TUV;1990;0;0;0
TUV;2000;0;0;0
TUV;2010;0;0;0
TUV;2020;0;0;0
UGA;1950;0;0;0
UGA;1960;0;0;150000
UGA;1970;0;0;0
UGA;1980;0;0;0
UGA;1990;0;0;7100000
UGA;2000;0;0;7100
UGA;2010;0;0;580000
UGA;2020;0;0;0
UKR;1950;0;0;0
UKR;1960;0;0;0
UKR;1970;0;0;0
UKR;1980;0;0;0
UKR;1990;0;0;29285900
UKR;2000;0;0;134385500
UKR;2010;0;0;2290000
UKR;2020;0;0;161953668
ARE;1950;0;0;0
ARE;1960;0;0;0
ARE;1970;0;0;0
ARE;1980;0;0;0
ARE;1990;0;0;0
ARE;2000;0;0;0
ARE;2010;0;0;0
ARE;2020;0;0;0
GBR;1950;0;0;0
GBR;1960;0;0;250000
GBR;1970;0;0;100000
GBR;1980;0;145200000;164650000
GBR;1990;0;665280000;931048000
GBR;2000;0;928200000;1885620000
GBR;2010;0;336903400;757050000
GBR;2020;0;0;0
USA;1950;0;0;359590000
USA;1960;0;0;686700000
USA;1970;0;3500000;1158175000
USA;1980;0;422160000;3568557000
USA;1990;6250000;7349530000;15573670000
USA;2000;0;17720350000;34023746000
USA;2010;0;23692750000;51218590000
USA;2020;0;31100000000;73723337000
VIR;1950;0;0;0
VIR;1960;0;0;0
VIR;1970;0;0;0
VIR;1980;0;0;2180000
VIR;1990;0;65500000;121600000
VIR;2000;0;0;0
VIR;2010;0;0;0
VIR;2020;0;0;0
URG;1950;0;0;0
URG;1960;0;0;3900000
URG;1970;0;0;0
URG;1980;0;0;0
URG;1990;0;0;500000
URG;2000;0;0;7000000
URG;2010;0;0;169300000
URG;2020;0;0;0
UZB;1950;0;0;0
UZB;1960;0;0;0
UZB;1970;0;0;0
UZB;1980;0;0;0
UZB;1990;0;0;0
UZB;2000;0;0;0
UZB;2010;0;0;0
UZB;2020;0;0;0
VUT;1950;0;0;25000
VUT;1960;0;0;0
VUT;1970;0;0;0
VUT;1980;0;0;19900000
VUT;1990;0;0;600000
VUT;2000;0;0;0
VUT;2010;0;0;45140000
VUT;2020;0;0;0
VEN;1950;0;0;0
VEN;1960;0;0;14412600
VEN;1970;0;0;0
VEN;1980;0;0;180000
VEN;1990;0;40200000;568050000
VEN;2000;0;0;475400000
VEN;2010;0;0;4047900000
VEN;2020;0;0;5510000000
VNM;1950;0;0;0
VNM;1960;0;0;6000000
VNM;1970;0;0;0
VNM;1980;0;0;2100000
VNM;1990;0;500000;222234500
VNM;2000;0;3800000;481308500
VNM;2010;0;200000;742202400
VNM;2020;0;0;485497340
WLF;1950;0;0;0
WLF;1960;0;0;4561800
WLF;1970;0;0;230210000
WLF;1980;0;0;162388700
WLF;1990;0;0;1726930000
WLF;2000;0;0;1278125400
WLF;2010;0;0;2952647000
WLF;2020;0;0;4700000000
YEM;1950;0;0;0
YEM;1960;0;0;0
YEM;1970;0;0;0
YEM;1980;0;0;0
YEM;1990;0;0;121150000
YEM;2000;0;0;45000000
YEM;2010;0;0;20000000
YEM;2020;0;0;0
ZMB;1950;0;0;0
ZMB;1960;0;0;0
ZMB;1970;0;0;20000
ZMB;1980;0;0;0
ZMB;1990;0;0;2070000
ZMB;2000;0;0;0
ZMB;2010;0;0;0
ZMB;2020;0;0;0
ZWE;1950;0;0;0
ZWE;1960;0;0;0
ZWE;1970;0;0;0
ZWE;1980;0;0;0
ZWE;1990;0;0;40700000
ZWE;2000;0;0;51982000
ZWE;2010;0;0;695900000
ZWE;2020;0;0;0
