iso_code;year;nopif_drought;nopif_earthquakes;nopif_volcanic_activity;nopif_floods;nopif_storms;nopif_landslides;nopif_wildfires;nopif_extreme_temperatures
AFG;1950;0;200;0;0;0;0;0;0
AFG;1960;0;0;0;0;0;0;0;0
AFG;1970;0;2;0;14;0;0;0;0
AFG;1980;0;352;0;0;0;0;0;0
AFG;1990;0;358;0;30;0;6;0;0
AFG;2000;0;151;0;27;0;1;0;18
AFG;2010;0;5831;0;61;2;26;0;7
AFG;2020;0;998;0;220;13;3;0;0
ALB;1950;0;0;0;0;0;0;0;0
ALB;1960;0;29;0;0;0;0;0;0
ALB;1970;0;35;0;0;0;0;0;0
ALB;1980;0;1;0;0;0;3;0;0
ALB;1990;0;0;0;0;0;0;0;0
ALB;2000;0;0;0;0;0;0;0;0
ALB;2010;0;103;0;0;0;0;0;0
ALB;2020;0;0;0;0;0;0;0;0
DZA;1950;0;500;0;0;0;0;0;0
DZA;1960;0;37;0;25;0;0;0;0
DZA;1970;0;0;0;0;0;0;0;0
DZA;1980;0;862;0;6;0;0;0;0
DZA;1990;0;46;0;13;0;5;0;0
DZA;2000;0;1079;0;62;2;0;0;0
DZA;2010;0;42;0;14;0;0;0;3
DZA;2020;0;0;0;0;0;0;84;0
ASM;1950;0;0;0;0;0;0;0;0
ASM;1960;0;0;0;0;0;0;0;0
ASM;1970;0;0;0;0;0;0;0;0
ASM;1980;0;0;0;0;0;0;0;0
ASM;1990;0;0;0;0;0;0;0;0
ASM;2000;0;0;0;0;6;0;0;0
ASM;2010;0;0;0;0;0;0;0;0
ASM;2020;0;0;0;0;0;0;0;0
AGO;1950;0;0;0;0;0;0;0;0
AGO;1960;0;0;0;0;0;0;0;0
AGO;1970;0;0;0;0;0;0;0;0
AGO;1980;0;0;0;0;0;0;0;0
AGO;1990;0;0;0;0;0;0;0;0
AGO;2000;0;0;0;2;0;0;0;0
AGO;2010;0;0;0;3;0;0;0;0
AGO;2020;0;0;0;1;0;0;0;0
AIA;1950;0;0;0;0;0;0;0;0
AIA;1960;0;0;0;0;25;0;0;0
AIA;1970;0;0;0;0;0;0;0;0
AIA;1980;0;0;0;0;0;0;0;0
AIA;1990;0;0;0;0;0;0;0;0
AIA;2000;0;0;0;0;0;0;0;0
AIA;2010;0;0;0;0;0;0;0;0
AIA;2020;0;0;0;0;0;0;0;0
ATG;1950;0;0;0;0;0;0;0;0
ATG;1960;0;0;0;0;0;0;0;0
ATG;1970;0;0;0;0;0;0;0;0
ATG;1980;0;0;0;0;0;0;0;0
ATG;1990;0;0;0;0;21;0;0;0
ATG;2000;0;0;0;0;0;0;0;0
ATG;2010;0;0;0;0;0;0;0;0
ATG;2020;0;0;0;0;0;0;0;0
ARG;1950;0;0;0;0;0;0;0;0
ARG;1960;0;0;0;0;0;0;0;0
ARG;1970;0;10;0;0;40;0;0;0
ARG;1980;0;24;0;0;0;1;0;0
ARG;1990;0;0;0;0;0;0;0;0
ARG;2000;0;3;0;5;23;0;0;0
ARG;2010;3;0;0;0;4;0;0;0
ARG;2020;0;5;0;0;0;0;2;0
ARM;1950;0;0;0;0;0;0;0;0
ARM;1960;0;0;0;0;0;0;0;0
ARM;1970;0;0;0;0;0;0;0;0
ARM;1980;0;0;0;0;0;0;0;0
ARM;1990;0;0;0;0;0;0;0;0
ARM;2000;0;0;0;0;0;0;0;0
ARM;2010;0;0;0;0;0;0;0;0
ARM;2020;0;0;0;0;0;0;0;0
AUS;1950;0;0;0;0;0;0;0;0
AUS;1960;0;2;0;0;0;0;10;0
AUS;1970;0;0;0;0;64;0;0;0
AUS;1980;0;12;0;0;1;0;10;0
AUS;1990;0;1;0;6;29;0;16;78
AUS;2000;0;0;0;3;6;0;67;200
AUS;2010;0;0;0;0;1;0;19;0
AUS;2020;0;0;0;4;0;0;0;0
AUT;1950;0;0;0;0;0;0;0;0
AUT;1960;0;0;0;0;0;0;0;0
AUT;1970;0;0;0;0;0;0;0;0
AUT;1980;0;0;0;0;0;0;0;0
AUT;1990;0;0;0;0;0;0;0;0
AUT;2000;0;0;0;0;0;0;0;0
AUT;2010;0;0;0;0;12;0;0;0
AUT;2020;0;0;0;0;4;0;0;0
AZE;1950;0;0;0;0;0;0;0;0
AZE;1960;0;0;0;0;0;0;0;0
AZE;1970;0;0;0;0;0;0;0;0
AZE;1980;0;0;0;0;0;0;0;0
AZE;1990;0;3;0;0;0;0;0;0
AZE;2000;0;60;0;0;0;0;0;0
AZE;2010;0;5;0;0;0;0;0;0
AZE;2020;0;0;0;0;0;0;0;0
BHS;1950;0;0;0;0;0;0;0;0
BHS;1960;0;0;0;0;0;0;0;0
BHS;1970;0;0;0;0;0;0;0;0
BHS;1980;0;0;0;0;0;0;0;0
BHS;1990;0;0;0;0;0;0;0;0
BHS;2000;0;0;0;0;0;0;0;0
BHS;2010;0;0;0;0;0;0;0;0
BHS;2020;0;0;0;0;0;0;0;0
BGD;1950;0;0;0;0;0;0;0;0
BGD;1960;0;0;0;10000;61678;0;0;0
BGD;1970;0;0;0;0;2605;0;0;0
BGD;1980;0;20;0;0;2200;0;0;0
BGD;1990;0;40;0;207;19882;0;0;0
BGD;2000;0;3;0;32;7356;5;0;220
BGD;2010;0;27;0;2110;152;31;0;450
BGD;2020;0;0;0;0;0;0;0;0
BRB;1950;0;0;0;0;0;0;0;0
BRB;1960;0;0;0;0;0;0;0;0
BRB;1970;0;0;0;1;0;0;0;0
BRB;1980;0;0;0;0;1;0;0;0
BRB;1990;0;0;0;0;0;0;0;0
BRB;2000;0;0;0;0;0;0;0;0
BRB;2010;0;0;0;0;0;0;0;0
BRB;2020;0;0;0;0;0;0;0;0
BLR;1950;0;0;0;0;0;0;0;0
BLR;1960;0;0;0;0;0;0;0;0
BLR;1970;0;0;0;0;0;0;0;0
BLR;1980;0;0;0;0;0;0;0;0
BLR;1990;0;0;0;0;5;0;0;0
BLR;2000;0;0;0;0;0;0;0;182
BLR;2010;0;0;0;0;0;0;0;339
BLR;2020;0;0;0;0;0;0;0;0
BEL;1950;0;0;0;0;0;0;0;0
BEL;1960;0;0;0;0;10;0;0;0
BEL;1970;0;0;0;0;0;0;0;0
BEL;1980;0;3;0;0;0;0;0;0
BEL;1990;0;0;0;0;1;0;0;0
BEL;2000;0;0;0;0;0;0;0;0
BEL;2010;0;0;0;0;7;0;0;0
BEL;2020;0;0;0;0;0;0;0;0
BLZ;1950;0;0;0;0;0;0;0;0
BLZ;1960;0;0;0;0;0;0;0;0
BLZ;1970;0;0;0;0;0;0;0;0
BLZ;1980;0;0;0;0;0;0;0;0
BLZ;1990;0;0;0;0;0;0;0;0
BLZ;2000;0;0;0;0;57;0;0;0
BLZ;2010;0;0;0;0;0;0;0;0
BLZ;2020;0;0;0;0;0;0;0;0
BEN;1950;0;0;0;0;0;0;0;0
BEN;1960;0;0;0;0;0;0;0;0
BEN;1970;0;0;0;0;0;0;20;0
BEN;1980;0;0;0;0;0;0;0;0
BEN;1990;0;0;0;0;0;0;0;0
BEN;2000;0;0;0;0;0;0;0;0
BEN;2010;0;0;0;100;0;0;0;0
BEN;2020;0;0;0;0;0;0;0;0
BMU;1950;0;0;0;0;0;0;0;0
BMU;1960;0;0;0;0;0;0;0;0
BMU;1970;0;0;0;0;0;0;0;0
BMU;1980;0;0;0;0;4;0;0;0
BMU;1990;0;0;0;0;0;0;0;0
BMU;2000;0;0;0;0;0;0;0;0
BMU;2010;0;0;0;0;0;0;0;0
BMU;2020;0;0;0;0;0;0;0;0
BTN;1950;0;0;0;0;0;0;0;0
BTN;1960;0;0;0;0;0;0;0;0
BTN;1970;0;0;0;0;0;0;0;0
BTN;1980;0;0;0;0;0;0;0;0
BTN;1990;0;0;0;0;0;0;0;0
BTN;2000;0;1;0;0;0;0;0;0
BTN;2010;0;2;0;0;0;0;0;0
BTN;2020;0;1;0;0;0;0;0;0
BOL;1950;0;0;0;0;0;0;0;0
BOL;1960;0;0;0;20;0;0;0;0
BOL;1970;0;0;0;0;0;0;0;0
BOL;1980;0;0;0;0;0;0;0;0
BOL;1990;0;5;0;5;0;12;0;0
BOL;2000;0;0;0;26;0;1;0;1
BOL;2010;0;0;0;19;0;3;0;0
BOL;2020;0;0;0;6;0;0;0;0
BIH;1950;0;0;0;0;0;0;0;0
BIH;1960;0;0;0;0;0;0;0;0
BIH;1970;0;0;0;0;0;0;0;0
BIH;1980;0;0;0;0;0;0;0;0
BIH;1990;0;0;0;0;0;0;0;0
BIH;2000;0;0;0;0;0;0;0;0
BIH;2010;0;0;0;0;0;0;0;0
BIH;2020;0;1;0;0;0;0;0;0
BWA;1950;0;0;0;0;0;0;0;0
BWA;1960;0;0;0;0;0;0;0;0
BWA;1970;0;0;0;0;0;0;0;0
BWA;1980;0;0;0;1;0;0;0;0
BWA;1990;0;0;0;0;0;0;0;0
BWA;2000;0;0;0;0;0;0;0;0
BWA;2010;0;0;0;0;0;0;0;0
BWA;2020;0;0;0;0;0;0;0;0
BRA;1950;0;0;0;0;0;0;0;0
BRA;1960;0;0;0;629;0;0;0;0
BRA;1970;0;0;0;200;10;0;0;60
BRA;1980;0;0;0;233;135;4;0;0
BRA;1990;0;0;0;47;8;17;0;0
BRA;2000;0;1;0;93;13;0;0;0
BRA;2010;0;0;0;62;16;0;220;0
BRA;2020;0;0;0;264;0;0;0;0
VGB;1950;0;0;0;0;0;0;0;0
VGB;1960;0;0;0;0;0;0;0;0
VGB;1970;0;0;0;0;0;0;0;0
VGB;1980;0;0;0;0;0;0;0;0
VGB;1990;0;0;0;0;0;0;0;0
VGB;2000;0;0;0;0;0;0;0;0
VGB;2010;0;0;0;0;0;0;0;0
VGB;2020;0;0;0;0;0;0;0;0
BRN;1950;0;0;0;0;0;0;0;0
BRN;1960;0;0;0;0;0;0;0;0
BRN;1970;0;0;0;0;0;0;0;0
BRN;1980;0;0;0;0;0;0;0;0
BRN;1990;0;0;0;0;0;0;0;0
BRN;2000;0;0;0;0;0;0;0;0
BRN;2010;0;0;0;0;0;0;0;0
BRN;2020;0;0;0;0;0;0;0;0
BGR;1950;0;0;0;0;0;0;0;0
BGR;1960;0;0;0;0;0;0;0;0
BGR;1970;0;17;0;0;0;0;0;0
BGR;1980;0;6;0;0;0;0;0;0
BGR;1990;0;0;0;0;0;0;0;2
BGR;2000;0;0;0;1;0;0;3;7
BGR;2010;0;7;0;0;4;0;0;0
BGR;2020;0;0;0;0;0;0;0;0
BFA;1950;0;0;0;0;0;0;0;0
BFA;1960;0;0;0;0;0;0;0;0
BFA;1970;0;0;0;0;0;0;0;0
BFA;1980;0;0;0;0;0;0;0;0
BFA;1990;0;0;0;0;0;0;0;0
BFA;2000;0;0;0;109;0;0;0;0
BFA;2010;0;0;0;10;0;0;0;0
BFA;2020;0;0;0;37;0;0;0;0
BDI;1950;0;0;0;0;0;0;0;0
BDI;1960;0;0;0;0;0;0;0;0
BDI;1970;0;0;0;0;0;0;0;0
BDI;1980;0;0;0;0;0;0;0;0
BDI;1990;0;0;0;0;0;0;0;0
BDI;2000;0;0;0;1;1;0;0;0
BDI;2010;0;0;0;22;5;1;0;0
BDI;2020;0;0;0;6;0;0;0;0
KHM;1950;0;0;0;0;0;0;0;0
KHM;1960;0;0;0;0;0;0;0;0
KHM;1970;0;0;0;0;0;0;0;0
KHM;1980;0;0;0;0;0;0;0;0
KHM;1990;0;0;0;0;0;0;0;0
KHM;2000;0;0;0;5;9;0;0;0
KHM;2010;0;0;0;2;0;0;0;0
KHM;2020;0;0;0;0;0;0;0;0
CMR;1950;0;0;0;0;0;0;0;0
CMR;1960;0;0;0;0;0;0;0;0
CMR;1970;0;0;0;0;0;0;0;0
CMR;1980;0;0;44;0;0;0;0;0
CMR;1990;0;0;0;0;0;0;0;0
CMR;2000;0;0;0;2;0;0;0;0
CMR;2010;0;0;0;10;0;0;0;0
CMR;2020;0;0;0;32;0;0;0;0
CAN;1950;0;0;0;0;0;0;0;0
CAN;1960;0;0;0;0;0;2;0;0
CAN;1970;0;0;0;0;4;0;0;0
CAN;1980;0;0;0;0;45;0;0;0
CAN;1990;0;0;0;0;0;0;0;0
CAN;2000;0;0;0;0;14;0;0;0
CAN;2010;0;0;0;0;5;0;0;0
CAN;2020;0;0;0;0;1;0;0;0
CPV;1950;0;0;0;0;0;0;0;0
CPV;1960;0;0;0;0;0;0;0;0
CPV;1970;0;0;0;0;0;0;0;0
CPV;1980;0;0;0;0;12;0;0;0
CPV;1990;0;0;1;0;0;0;0;0
CPV;2000;0;0;0;0;0;0;0;0
CPV;2010;0;0;0;0;0;0;0;0
CPV;2020;0;0;0;0;0;0;0;0
CYM;1950;0;0;0;0;0;0;0;0
CYM;1960;0;0;0;0;0;0;0;0
CYM;1970;0;0;0;0;0;0;0;0
CYM;1980;0;0;0;0;0;0;0;0
CYM;1990;0;0;0;0;0;0;0;0
CYM;2000;0;0;0;0;0;0;0;0
CYM;2010;0;0;0;0;0;0;0;0
CYM;2020;0;0;0;0;0;0;0;0
CAF;1950;0;0;0;0;0;0;0;0
CAF;1960;0;0;0;0;0;0;0;0
CAF;1970;0;0;0;0;0;0;0;0
CAF;1980;0;0;0;0;5;0;0;0
CAF;1990;0;0;0;0;0;0;0;0
CAF;2000;0;0;0;1;0;0;0;0
CAF;2010;0;0;0;0;7;0;0;0
CAF;2020;0;0;0;3;0;0;0;0
TCD;1950;0;0;0;0;0;0;0;0
TCD;1960;0;0;0;0;0;0;0;0
TCD;1970;0;0;0;0;10;0;0;0
TCD;1980;0;0;0;5;0;0;0;0
TCD;1990;0;0;0;1;0;0;0;0
TCD;2000;0;0;0;0;15;0;0;0
TCD;2010;0;0;0;0;0;4;0;0
TCD;2020;0;0;0;186;0;0;0;0
CHL;1950;0;9;0;0;0;0;0;0
CHL;1960;0;336;0;0;0;0;0;0
CHL;1970;0;45;0;0;0;0;0;0
CHL;1980;0;262;0;0;13;3;0;0
CHL;1990;0;16;0;6;0;14;0;0
CHL;2000;0;34;0;0;0;0;0;0
CHL;2010;0;1036;0;14;0;1;56;0
CHL;2020;0;0;0;3;0;0;0;0
CHN;1950;0;11;0;0;0;0;0;0
CHN;1960;0;0;0;0;0;0;0;0
CHN;1970;0;16709;0;0;6;0;0;0
CHN;1980;0;736;0;7612;1868;115;22;0
CHN;1990;0;3545;0;54049;5172;19;0;0
CHN;2000;0;38783;0;21028;10766;14;0;370
CHN;2010;0;7161;0;26;472;26;0;112
CHN;2020;0;212;0;0;108;1;0;0
COL;1950;0;5;0;0;0;0;0;0
COL;1960;0;50;0;0;0;0;0;0
COL;1970;0;165;0;17;0;102;0;0
COL;1980;0;120;500;90;4;244;0;0
COL;1990;0;919;1;12;0;0;0;0
COL;2000;0;8;1;103;20;7;0;0
COL;2010;0;2;0;77;2;43;0;0
COL;2020;0;0;0;23;1;29;0;0
COM;1950;0;0;0;0;0;0;0;0
COM;1960;0;0;0;0;0;0;0;0
COM;1970;0;0;0;0;0;0;0;0
COM;1980;0;0;0;0;5;0;0;0
COM;1990;0;0;0;0;0;0;0;0
COM;2000;0;0;0;0;0;0;0;0
COM;2010;0;0;0;15;18;0;0;0
COM;2020;0;0;0;0;0;0;0;0
COG;1950;0;0;0;0;0;0;0;0
COG;1960;0;0;0;0;0;0;0;0
COG;1970;0;0;0;0;0;0;0;0
COG;1980;0;0;0;0;0;0;0;0
COG;1990;0;0;0;0;0;0;0;0
COG;2000;0;0;0;0;0;0;0;0
COG;2010;0;0;0;9;0;0;0;0
COG;2020;0;0;0;0;0;0;0;0
COK;1950;0;0;0;0;0;0;0;0
COK;1960;0;0;0;0;0;0;0;0
COK;1970;0;0;0;0;0;0;0;0
COK;1980;0;0;0;0;0;0;0;0
COK;1990;0;0;0;0;20;0;0;0
COK;2000;0;0;0;0;1;0;0;0
COK;2010;0;0;0;0;1;0;0;0
COK;2020;0;0;0;0;0;0;0;0
CRI;1950;0;0;0;0;0;0;0;0
CRI;1960;0;0;20;2;0;0;0;0
CRI;1970;0;10;0;4;0;0;0;0
CRI;1980;0;6;0;0;750;0;0;0
CRI;1990;0;55;0;2;0;0;0;0
CRI;2000;0;17;0;4;0;0;0;0
CRI;2010;0;23;0;0;0;0;0;0
CRI;2020;0;0;0;0;0;0;0;0
CIV;1950;0;0;0;0;0;0;0;0
CIV;1960;0;0;0;0;0;0;0;0
CIV;1970;0;0;0;0;0;0;0;0
CIV;1980;0;0;0;0;0;0;0;0
CIV;1990;0;0;0;0;0;0;0;0
CIV;2000;0;0;0;0;0;1;0;0
CIV;2010;0;0;0;6;0;0;0;0
CIV;2020;0;0;0;49;0;0;0;0
HRV;1950;0;0;0;0;0;0;0;0
HRV;1960;0;0;0;0;0;0;0;0
HRV;1970;0;0;0;0;0;0;0;0
HRV;1980;0;0;0;0;0;0;0;0
HRV;1990;0;0;0;0;0;0;0;0
HRV;2000;0;0;0;0;0;0;3;20
HRV;2010;0;0;0;1;0;0;8;0
HRV;2020;0;21;0;0;0;0;0;0
CUB;1950;0;0;0;0;0;0;0;0
CUB;1960;0;0;0;0;3;0;0;0
CUB;1970;0;1;0;0;7;0;0;0
CUB;1980;0;0;0;5;0;0;0;0
CUB;1990;0;4;0;0;10;0;0;0
CUB;2000;0;0;0;0;4;0;0;0
CUB;2010;0;0;0;0;20;0;0;0
CUB;2020;0;0;0;0;1;0;0;0
CYP;1950;0;10;0;0;0;0;0;0
CYP;1960;0;0;0;0;10;0;0;0
CYP;1970;0;0;0;0;0;0;0;0
CYP;1980;0;0;0;0;0;0;0;0
CYP;1990;0;1;0;0;0;0;0;10
CYP;2000;0;0;0;0;4;0;0;40
CYP;2010;0;0;0;0;0;0;0;0
CYP;2020;0;0;0;0;0;0;0;0
CZE;1950;0;0;0;0;0;0;0;0
CZE;1960;0;0;0;0;0;0;0;0
CZE;1970;0;0;0;0;0;0;0;0
CZE;1980;0;0;0;0;0;0;0;0
CZE;1990;0;0;0;241;0;0;0;0
CZE;2000;0;0;0;0;2;0;0;0
CZE;2010;0;0;0;0;0;0;0;0
CZE;2020;0;0;0;0;74;0;0;0
COD;1950;0;0;0;0;0;0;0;0
COD;1960;0;60;0;0;0;0;0;0
COD;1970;0;0;0;0;0;0;0;0
COD;1980;0;0;0;0;0;0;0;0
COD;1990;0;6;0;50;0;0;0;0
COD;2000;0;1;40;17;265;0;0;0
COD;2010;0;3;0;108;0;2;0;0
COD;2020;0;0;0;28;0;0;0;0
DNK;1950;0;0;0;0;0;0;0;0
DNK;1960;0;0;0;0;0;0;0;0
DNK;1970;0;0;0;0;0;0;0;0
DNK;1980;0;0;0;0;0;0;0;0
DNK;1990;0;0;0;0;0;0;0;0
DNK;2000;0;0;0;0;0;0;0;0
DNK;2010;0;0;0;0;0;0;0;0
DNK;2020;0;0;0;0;1;0;0;0
DJI;1950;0;0;0;0;0;0;0;0
DJI;1960;0;0;0;0;0;0;0;0
DJI;1970;0;0;0;0;0;0;0;0
DJI;1980;0;0;0;30;0;0;0;0
DJI;1990;0;0;0;0;0;0;0;0
DJI;2000;0;0;0;0;0;0;0;0
DJI;2010;0;0;0;0;0;0;0;0
DJI;2020;0;0;0;0;0;0;0;0
DMA;1950;0;0;0;0;0;0;0;0
DMA;1960;0;0;0;0;0;0;0;0
DMA;1970;0;0;0;0;210;0;0;0
DMA;1980;0;0;0;0;0;0;0;0
DMA;1990;0;0;0;0;0;0;0;0
DMA;2000;0;0;0;0;3;0;0;0
DMA;2010;0;0;0;0;12;0;0;0
DMA;2020;0;0;0;0;0;0;0;0
DOM;1950;0;0;0;0;0;0;0;0
DOM;1960;0;0;0;0;44;0;0;0
DOM;1970;0;0;0;0;400;0;0;0
DOM;1980;0;0;0;0;0;0;0;0
DOM;1990;0;0;0;0;63;0;0;0
DOM;2000;0;2;0;0;1;0;0;0
DOM;2010;0;0;0;0;0;0;0;0
DOM;2020;0;0;0;0;0;0;0;0
ECU;1950;0;0;0;0;0;0;0;0
ECU;1960;0;0;0;10;0;0;0;0
ECU;1970;0;12;0;0;0;0;0;0
ECU;1980;0;5;0;0;0;0;0;0
ECU;1990;0;32;0;9;0;7;0;0
ECU;2000;0;0;1;7;0;6;0;0
ECU;2010;0;640;0;7;0;0;7;0
ECU;2020;0;1;0;56;0;0;0;0
EGY;1950;0;3;0;0;0;0;0;0
EGY;1960;0;2;0;0;0;0;0;0
EGY;1970;0;0;0;0;0;0;0;0
EGY;1980;0;0;0;0;1;0;0;0
EGY;1990;0;1000;0;1;6;0;0;0
EGY;2000;0;0;0;7;4;0;0;11
EGY;2010;0;0;0;0;15;0;0;7
EGY;2020;0;0;0;283;0;0;0;0
SLV;1950;0;0;0;0;0;0;0;0
SLV;1960;0;114;0;0;4;0;0;0
SLV;1970;0;0;0;0;0;0;0;0
SLV;1980;0;2000;0;1800;0;0;0;0
SLV;1990;0;0;0;0;0;0;0;0
SLV;2000;0;812;0;0;0;0;0;0
SLV;2010;0;0;0;1;1;0;0;0
SLV;2020;0;0;0;0;0;0;0;0
ERI;1950;0;0;0;0;0;0;0;0
ERI;1960;0;0;0;0;0;0;0;0
ERI;1970;0;0;0;0;0;0;0;0
ERI;1980;0;0;0;0;0;0;0;0
ERI;1990;0;0;0;0;2;0;0;0
ERI;2000;0;0;0;1;0;0;0;0
ERI;2010;0;0;0;0;0;0;0;0
ERI;2020;0;0;0;0;0;0;0;0
EST;1950;0;0;0;0;0;0;0;0
EST;1960;0;0;0;0;0;0;0;0
EST;1970;0;0;0;0;0;0;0;0
EST;1980;0;0;0;0;0;0;0;0
EST;1990;0;0;0;0;0;0;0;0
EST;2000;0;0;0;0;0;0;0;0
EST;2010;0;0;0;0;0;0;0;0
EST;2020;0;0;0;0;0;0;0;0
SWZ;1950;0;0;0;0;0;0;0;0
SWZ;1960;0;0;0;0;0;0;0;0
SWZ;1970;0;0;0;0;0;0;0;0
SWZ;1980;0;0;0;0;0;0;0;0
SWZ;1990;0;0;0;0;0;0;0;0
SWZ;2000;0;0;0;0;0;0;0;0
SWZ;2010;0;0;0;0;0;0;0;0
SWZ;2020;0;0;0;0;0;0;0;0
ETH;1950;0;0;0;0;0;0;0;0
ETH;1960;0;17;0;0;0;0;0;0
ETH;1970;0;0;0;0;0;0;0;0
ETH;1980;0;0;0;0;0;0;0;0
ETH;1990;0;0;0;4;0;1;0;0
ETH;2000;0;0;0;13;0;0;1;0
ETH;2010;0;0;0;8;0;2;0;0
ETH;2020;0;0;0;0;0;0;0;0
FJI;1950;0;0;0;0;80;0;0;0
FJI;1960;0;0;0;0;0;0;0;0
FJI;1970;0;0;0;0;30;0;0;0
FJI;1980;0;0;0;0;26;0;0;0
FJI;1990;0;0;0;0;0;0;0;0
FJI;2000;0;0;0;0;0;0;0;0
FJI;2010;0;0;0;0;14;0;0;0
FJI;2020;0;0;0;0;0;0;0;0
FIN;1950;0;0;0;0;0;0;0;0
FIN;1960;0;0;0;0;0;0;0;0
FIN;1970;0;0;0;0;0;0;0;0
FIN;1980;0;0;0;0;0;0;0;0
FIN;1990;0;0;0;0;0;0;0;0
FIN;2000;0;0;0;0;0;0;0;0
FIN;2010;0;0;0;0;0;0;0;0
FIN;2020;0;0;0;0;0;0;0;0
FRA;1950;0;0;0;0;0;0;0;0
FRA;1960;0;8;0;0;0;0;0;0
FRA;1970;0;0;0;0;0;4;0;0
FRA;1980;0;0;0;3;0;2;15;0
FRA;1990;0;0;0;1;5;2;1;0
FRA;2000;0;0;0;1;21;0;0;20
FRA;2010;0;0;0;10;14;0;1;0
FRA;2020;0;0;0;3;36;0;0;0
GUF;1950;0;0;0;0;0;0;0;0
GUF;1960;0;0;0;0;0;0;0;0
GUF;1970;0;0;0;0;0;0;0;0
GUF;1980;0;0;0;0;0;0;0;0
GUF;1990;0;0;0;0;0;0;0;0
GUF;2000;0;0;0;0;0;1;0;0
GUF;2010;0;0;0;0;0;0;0;0
GUF;2020;0;0;0;0;0;0;0;0
PYF;1950;0;0;0;0;0;0;0;0
PYF;1960;0;0;0;0;0;0;0;0
PYF;1970;0;0;0;0;0;0;0;0
PYF;1980;0;0;0;0;5;0;0;0
PYF;1990;0;0;0;0;0;1;0;0
PYF;2000;0;0;0;0;0;0;0;0
PYF;2010;0;0;0;0;1;0;0;0
PYF;2020;0;0;0;0;0;0;0;0
GAB;1950;0;0;0;0;0;0;0;0
GAB;1960;0;0;0;0;0;0;0;0
GAB;1970;0;0;0;0;0;0;0;0
GAB;1980;0;0;0;0;0;0;0;0
GAB;1990;0;0;0;0;0;0;0;0
GAB;2000;0;0;0;0;0;0;0;0
GAB;2010;0;0;0;0;0;0;0;0
GAB;2020;0;0;0;0;0;0;0;0
GMB;1950;0;0;0;0;0;0;0;0
GMB;1960;0;0;0;0;0;0;0;0
GMB;1970;0;0;0;0;0;0;0;0
GMB;1980;0;0;0;0;0;0;0;0
GMB;1990;0;0;0;0;0;0;0;0
GMB;2000;0;0;0;0;13;0;0;0
GMB;2010;0;0;0;0;10;0;0;0
GMB;2020;0;0;0;0;33;0;0;0
GEO;1950;0;0;0;0;0;0;0;0
GEO;1960;0;0;0;0;0;0;0;0
GEO;1970;0;0;0;0;0;0;0;0
GEO;1980;0;0;0;0;0;0;0;0
GEO;1990;0;21;0;0;0;0;0;0
GEO;2000;0;8;0;0;0;0;0;0
GEO;2010;0;0;0;2;2;0;0;0
GEO;2020;0;0;0;0;0;0;0;0
DEU;1950;0;0;0;0;0;0;0;0
DEU;1960;0;0;0;0;0;0;0;0
DEU;1970;0;0;0;0;0;0;0;0
DEU;1980;0;0;0;0;0;0;0;0
DEU;1990;0;3;0;0;2;0;0;0
DEU;2000;0;0;0;11;45;0;0;17
DEU;2010;0;0;0;0;4;0;0;0
DEU;2020;0;0;0;333;13;0;0;0
GHA;1950;0;0;0;0;0;0;0;0
GHA;1960;0;0;0;0;0;0;0;0
GHA;1970;0;0;0;0;0;0;0;0
GHA;1980;0;0;0;0;0;0;0;0
GHA;1990;0;0;0;3;0;0;0;0
GHA;2000;0;0;0;3;0;0;0;0
GHA;2010;0;0;0;3;1;0;0;0
GHA;2020;0;0;0;2;0;0;0;0
GRC;1950;0;286;0;0;0;0;0;0
GRC;1960;0;70;0;0;0;0;0;0
GRC;1970;0;10;0;0;0;0;0;0
GRC;1980;0;75;0;0;0;0;0;0
GRC;1990;0;224;0;0;0;0;1;0
GRC;2000;0;31;0;0;1;0;9;18
GRC;2010;0;16;0;2;12;0;60;0
GRC;2020;0;17;0;0;0;0;167;0
GRD;1950;0;0;0;0;0;0;0;0
GRD;1960;0;0;0;0;0;0;0;0
GRD;1970;0;0;0;0;0;0;0;0
GRD;1980;0;0;0;0;0;0;0;0
GRD;1990;0;0;0;0;0;0;0;0
GRD;2000;0;0;0;0;0;0;0;0
GRD;2010;0;0;0;0;0;0;0;0
GRD;2020;0;0;0;0;0;0;0;0
GLP;1950;0;0;0;0;0;0;0;0
GLP;1960;0;0;0;0;10;0;0;0
GLP;1970;0;0;0;0;0;0;0;0
GLP;1980;0;0;0;0;8;0;0;0
GLP;1990;0;0;0;0;5;0;0;0
GLP;2000;0;1;0;0;0;0;0;0
GLP;2010;0;0;0;0;0;0;0;0
GLP;2020;0;0;0;0;0;0;0;0
GUM;1950;0;0;0;0;0;0;0;0
GUM;1960;0;0;0;0;0;0;0;0
GUM;1970;0;0;0;0;0;0;0;0
GUM;1980;0;0;0;0;0;0;0;0
GUM;1990;0;7;0;0;56;0;0;0
GUM;2000;0;0;0;0;0;0;0;0
GUM;2010;0;0;0;0;0;0;0;0
GUM;2020;0;0;0;0;0;0;0;0
GTM;1950;0;0;0;0;0;0;0;0
GTM;1960;0;0;0;0;0;0;0;0
GTM;1970;0;7704;0;0;0;0;0;0
GTM;1980;0;0;4;27;0;0;0;0
GTM;1990;0;13;0;6;0;1;0;0
GTM;2000;0;0;0;4;40;5;0;0
GTM;2010;0;51;3;2;26;8;0;0
GTM;2020;0;1;0;2;14;0;0;0
GIN;1950;0;0;0;0;0;0;0;0
GIN;1960;0;0;0;0;0;0;0;0
GIN;1970;0;0;0;0;0;0;0;0
GIN;1980;0;144;0;0;0;0;0;0
GIN;1990;0;0;0;0;0;0;0;0
GIN;2000;0;0;0;0;0;0;0;0
GIN;2010;0;0;0;5;0;1;0;0
GIN;2020;0;0;0;9;0;0;0;0
GNB;1950;0;0;0;0;0;0;0;0
GNB;1960;0;0;0;0;0;0;0;0
GNB;1970;0;0;0;0;0;0;0;0
GNB;1980;0;0;0;0;0;0;0;0
GNB;1990;0;0;0;0;0;0;0;0
GNB;2000;0;0;0;0;0;0;0;0
GNB;2010;0;0;0;0;0;0;0;0
GNB;2020;0;0;0;0;0;0;0;0
GUY;1950;0;0;0;0;0;0;0;0
GUY;1960;0;0;0;0;0;0;0;0
GUY;1970;0;0;0;0;0;0;0;0
GUY;1980;0;0;0;0;0;0;0;0
GUY;1990;0;0;0;0;0;0;0;0
GUY;2000;0;0;0;0;0;0;0;0
GUY;2010;0;0;0;0;0;0;0;0
GUY;2020;0;0;0;0;0;0;0;0
HTI;1950;0;0;0;0;0;0;0;0
HTI;1960;0;0;0;0;88;0;0;0
HTI;1970;0;0;0;0;0;0;0;0
HTI;1980;0;0;0;81;0;6;0;0
HTI;1990;0;0;0;0;3;0;0;0
HTI;2000;0;0;0;35;291;0;0;0
HTI;2010;0;30042;0;769;56;0;0;0
HTI;2020;0;4272;0;0;1;0;0;0
HND;1950;0;0;0;0;0;0;0;0
HND;1960;0;0;0;0;0;0;0;0
HND;1970;0;0;0;0;0;0;0;0
HND;1980;0;0;0;0;1;0;0;0
HND;1990;0;0;0;0;1202;0;0;0
HND;2000;0;15;0;1;0;0;0;0
HND;2010;0;0;0;1;0;0;0;0
HND;2020;0;0;0;0;0;0;1;0
HKG;1950;0;0;0;0;11;0;0;0
HKG;1960;0;0;0;7;52;1;0;0
HKG;1970;0;0;0;6;99;0;0;0
HKG;1980;0;0;0;1;66;12;0;1
HKG;1990;0;0;0;2;107;1;0;0
HKG;2000;0;0;0;0;29;0;0;0
HKG;2010;0;0;0;0;43;0;0;0
HKG;2020;0;0;0;0;12;0;0;0
HUN;1950;0;0;0;0;0;0;0;0
HUN;1960;0;0;0;0;0;0;0;0
HUN;1970;0;0;0;0;0;0;0;0
HUN;1980;0;0;0;0;0;0;0;0
HUN;1990;0;0;0;0;0;0;0;0
HUN;2000;0;0;0;0;30;0;0;50
HUN;2010;0;0;0;0;0;0;0;0
HUN;2020;0;0;0;0;0;0;0;0
ISL;1950;0;0;0;0;0;0;0;0
ISL;1960;0;0;0;0;0;0;0;0
ISL;1970;0;1;0;0;0;0;0;0
ISL;1980;0;0;0;0;0;0;0;0
ISL;1990;0;0;0;0;0;2;0;0
ISL;2000;0;0;0;0;0;0;0;0
ISL;2010;0;0;0;0;0;0;0;0
ISL;2020;0;0;0;0;0;0;0;0
IND;1950;0;22;0;0;0;0;0;0
IND;1960;0;227;0;0;0;0;0;0
IND;1970;0;20;0;100;120;1;0;0
IND;1980;0;394;0;2;239;0;0;20
IND;1990;0;3330;0;13;841;46;0;0
IND;2000;0;18035;0;42;534;6;0;5
IND;2010;0;115;0;586;100;1;0;45
IND;2020;0;3;0;432;184;4;0;0
IDN;1950;0;191;0;0;0;0;0;0
IDN;1960;0;32;206;10;0;0;0;0
IDN;1970;0;576;100;37;6;1;0;0
IDN;1980;0;103;0;10;12;2;0;0
IDN;1990;0;744;3;24988;0;1;8;0
IDN;2000;0;15146;11;130;0;39;40;0
IDN;2010;0;624;1459;450;10;20;0;0
IDN;2020;0;1107;48;34;7;5;0;0
IRN;1950;0;598;0;0;0;0;0;0
IRN;1960;0;745;0;7;0;0;0;0
IRN;1970;0;294;0;0;0;0;0;0
IRN;1980;0;438;0;0;0;0;0;0
IRN;1990;0;11286;0;18;9;4;0;0
IRN;2000;0;2804;0;42;1;0;0;0
IRN;2010;0;1556;0;128;0;0;0;0
IRN;2020;0;486;0;17;41;0;0;0
IRQ;1950;0;0;0;0;0;0;0;0
IRQ;1960;0;0;0;0;0;0;0;0
IRQ;1970;0;0;0;0;0;0;0;0
IRQ;1980;0;0;0;0;0;0;0;0
IRQ;1990;0;0;0;0;0;0;0;0
IRQ;2000;0;0;0;2;0;0;0;0
IRQ;2010;0;47;0;0;0;0;0;0
IRQ;2020;0;0;0;1;1667;0;0;0
IRL;1950;0;0;0;0;0;0;0;0
IRL;1960;0;0;0;0;0;0;0;0
IRL;1970;0;0;0;0;0;0;0;0
IRL;1980;0;0;0;0;0;0;0;0
IRL;1990;0;0;0;0;0;0;0;0
IRL;2000;0;0;0;0;0;0;0;0
IRL;2010;0;0;0;0;0;0;0;0
IRL;2020;0;0;0;0;0;0;0;0
IMN;1950;0;0;0;0;0;0;0;0
IMN;1960;0;0;0;0;0;0;0;0
IMN;1970;0;0;0;0;0;0;0;0
IMN;1980;0;0;0;0;0;0;0;0
IMN;1990;0;0;0;0;0;0;0;0
IMN;2000;0;0;0;0;0;0;0;0
IMN;2010;0;0;0;0;0;0;0;0
IMN;2020;0;0;0;0;0;0;0;0
ISR;1950;0;0;0;0;0;0;0;0
ISR;1960;0;0;0;0;0;0;0;0
ISR;1970;0;0;0;0;0;0;0;0
ISR;1980;0;0;0;0;0;0;0;0
ISR;1990;0;0;0;0;0;0;4;0
ISR;2000;0;0;0;0;0;0;0;0
ISR;2010;0;0;0;0;320;0;16;0
ISR;2020;0;0;0;0;0;0;0;0
ITA;1950;0;0;0;0;0;0;0;0
ITA;1960;0;56;0;0;0;0;0;0
ITA;1970;0;185;2;0;2;0;0;0
ITA;1980;0;812;0;3;0;19;2;0
ITA;1990;0;32;0;0;10;0;0;0
ITA;2000;0;104;0;18;0;1;0;0
ITA;2010;0;90;3;0;1;0;0;0
ITA;2020;0;0;0;0;12;1;0;0
JAM;1950;0;0;0;0;20;0;0;0
JAM;1960;0;0;0;0;0;0;0;0
JAM;1970;0;0;0;0;1;0;0;0
JAM;1980;0;0;0;0;1;0;0;0
JAM;1990;0;0;0;0;0;0;0;0
JAM;2000;0;0;0;0;1;0;0;0
JAM;2010;0;0;0;0;3;0;0;0
JAM;2020;0;0;0;0;0;0;0;0
JPN;1950;0;22;0;0;0;0;0;0
JPN;1960;0;66;0;3;132;0;0;0
JPN;1970;0;73;0;5;35;0;0;0
JPN;1980;0;34;0;35;103;9;0;0
JPN;1990;0;3730;2;14;300;9;0;0
JPN;2000;0;809;0;17;450;0;0;330
JPN;2010;0;975;7;18;1172;7;0;18191
JPN;2020;0;126;0;38;199;0;0;4767
JOR;1950;0;0;0;0;0;0;0;0
JOR;1960;0;0;0;9;0;0;0;0
JOR;1970;0;0;0;0;0;0;0;0
JOR;1980;0;0;0;3;0;0;0;0
JOR;1990;0;0;0;0;0;0;0;0
JOR;2000;0;0;0;0;23;0;0;1
JOR;2010;0;0;0;6;0;0;0;0
JOR;2020;0;0;0;0;0;0;0;0
KAZ;1950;0;0;0;0;0;0;0;0
KAZ;1960;0;0;0;0;0;0;0;0
KAZ;1970;0;0;0;0;0;0;0;0
KAZ;1980;0;0;0;0;0;0;0;0
KAZ;1990;0;0;0;0;0;0;0;0
KAZ;2000;0;63;0;0;0;0;0;1
KAZ;2010;0;0;0;71;0;0;0;0
KAZ;2020;0;0;0;0;0;0;0;0
KEN;1950;0;0;0;0;0;0;0;0
KEN;1960;0;0;0;0;0;0;0;0
KEN;1970;0;0;0;0;0;0;0;0
KEN;1980;0;0;0;0;0;0;0;0
KEN;1990;0;0;0;0;0;0;0;0
KEN;2000;0;0;0;1;0;3;0;0
KEN;2010;0;0;0;13;0;0;0;0
KEN;2020;0;0;0;0;0;0;0;0
KIR;1950;0;0;0;0;0;0;0;0
KIR;1960;0;0;0;0;0;0;0;0
KIR;1970;0;0;0;0;0;0;0;0
KIR;1980;0;0;0;0;0;0;0;0
KIR;1990;0;0;0;0;0;0;0;0
KIR;2000;0;0;0;0;0;0;0;0
KIR;2010;0;0;0;0;0;0;0;0
KIR;2020;0;0;0;0;0;0;0;0
KWT;1950;0;0;0;0;0;0;0;0
KWT;1960;0;0;0;0;0;0;0;0
KWT;1970;0;0;0;0;0;0;0;0
KWT;1980;0;0;0;0;0;0;0;0
KWT;1990;0;0;0;0;0;0;0;0
KWT;2000;0;0;0;0;0;0;0;0
KWT;2010;0;0;0;0;0;0;0;0
KWT;2020;0;0;0;0;0;0;0;0
KGZ;1950;0;0;0;0;0;0;0;0
KGZ;1960;0;0;0;0;0;0;0;0
KGZ;1970;0;0;0;0;0;0;0;0
KGZ;1980;0;0;0;0;0;0;0;0
KGZ;1990;0;10;0;0;0;0;0;0
KGZ;2000;0;14;0;0;0;2;0;0
KGZ;2010;0;0;0;0;0;0;0;5
KGZ;2020;0;0;0;0;0;0;0;0
LAO;1950;0;0;0;0;0;0;0;0
LAO;1960;0;0;0;0;0;0;0;0
LAO;1970;0;0;0;0;0;0;0;0
LAO;1980;0;0;0;0;0;0;0;0
LAO;1990;0;0;0;15;22;0;0;0
LAO;2000;0;0;0;0;9;0;0;0
LAO;2010;0;0;0;8;0;0;0;0
LAO;2020;0;0;0;1;0;0;0;0
LVA;1950;0;0;0;0;0;0;0;0
LVA;1960;0;0;0;0;0;0;0;0
LVA;1970;0;0;0;0;0;0;0;0
LVA;1980;0;0;0;0;0;0;0;0
LVA;1990;0;0;0;0;0;0;0;0
LVA;2000;0;0;0;0;0;0;0;0
LVA;2010;0;0;0;0;0;0;0;0
LVA;2020;0;0;0;0;0;0;0;0
LBN;1950;0;20;0;0;0;0;0;0
LBN;1960;0;0;0;0;0;0;0;0
LBN;1970;0;0;0;0;0;0;0;0
LBN;1980;0;0;0;0;0;0;0;0
LBN;1990;0;0;0;0;8;0;0;0
LBN;2000;0;0;0;0;0;0;2;0
LBN;2010;0;0;0;0;76;0;0;0
LBN;2020;0;0;0;0;0;0;0;0
LSO;1950;0;0;0;0;0;0;0;0
LSO;1960;0;0;0;0;0;0;0;0
LSO;1970;0;0;0;0;0;0;0;0
LSO;1980;0;0;0;0;0;0;0;0
LSO;1990;0;0;0;0;0;0;0;0
LSO;2000;0;0;0;0;0;0;0;0
LSO;2010;0;0;0;0;0;0;0;0
LSO;2020;0;0;0;0;0;0;0;0
LBR;1950;0;0;0;0;0;0;0;0
LBR;1960;0;0;0;0;0;0;0;0
LBR;1970;0;0;0;0;0;0;0;0
LBR;1980;0;0;0;0;0;0;0;0
LBR;1990;0;0;0;0;0;0;0;0
LBR;2000;0;0;0;0;0;0;0;0
LBR;2010;0;0;0;0;0;0;0;0
LBR;2020;0;0;0;0;0;0;0;0
LBY;1950;0;0;0;0;0;0;0;0
LBY;1960;0;38;0;0;0;0;0;0
LBY;1970;0;0;0;0;0;0;0;0
LBY;1980;0;0;0;0;0;0;0;0
LBY;1990;0;0;0;0;0;0;0;0
LBY;2000;0;0;0;0;0;0;0;0
LBY;2010;0;0;0;3;0;0;0;0
LBY;2020;0;0;0;0;0;0;0;0
LTU;1950;0;0;0;0;0;0;0;0
LTU;1960;0;0;0;0;0;0;0;0
LTU;1970;0;0;0;0;0;0;0;0
LTU;1980;0;0;0;0;0;0;0;0
LTU;1990;0;0;0;0;0;0;0;0
LTU;2000;0;0;0;0;0;0;0;0
LTU;2010;0;0;0;0;0;0;0;0
LTU;2020;0;0;0;0;0;0;0;0
LUX;1950;0;0;0;0;0;0;0;0
LUX;1960;0;0;0;0;0;0;0;0
LUX;1970;0;0;0;0;0;0;0;0
LUX;1980;0;0;0;0;0;0;0;0
LUX;1990;0;0;0;0;0;0;0;0
LUX;2000;0;0;0;0;0;0;0;0
LUX;2010;0;0;0;0;2;0;0;0
LUX;2020;0;0;0;0;0;0;0;0
MAC;1950;0;0;0;0;0;0;0;0
MAC;1960;0;0;0;0;0;0;0;0
MAC;1970;0;0;0;0;0;0;0;0
MAC;1980;0;0;0;0;0;0;0;0
MAC;1990;0;0;0;0;4;0;0;0
MAC;2000;0;0;0;0;0;0;0;0
MAC;2010;0;0;0;0;20;0;0;0
MAC;2020;0;0;0;0;0;0;0;0
MDG;1950;0;0;0;0;0;0;0;0
MDG;1960;0;0;0;0;4;0;0;0
MDG;1970;0;0;0;0;13;0;0;0
MDG;1980;0;0;0;0;64;0;0;0
MDG;1990;0;0;0;0;5;0;0;0
MDG;2000;0;0;0;2;288;0;0;0
MDG;2010;0;0;0;0;721;0;0;0
MDG;2020;0;0;0;1;0;0;0;0
MWI;1950;0;0;0;0;0;0;0;0
MWI;1960;0;0;0;0;0;0;0;0
MWI;1970;0;0;0;0;0;0;0;0
MWI;1980;0;10;0;0;0;0;0;0
MWI;1990;0;0;0;0;0;0;0;0
MWI;2000;0;19;0;0;1;0;0;0
MWI;2010;0;0;0;132;0;1;0;0
MWI;2020;0;0;0;0;86;0;0;0
MYS;1950;0;0;0;0;0;0;0;0
MYS;1960;0;0;0;0;0;0;0;0
MYS;1970;0;0;0;0;0;0;0;0
MYS;1980;0;0;0;0;0;0;0;0
MYS;1990;0;0;0;0;3;4;0;0
MYS;2000;0;77;0;0;0;0;0;0
MYS;2010;0;1;0;0;0;1;0;0
MYS;2020;0;0;0;1;0;0;0;0
MDV;1950;0;0;0;0;0;0;0;0
MDV;1960;0;0;0;0;0;0;0;0
MDV;1970;0;0;0;0;0;0;0;0
MDV;1980;0;0;0;0;0;0;0;0
MDV;1990;0;0;0;0;0;0;0;0
MDV;2000;0;221;0;0;0;0;0;0
MDV;2010;0;0;0;0;0;0;0;0
MDV;2020;0;0;0;0;0;0;0;0
MLI;1950;0;0;0;0;0;0;0;0
MLI;1960;0;0;0;0;0;0;0;0
MLI;1970;0;0;0;0;0;0;0;0
MLI;1980;0;0;0;0;0;0;0;0
MLI;1990;0;0;0;0;0;0;0;0
MLI;2000;0;0;0;5;0;0;0;0
MLI;2010;0;0;0;0;0;0;0;0
MLI;2020;0;0;0;4;0;0;0;0
MHL;1950;0;0;0;0;0;0;0;0
MHL;1960;0;0;0;0;0;0;0;0
MHL;1970;0;0;0;0;0;0;0;0
MHL;1980;0;0;0;0;0;0;0;0
MHL;1990;0;0;0;0;0;0;0;0
MHL;2000;0;0;0;0;0;0;0;0
MHL;2010;0;0;0;0;0;0;0;0
MHL;2020;0;0;0;0;0;0;0;0
MTQ;1950;0;0;0;0;0;0;0;0
MTQ;1960;0;0;0;0;0;0;0;0
MTQ;1970;0;0;0;0;0;0;0;0
MTQ;1980;0;0;0;0;0;0;0;0
MTQ;1990;0;0;0;0;1;0;0;0
MTQ;2000;0;10;0;0;1;0;0;0
MTQ;2010;0;0;0;0;0;0;0;0
MTQ;2020;0;0;0;0;0;0;0;0
MRT;1950;0;0;0;0;0;0;0;0
MRT;1960;0;0;0;0;0;0;0;0
MRT;1970;0;0;0;0;0;0;0;0
MRT;1980;0;0;0;0;0;0;0;0
MRT;1990;0;0;0;0;32;0;0;0
MRT;2000;0;0;0;2;0;0;0;0
MRT;2010;0;0;0;0;4;0;0;0
MRT;2020;0;0;0;0;0;0;0;0
MUS;1950;0;0;0;0;0;0;0;0
MUS;1960;0;0;0;0;2;0;0;0
MUS;1970;0;0;0;0;33;0;0;0
MUS;1980;0;0;0;0;51;0;0;0
MUS;1990;0;0;0;0;100;0;0;0
MUS;2000;0;0;0;0;5;0;0;0
MUS;2010;0;0;0;8;0;0;0;0
MUS;2020;0;0;0;0;0;0;0;0
MEX;1950;0;30;0;0;0;0;0;0
MEX;1960;0;50;0;0;7;0;0;0
MEX;1970;0;53;0;10;140;0;0;0
MEX;1980;0;3121;50;21;0;0;0;0
MEX;1990;0;54;0;26;28;0;0;0
MEX;2000;0;107;0;10;23;0;0;0
MEX;2010;0;650;0;0;59;0;0;0
MEX;2020;0;13;0;0;1;0;0;0
FSM;1950;0;0;0;0;0;0;0;0
FSM;1960;0;0;0;0;0;0;0;0
FSM;1970;0;0;0;0;0;0;0;0
FSM;1980;0;0;0;0;0;0;0;0
FSM;1990;0;0;0;0;0;0;0;0
FSM;2000;0;0;0;0;16;0;0;0
FSM;2010;0;0;0;0;0;0;0;0
FSM;2020;0;0;0;0;0;0;0;0
MDA;1950;0;0;0;0;0;0;0;0
MDA;1960;0;0;0;0;0;0;0;0
MDA;1970;0;0;0;0;0;0;0;0
MDA;1980;0;0;0;0;0;0;0;0
MDA;1990;0;0;0;0;8;0;0;0
MDA;2000;0;0;0;0;0;0;0;0
MDA;2010;0;0;0;0;0;0;0;0
MDA;2020;0;0;0;0;0;0;0;0
MNG;1950;0;0;0;0;0;0;0;0
MNG;1960;0;0;0;0;0;0;0;0
MNG;1970;0;0;0;0;0;0;0;0
MNG;1980;0;0;0;0;0;0;0;0
MNG;1990;0;0;0;0;0;0;6;0
MNG;2000;0;0;0;0;0;0;0;1
MNG;2010;0;0;0;0;0;0;0;0
MNG;2020;0;0;0;0;0;0;0;0
MNE;1950;0;0;0;0;0;0;0;0
MNE;1960;0;0;0;0;0;0;0;0
MNE;1970;0;0;0;0;0;0;0;0
MNE;1980;0;0;0;0;0;0;0;0
MNE;1990;0;0;0;0;0;0;0;0
MNE;2000;0;0;0;0;0;0;0;0
MNE;2010;0;0;0;0;0;0;0;0
MNE;2020;0;0;0;0;0;0;0;0
MSR;1950;0;0;0;0;0;0;0;0
MSR;1960;0;0;0;0;0;0;0;0
MSR;1970;0;0;0;0;0;0;0;0
MSR;1980;0;0;0;0;4;0;0;0
MSR;1990;0;0;0;0;0;0;0;0
MSR;2000;0;0;0;0;0;0;0;0
MSR;2010;0;0;0;0;0;0;0;0
MSR;2020;0;0;0;0;0;0;0;0
MAR;1950;0;0;0;0;0;0;0;0
MAR;1960;0;2500;0;1;0;0;0;0
MAR;1970;0;0;0;0;0;0;0;0
MAR;1980;0;0;0;0;0;0;0;0
MAR;1990;0;0;0;0;0;0;0;0
MAR;2000;0;93;0;4;0;0;0;0
MAR;2010;0;0;0;4;0;0;0;0
MAR;2020;0;0;0;3;0;0;0;0
MOZ;1950;0;0;0;0;0;0;0;0
MOZ;1960;0;0;0;0;0;0;0;0
MOZ;1970;0;0;0;0;5;0;0;0
MOZ;1980;0;0;0;0;0;0;0;0
MOZ;1990;0;0;0;0;200;0;0;0
MOZ;2000;0;4;0;2;12;0;2;0
MOZ;2010;0;0;0;14;195;0;0;0
MOZ;2020;0;0;0;0;110;0;0;0
MMR;1950;0;0;0;0;0;0;0;0
MMR;1960;0;0;0;0;20;0;0;0
MMR;1970;0;0;0;0;0;0;0;0
MMR;1980;0;0;0;0;0;0;0;0
MMR;1990;0;0;0;0;0;0;0;0
MMR;2000;0;0;0;11;2003;2;0;0
MMR;2010;0;36;0;0;9;6;0;0
MMR;2020;0;0;0;0;0;18;0;0
NAM;1950;0;0;0;0;0;0;0;0
NAM;1960;0;0;0;0;0;0;0;0
NAM;1970;0;0;0;0;0;0;0;0
NAM;1980;0;0;0;0;0;0;0;0
NAM;1990;0;0;0;0;0;0;0;0
NAM;2000;0;0;0;0;0;0;0;0
NAM;2010;0;0;0;0;0;0;0;0
NAM;2020;0;0;0;0;0;0;0;0
NPL;1950;0;0;0;0;0;0;0;0
NPL;1960;0;10;0;0;0;0;0;0
NPL;1970;0;0;0;5;0;0;0;0
NPL;1980;0;662;0;11;0;0;0;0
NPL;1990;0;6;0;50;2;2;0;0
NPL;2000;0;0;0;48;0;11;0;20
NPL;2010;0;2045;0;48;79;4;0;0
NPL;2020;0;3;0;130;10;0;0;0
NLD;1950;0;0;0;0;0;0;0;0
NLD;1960;0;0;0;0;0;0;0;0
NLD;1970;0;0;0;0;0;0;0;0
NLD;1980;0;0;0;0;0;0;0;0
NLD;1990;0;2;0;0;4;0;0;0
NLD;2000;0;0;0;0;0;0;0;0
NLD;2010;0;0;0;0;0;0;0;0
NLD;2020;0;0;0;0;1;0;0;0
NCL;1950;0;0;0;0;0;0;0;0
NCL;1960;0;0;0;0;0;0;0;0
NCL;1970;0;0;0;0;0;0;0;0
NCL;1980;0;0;0;0;0;0;0;0
NCL;1990;0;0;0;0;0;0;0;0
NCL;2000;0;0;0;0;10;0;0;0
NCL;2010;0;0;0;0;0;0;0;0
NCL;2020;0;0;0;0;0;0;0;0
NZL;1950;0;0;0;0;0;0;0;0
NZL;1960;0;1;0;0;0;0;0;0
NZL;1970;0;0;0;0;0;0;0;0
NZL;1980;0;3;0;0;0;0;0;0
NZL;1990;0;0;0;0;0;0;0;0
NZL;2000;0;0;0;0;0;0;0;0
NZL;2010;0;160;2;0;1;0;0;0
NZL;2020;0;0;0;0;0;0;0;0
NIC;1950;0;0;0;0;0;0;0;0
NIC;1960;0;0;0;0;0;0;0;0
NIC;1970;0;2000;0;0;5;0;0;0
NIC;1980;0;0;0;0;28;0;0;0
NIC;1990;0;49;8;0;23;0;0;0
NIC;2000;0;4;0;0;0;2;0;0
NIC;2010;0;27;0;2;0;0;0;0
NIC;2020;0;0;0;0;4;0;0;0
NER;1950;0;0;0;0;0;0;0;0
NER;1960;0;0;0;0;0;0;0;0
NER;1970;0;0;0;0;0;0;0;0
NER;1980;0;0;0;0;0;0;0;0
NER;1990;0;0;0;0;0;0;0;0
NER;2000;0;0;0;1;0;0;0;0
NER;2010;0;0;0;3;0;0;0;0
NER;2020;0;0;0;86;0;0;0;0
NGA;1950;0;0;0;0;0;0;0;0
NGA;1960;0;0;0;0;0;0;0;0
NGA;1970;0;0;0;0;0;0;0;0
NGA;1980;0;0;0;0;0;0;0;0
NGA;1990;0;0;0;0;0;0;0;0
NGA;2000;0;0;0;65;0;0;0;0
NGA;2010;0;0;0;269;1;0;0;0
NGA;2020;0;0;0;1108;0;0;0;0
NIU;1950;0;0;0;0;0;0;0;0
NIU;1960;0;0;0;0;0;0;0;0
NIU;1970;0;0;0;0;0;0;0;0
NIU;1980;0;0;0;0;0;0;0;0
NIU;1990;0;0;0;0;0;0;0;0
NIU;2000;0;0;0;0;0;0;0;0
NIU;2010;0;0;0;0;0;0;0;0
NIU;2020;0;0;0;0;0;0;0;0
PRK;1950;0;0;0;0;0;0;0;0
PRK;1960;0;0;0;0;0;0;0;0
PRK;1970;0;0;0;0;0;0;0;0
PRK;1980;0;0;0;7;0;0;0;0
PRK;1990;0;0;0;27;0;0;0;0
PRK;2000;0;0;0;126;18;0;0;0
PRK;2010;0;0;0;15;89;0;0;0
PRK;2020;0;0;0;0;0;0;0;0
MKD;1950;0;0;0;0;0;0;0;0
MKD;1960;0;0;0;0;0;0;0;0
MKD;1970;0;0;0;0;0;0;0;0
MKD;1980;0;0;0;0;0;0;0;0
MKD;1990;0;0;0;0;0;0;0;0
MKD;2000;0;0;0;0;0;0;0;0
MKD;2010;0;10;0;9;0;0;0;0
MKD;2020;0;0;0;0;0;0;0;0
MNP;1950;0;0;0;0;0;0;0;0
MNP;1960;0;0;0;0;0;0;0;0
MNP;1970;0;0;0;0;0;0;0;0
MNP;1980;0;0;0;0;0;0;0;0
MNP;1990;0;0;0;0;0;0;0;0
MNP;2000;0;0;0;0;0;0;0;0
MNP;2010;0;0;0;0;1;0;0;0
MNP;2020;0;0;0;0;0;0;0;0
NOR;1950;0;0;0;0;0;0;0;0
NOR;1960;0;0;0;0;0;0;0;0
NOR;1970;0;0;0;0;0;0;0;0
NOR;1980;0;0;0;0;0;0;0;0
NOR;1990;0;0;0;0;0;0;0;0
NOR;2000;0;0;0;0;10;0;0;0
NOR;2010;0;0;0;0;0;0;0;0
NOR;2020;0;0;0;0;0;3;0;0
OMN;1950;0;0;0;0;0;0;0;0
OMN;1960;0;0;0;0;0;0;0;0
OMN;1970;0;0;0;0;10;0;0;0
OMN;1980;0;0;0;0;0;0;0;0
OMN;1990;0;0;0;0;0;0;0;0
OMN;2000;0;0;0;0;3;0;0;0
OMN;2010;0;0;0;0;20;0;0;0
OMN;2020;0;0;0;0;0;0;0;0
PAK;1950;0;0;0;0;0;0;0;0
PAK;1960;0;0;0;0;0;0;0;0
PAK;1970;0;1500;0;0;0;0;0;0
PAK;1980;0;206;0;0;87;10;0;0
PAK;1990;0;108;0;12;24;1;0;0
PAK;2000;0;12890;0;196;7;2;0;32
PAK;2010;0;344;0;987;52;8;0;0
PAK;2020;0;100;0;4406;44;0;1;0
PLW;1950;0;0;0;0;0;0;0;0
PLW;1960;0;0;0;0;0;0;0;0
PLW;1970;0;0;0;0;0;0;0;0
PLW;1980;0;0;0;0;0;0;0;0
PLW;1990;0;0;0;0;0;0;0;0
PLW;2000;0;0;0;0;0;0;0;0
PLW;2010;0;0;0;0;0;0;0;0
PLW;2020;0;0;0;0;0;0;0;0
PSE;1950;0;0;0;0;0;0;0;0
PSE;1960;0;0;0;0;0;0;0;0
PSE;1970;0;0;0;0;0;0;0;0
PSE;1980;0;0;0;0;0;0;0;0
PSE;1990;0;0;0;0;0;0;0;0
PSE;2000;0;0;0;0;0;0;0;0
PSE;2010;0;0;0;0;10;0;0;0
PSE;2020;0;0;0;0;0;0;0;0
PAN;1950;0;0;0;0;0;0;0;0
PAN;1960;0;0;0;0;2;0;0;0
PAN;1970;0;0;0;50;0;0;0;0
PAN;1980;0;0;0;0;0;0;0;0
PAN;1990;0;60;0;6;5;0;0;0
PAN;2000;0;8;0;1;0;0;0;0
PAN;2010;0;0;0;33;0;0;0;0
PAN;2020;0;0;0;0;0;0;0;0
PNG;1950;0;0;0;0;0;0;0;0
PNG;1960;0;0;0;0;0;0;0;0
PNG;1970;0;2;0;0;0;0;0;0
PNG;1980;0;0;0;0;0;0;0;0
PNG;1990;0;87;3;0;4;1;0;0
PNG;2000;0;7;0;0;0;3;0;0
PNG;2010;0;30;0;0;0;0;0;0
PNG;2020;0;8;0;0;0;0;0;0
PRY;1950;0;0;0;0;0;0;0;0
PRY;1960;0;0;0;0;0;0;0;0
PRY;1970;0;0;0;0;0;0;0;0
PRY;1980;0;0;0;0;0;0;0;0
PRY;1990;0;0;0;0;8;0;0;0
PRY;2000;0;0;0;0;0;0;0;0
PRY;2010;0;0;0;0;13;0;0;0
PRY;2020;0;0;0;0;0;0;0;0
PER;1950;0;22;0;0;0;0;0;0
PER;1960;0;204;0;30;0;0;0;0
PER;1970;0;14700;0;5;0;0;0;0
PER;1980;0;30;0;52;0;7;0;0
PER;1990;0;228;0;133;73;1;0;0
PER;2000;0;416;0;48;0;3;0;182426
PER;2010;0;52;0;116;0;8;0;0
PER;2020;0;242;0;8;0;4;0;0
PHL;1950;0;210;0;0;45;0;0;0
PHL;1960;0;26;79;0;142;0;0;0
PHL;1970;0;664;0;0;684;1;0;0
PHL;1980;0;20;0;37;635;21;0;0
PHL;1990;0;375;20;14;861;2;0;0
PHL;2000;0;10;0;12;673;19;0;0
PHL;2010;0;359;0;29;4144;4;0;0
PHL;2020;0;153;0;0;754;4;0;0
POL;1950;0;0;0;0;0;0;0;0
POL;1960;0;0;0;0;0;0;0;0
POL;1970;0;0;0;0;0;0;0;0
POL;1980;0;0;0;0;0;0;0;0
POL;1990;0;0;0;0;0;0;0;0
POL;2000;0;0;0;0;9;0;0;0
POL;2010;0;0;0;0;28;0;0;0
POL;2020;0;0;0;0;11;0;0;0
PRT;1950;0;0;0;0;0;0;0;0
PRT;1960;0;8;0;10;0;0;0;0
PRT;1970;0;0;0;22;0;0;0;0
PRT;1980;0;60;0;0;0;0;5;0
PRT;1990;0;10;0;0;0;1;0;0
PRT;2000;0;0;0;0;1;0;14;0
PRT;2010;0;0;0;2;5;0;55;0
PRT;2020;0;0;0;0;0;0;62;0
PRI;1950;0;0;0;0;0;0;0;0
PRI;1960;0;0;0;0;0;0;0;0
PRI;1970;0;0;0;0;0;0;0;0
PRI;1980;0;0;0;0;0;0;0;0
PRI;1990;0;0;0;0;0;0;0;0
PRI;2000;0;0;0;0;0;0;0;0
PRI;2010;0;0;0;0;0;0;0;0
PRI;2020;0;3;0;0;0;0;0;0
QAT;1950;0;0;0;0;0;0;0;0
QAT;1960;0;0;0;0;0;0;0;0
QAT;1970;0;0;0;0;0;0;0;0
QAT;1980;0;0;0;0;0;0;0;0
QAT;1990;0;0;0;0;0;0;0;0
QAT;2000;0;0;0;0;0;0;0;0
QAT;2010;0;0;0;0;0;0;0;0
QAT;2020;0;0;0;0;0;0;0;0
REU;1950;0;0;0;0;0;0;0;0
REU;1960;0;0;0;0;0;0;0;0
REU;1970;0;0;0;0;0;0;0;0
REU;1980;0;0;0;0;6;0;0;0
REU;1990;0;0;0;0;0;0;0;0
REU;2000;0;0;0;0;39;0;0;0
REU;2010;0;0;0;0;2;0;0;0
REU;2020;0;0;0;0;4;0;0;0
ROU;1950;0;0;0;0;0;0;0;0
ROU;1960;0;0;0;0;0;0;0;0
ROU;1970;0;1130;0;0;0;0;0;0
ROU;1980;0;0;0;0;0;0;0;0
ROU;1990;0;71;0;3;7;0;0;20
ROU;2000;0;0;0;1;0;0;0;82
ROU;2010;0;0;0;0;14;0;0;24
ROU;2020;0;0;0;0;0;0;0;0
RUS;1950;0;0;0;0;0;0;0;0
RUS;1960;0;0;0;0;0;0;0;0
RUS;1970;0;0;0;0;0;0;0;0
RUS;1980;0;0;0;0;0;0;0;0
RUS;1990;0;101;0;45;17;0;0;68
RUS;2000;0;17;0;120;9;1;0;72
RUS;2010;0;0;0;612;22;0;232;161
RUS;2020;0;0;0;1;0;0;4;0
RWA;1950;0;0;0;0;0;0;0;0
RWA;1960;0;0;0;0;0;0;0;0
RWA;1970;0;0;0;0;0;0;0;0
RWA;1980;0;0;0;5;0;0;0;0
RWA;1990;0;0;0;0;0;0;0;0
RWA;2000;0;75;0;7;0;0;0;0
RWA;2010;0;0;0;11;3;6;0;0
RWA;2020;0;0;0;28;0;0;0;0
BLM;1950;0;0;0;0;0;0;0;0
BLM;1960;0;0;0;0;0;0;0;0
BLM;1970;0;0;0;0;0;0;0;0
BLM;1980;0;0;0;0;0;0;0;0
BLM;1990;0;0;0;0;0;0;0;0
BLM;2000;0;0;0;0;0;0;0;0
BLM;2010;0;0;0;0;0;0;0;0
BLM;2020;0;0;0;0;0;0;0;0
SHN;1950;0;0;0;0;0;0;0;0
SHN;1960;0;0;0;0;0;0;0;0
SHN;1970;0;0;0;0;0;0;0;0
SHN;1980;0;0;0;0;0;0;0;0
SHN;1990;0;0;0;0;0;0;0;0
SHN;2000;0;0;0;0;0;0;0;0
SHN;2010;0;0;0;0;0;0;0;0
SHN;2020;0;0;0;0;0;0;0;0
KNA;1950;0;0;0;0;0;0;0;0
KNA;1960;0;0;0;0;0;0;0;0
KNA;1970;0;0;0;0;0;0;0;0
KNA;1980;0;0;0;0;0;0;0;0
KNA;1990;0;0;0;0;0;0;0;0
KNA;2000;0;0;0;0;0;0;0;0
KNA;2010;0;0;0;0;0;0;0;0
KNA;2020;0;0;0;0;0;0;0;0
LCA;1950;0;0;0;0;0;0;0;0
LCA;1960;0;0;0;0;0;0;0;0
LCA;1970;0;0;0;0;0;0;0;0
LCA;1980;0;0;0;0;0;0;0;0
LCA;1990;0;0;0;0;0;0;0;0
LCA;2000;0;0;0;0;0;0;0;0
LCA;2010;0;0;0;0;0;0;0;0
LCA;2020;0;0;0;0;0;0;0;0
MAF;1950;0;0;0;0;0;0;0;0
MAF;1960;0;0;0;0;0;0;0;0
MAF;1970;0;0;0;0;0;0;0;0
MAF;1980;0;0;0;0;0;0;0;0
MAF;1990;0;0;0;0;0;0;0;0
MAF;2000;0;0;0;0;0;0;0;0
MAF;2010;0;0;0;0;11;0;0;0
MAF;2020;0;0;0;0;0;0;0;0
VCT;1950;0;0;0;0;0;0;0;0
VCT;1960;0;0;0;0;0;0;0;0
VCT;1970;0;0;0;0;0;0;0;0
VCT;1980;0;0;0;1;1;0;0;0
VCT;1990;0;0;0;0;0;0;0;0
VCT;2000;0;0;0;0;0;0;0;0
VCT;2010;0;0;0;4;0;0;0;0
VCT;2020;0;0;0;0;0;0;0;0
WSM;1950;0;0;0;0;0;0;0;0
WSM;1960;0;0;0;0;0;0;0;0
WSM;1970;0;0;0;0;0;0;0;0
WSM;1980;0;0;0;0;0;0;0;0
WSM;1990;0;0;0;0;0;0;0;0
WSM;2000;0;31;0;0;0;0;0;0
WSM;2010;0;0;0;0;0;0;0;0
WSM;2020;0;0;0;0;0;0;0;0
STP;1950;0;0;0;0;0;0;0;0
STP;1960;0;0;0;0;0;0;0;0
STP;1970;0;0;0;0;0;0;0;0
STP;1980;0;0;0;0;0;0;0;0
STP;1990;0;0;0;0;0;0;0;0
STP;2000;0;0;0;0;0;0;0;0
STP;2010;0;0;0;0;0;0;0;0
STP;2020;0;0;0;0;0;0;0;0
SAU;1950;0;0;0;0;0;0;0;0
SAU;1960;0;0;0;0;0;0;0;0
SAU;1970;0;0;0;0;0;0;0;0
SAU;1980;0;0;0;0;0;0;0;0
SAU;1990;0;0;0;0;0;0;0;0
SAU;2000;0;0;0;10;0;0;0;0
SAU;2010;0;0;0;1;0;0;0;0
SAU;2020;0;0;0;0;0;0;0;0
SEN;1950;0;0;0;0;0;0;0;0
SEN;1960;0;0;0;0;0;0;0;0
SEN;1970;0;0;0;0;0;0;0;0
SEN;1980;0;0;0;0;0;0;0;0
SEN;1990;0;0;0;0;0;0;0;0
SEN;2000;0;0;0;0;0;0;0;0
SEN;2010;0;0;0;32;0;0;0;0
SEN;2020;0;0;0;57;0;0;0;0
SRB;1950;0;0;0;0;0;0;0;0
SRB;1960;0;0;0;0;0;0;0;0
SRB;1970;0;0;0;0;0;0;0;0
SRB;1980;0;0;0;0;0;0;0;0
SRB;1990;0;0;0;0;0;0;0;0
SRB;2000;0;0;0;0;0;0;0;50
SRB;2010;0;12;0;0;0;0;0;0
SRB;2020;0;0;0;0;0;0;0;0
SYC;1950;0;0;0;0;0;0;0;0
SYC;1960;0;0;0;0;0;0;0;0
SYC;1970;0;0;0;0;0;0;0;0
SYC;1980;0;0;0;0;0;0;0;0
SYC;1990;0;0;0;0;0;0;0;0
SYC;2000;0;0;0;0;0;0;0;0
SYC;2010;0;0;0;0;0;0;0;0
SYC;2020;0;0;0;0;0;0;0;0
SLE;1950;0;0;0;0;0;0;0;0
SLE;1960;0;0;0;0;0;0;0;0
SLE;1970;0;0;0;0;0;0;0;0
SLE;1980;0;0;0;0;0;0;0;0
SLE;1990;0;0;0;0;0;0;0;0
SLE;2000;0;0;0;2;0;0;0;0
SLE;2010;0;0;0;0;0;11;0;0
SLE;2020;0;0;0;26;0;0;0;0
SXM;1950;0;0;0;0;0;0;0;0
SXM;1960;0;0;0;0;0;0;0;0
SXM;1970;0;0;0;0;0;0;0;0
SXM;1980;0;0;0;0;0;0;0;0
SXM;1990;0;0;0;0;0;0;0;0
SXM;2000;0;0;0;0;0;0;0;0
SXM;2010;0;0;0;0;4;0;0;0
SXM;2020;0;0;0;0;0;0;0;0
SVK;1950;0;0;0;0;0;0;0;0
SVK;1960;0;0;0;0;0;0;0;0
SVK;1970;0;0;0;0;0;0;0;0
SVK;1980;0;0;0;0;0;0;0;0
SVK;1990;0;0;0;6;0;0;0;0
SVK;2000;0;0;0;0;2;0;0;9
SVK;2010;0;0;0;0;0;0;0;0
SVK;2020;0;0;0;0;0;0;0;0
SVN;1950;0;0;0;0;0;0;0;0
SVN;1960;0;0;0;0;0;0;0;0
SVN;1970;0;0;0;0;0;0;0;0
SVN;1980;0;0;0;0;0;0;0;0
SVN;1990;0;0;0;0;0;0;0;0
SVN;2000;0;1;0;0;0;0;0;0
SVN;2010;0;0;0;0;0;0;0;0
SVN;2020;0;0;0;0;0;0;0;0
SLB;1950;0;0;0;0;0;0;0;0
SLB;1960;0;0;0;0;0;0;0;0
SLB;1970;0;0;0;0;0;0;0;0
SLB;1980;0;0;0;0;0;0;0;0
SLB;1990;0;0;0;0;0;0;0;0
SLB;2000;0;1;0;0;1;0;0;0
SLB;2010;0;0;0;0;0;0;0;0
SLB;2020;0;0;0;0;0;0;0;0
SOM;1950;0;0;0;0;0;0;0;0
SOM;1960;0;0;0;0;0;0;0;0
SOM;1970;0;0;0;0;0;0;0;0
SOM;1980;0;0;0;0;0;0;0;0
SOM;1990;0;0;0;0;0;0;0;0
SOM;2000;0;28;0;3;0;0;0;0
SOM;2010;0;0;0;0;0;0;0;0
SOM;2020;0;0;0;7;0;0;0;0
ZAF;1950;0;0;0;0;0;0;0;0
ZAF;1960;0;0;0;0;0;0;0;0
ZAF;1970;0;0;0;0;0;0;0;0
ZAF;1980;0;0;0;0;20;0;0;0
ZAF;1990;0;5;0;4;64;0;1;0
ZAF;2000;0;6;0;1;28;0;53;0
ZAF;2010;0;0;0;32;26;0;0;2
ZAF;2020;0;0;0;18;9;0;0;0
KOR;1950;0;0;0;0;0;0;0;0
KOR;1960;0;0;0;74;32;0;0;0
KOR;1970;0;0;0;184;0;0;0;0
KOR;1980;0;0;0;19;20;0;0;0
KOR;1990;0;0;0;6;18;1;0;0
KOR;2000;0;0;0;2;30;0;2;0
KOR;2010;0;9;0;0;15;3;4;0
KOR;2020;0;0;0;6;3;0;0;118
SSD;1950;0;0;0;0;0;0;0;0
SSD;1960;0;0;0;0;0;0;0;0
SSD;1970;0;0;0;0;0;0;0;0
SSD;1980;0;0;0;0;0;0;0;0
SSD;1990;0;0;0;0;0;0;0;0
SSD;2000;0;0;0;0;0;0;0;0
SSD;2010;0;0;0;0;0;0;1;0
SSD;2020;0;0;0;0;0;0;0;0
ESP;1950;0;7;0;0;0;0;0;0
ESP;1960;0;0;0;0;0;0;0;0
ESP;1970;0;0;0;5;0;0;0;0
ESP;1980;0;0;0;160;6;0;0;0
ESP;1990;0;2;0;0;0;13;2;7
ESP;2000;0;0;0;8;0;0;10;11
ESP;2010;0;30;0;4;0;0;1;0
ESP;2020;0;0;0;0;0;0;0;0
LKA;1950;0;0;0;0;0;0;0;0
LKA;1960;0;0;0;0;0;0;0;0
LKA;1970;0;0;0;0;500;0;0;0
LKA;1980;0;0;0;100;0;0;0;0
LKA;1990;0;0;0;0;0;0;0;0
LKA;2000;0;2318;0;0;0;0;0;0
LKA;2010;0;0;0;30;12;0;0;0
LKA;2020;0;0;0;6;0;0;0;0
SDN;1950;0;0;0;0;0;0;0;0
SDN;1960;0;0;0;0;0;0;0;0
SDN;1970;0;0;0;0;0;0;0;0
SDN;1980;0;0;0;0;0;0;0;0
SDN;1990;0;2;0;1850;0;0;0;0
SDN;2000;0;0;0;39;0;0;0;0
SDN;2010;0;0;0;72;3;0;0;0
SDN;2020;0;0;0;60;0;0;0;0
SUR;1950;0;0;0;0;0;0;0;0
SUR;1960;0;0;0;0;0;0;0;0
SUR;1970;0;0;0;0;0;0;0;0
SUR;1980;0;0;0;0;0;0;0;0
SUR;1990;0;0;0;0;0;0;0;0
SUR;2000;0;0;0;0;0;0;0;0
SUR;2010;0;0;0;0;0;0;0;0
SUR;2020;0;0;0;0;0;0;0;0
SWE;1950;0;0;0;0;0;0;0;0
SWE;1960;0;0;0;0;0;0;0;0
SWE;1970;0;0;0;0;0;5;0;0
SWE;1980;0;0;0;0;0;0;0;0
SWE;1990;0;0;0;0;0;0;0;0
SWE;2000;0;0;0;0;0;0;0;0
SWE;2010;0;0;0;0;0;0;0;0
SWE;2020;0;0;0;0;0;0;0;0
CHE;1950;0;0;0;0;0;0;0;0
CHE;1960;0;0;0;0;0;0;0;0
CHE;1970;0;0;0;0;0;0;0;0
CHE;1980;0;0;0;0;0;0;0;0
CHE;1990;0;0;0;0;0;0;0;0
CHE;2000;0;0;0;0;1;0;0;0
CHE;2010;0;0;0;0;10;0;0;0
CHE;2020;0;0;0;0;2;0;0;0
SYR;1950;0;0;0;0;0;0;0;0
SYR;1960;0;0;0;0;0;0;0;0
SYR;1970;0;0;0;0;0;0;0;0
SYR;1980;0;0;0;0;0;0;0;0
SYR;1990;0;0;0;0;0;0;0;0
SYR;2000;0;0;0;0;35;2;0;0
SYR;2010;0;0;0;0;350;0;0;0
SYR;2020;0;0;0;1;0;0;26;0
TWN;1950;0;90;0;0;0;0;0;0
TWN;1960;0;250;0;0;66;0;0;0
TWN;1970;0;0;0;600;53;0;0;0
TWN;1980;0;5;0;2;0;3;0;0
TWN;1990;0;892;0;0;21;0;0;0
TWN;2000;0;24;0;0;90;0;0;0
TWN;2010;0;102;0;4;165;0;0;0
TWN;2020;0;47;0;0;0;0;0;0
TJK;1950;0;0;0;0;0;0;0;0
TJK;1960;0;0;0;0;0;0;0;0
TJK;1970;0;0;0;0;0;0;0;0
TJK;1980;0;0;0;0;0;0;0;0
TJK;1990;0;0;0;6;0;0;0;0
TJK;2000;0;7;0;1;0;2;0;0
TJK;2010;0;1;0;34;0;0;0;0
TJK;2020;0;0;0;0;0;0;0;0
TZA;1950;0;0;0;0;0;0;0;0
TZA;1960;0;0;0;0;0;0;0;0
TZA;1970;0;0;0;0;0;0;0;0
TZA;1980;0;0;0;0;0;0;0;0
TZA;1990;0;0;0;3;0;0;0;0
TZA;2000;0;1;0;6;1;0;0;0
TZA;2010;0;44;0;21;11;0;0;0
TZA;2020;0;0;0;0;0;0;0;0
THA;1950;0;0;0;0;0;0;0;0
THA;1960;0;0;0;20;0;0;0;0
THA;1970;0;0;0;49;0;0;0;0
THA;1980;0;0;0;193;0;0;0;0
THA;1990;0;0;0;26;41;0;0;0
THA;2000;0;846;0;81;10;1;0;0
THA;2010;0;4;0;1;0;0;0;0
THA;2020;0;0;0;2;1;0;0;0
TLS;1950;0;0;0;0;0;0;0;0
TLS;1960;0;0;0;0;0;0;0;0
TLS;1970;0;0;0;0;0;0;0;0
TLS;1980;0;0;0;0;0;0;0;0
TLS;1990;0;0;0;0;0;0;0;0
TLS;2000;0;0;0;0;0;0;0;0
TLS;2010;0;0;0;0;0;0;0;0
TLS;2020;0;0;0;2;0;0;0;0
TGO;1950;0;0;0;0;0;0;0;0
TGO;1960;0;0;0;0;2;0;0;0
TGO;1970;0;0;0;0;0;0;0;0
TGO;1980;0;0;0;0;0;0;0;0
TGO;1990;0;0;0;0;0;0;0;0
TGO;2000;0;0;0;16;0;0;0;0
TGO;2010;0;0;0;0;0;0;0;0
TGO;2020;0;0;0;0;0;0;0;0
TKL;1950;0;0;0;0;0;0;0;0
TKL;1960;0;0;0;0;0;0;0;0
TKL;1970;0;0;0;0;0;0;0;0
TKL;1980;0;0;0;0;0;0;0;0
TKL;1990;0;0;0;0;0;0;0;0
TKL;2000;0;0;0;0;0;0;0;0
TKL;2010;0;0;0;0;0;0;0;0
TKL;2020;0;0;0;0;0;0;0;0
TON;1950;0;0;0;0;0;0;0;0
TON;1960;0;0;0;0;0;0;0;0
TON;1970;0;1;0;0;1;0;0;0
TON;1980;0;0;0;0;1;0;0;0
TON;1990;0;0;0;0;0;0;0;0
TON;2000;0;1;0;0;0;0;0;0
TON;2010;0;0;0;0;1;0;0;0
TON;2020;0;0;0;0;0;0;0;0
TTO;1950;0;0;0;0;0;0;0;0
TTO;1960;0;0;0;0;0;0;0;0
TTO;1970;0;0;0;0;0;0;0;0
TTO;1980;0;0;0;0;0;0;0;0
TTO;1990;0;0;0;0;0;0;0;0
TTO;2000;0;0;0;0;0;0;0;0
TTO;2010;0;0;0;0;0;0;0;0
TTO;2020;0;0;0;0;0;0;0;0
TUN;1950;0;0;0;0;0;0;0;0
TUN;1960;0;0;0;0;0;0;0;0
TUN;1970;0;0;0;0;0;0;0;0
TUN;1980;0;0;0;0;0;0;0;0
TUN;1990;0;0;0;0;0;0;0;0
TUN;2000;0;0;0;1;0;0;0;0
TUN;2010;0;0;0;0;0;0;0;0
TUN;2020;0;0;0;0;0;0;0;0
TUR;1950;0;52;0;0;0;0;0;0
TUR;1960;0;253;0;0;0;0;0;0
TUR;1970;0;2247;0;0;0;0;0;0
TUR;1980;0;133;0;0;0;13;0;0
TUR;1990;0;5650;0;17;0;5;0;0
TUR;2000;0;145;0;5;14;1;0;45
TUR;2010;0;512;0;0;0;11;0;0
TUR;2020;0;910;0;120;0;28;41;0
TKM;1950;0;0;0;0;0;0;0;0
TKM;1960;0;0;0;0;0;0;0;0
TKM;1970;0;0;0;0;0;0;0;0
TKM;1980;0;0;0;0;0;0;0;0
TKM;1990;0;0;0;0;0;0;0;0
TKM;2000;0;0;0;0;0;0;0;0
TKM;2010;0;0;0;0;0;0;0;0
TKM;2020;0;0;0;0;0;0;0;0
TCA;1950;0;0;0;0;0;0;0;0
TCA;1960;0;0;0;0;0;0;0;0
TCA;1970;0;0;0;0;0;0;0;0
TCA;1980;0;0;0;0;0;0;0;0
TCA;1990;0;0;0;0;0;0;0;0
TCA;2000;0;0;0;0;0;0;0;0
TCA;2010;0;0;0;0;0;0;0;0
TCA;2020;0;0;0;0;0;0;0;0
TUV;1950;0;0;0;0;0;0;0;0
TUV;1960;0;0;0;0;0;0;0;0
TUV;1970;0;0;0;0;0;0;0;0
TUV;1980;0;0;0;0;0;0;0;0
TUV;1990;0;0;0;0;0;0;0;0
TUV;2000;0;0;0;0;0;0;0;0
TUV;2010;0;0;0;0;0;0;0;0
TUV;2020;0;0;0;0;0;0;0;0
UGA;1950;0;0;0;0;0;0;0;0
UGA;1960;0;51;0;0;0;0;0;0
UGA;1970;0;0;0;0;0;0;0;0
UGA;1980;0;0;0;0;0;0;0;0
UGA;1990;0;0;0;0;0;0;0;0
UGA;2000;0;0;0;4;1;1;0;0
UGA;2010;0;0;0;1;5;10;0;0
UGA;2020;0;0;0;28;0;2;0;0
UKR;1950;0;0;0;0;0;0;0;0
UKR;1960;0;0;0;0;0;0;0;0
UKR;1970;0;0;0;0;0;0;0;0
UKR;1980;0;0;0;0;0;0;0;0
UKR;1990;0;0;0;23;0;0;0;0
UKR;2000;0;0;0;0;73;0;0;960
UKR;2010;0;0;0;6;0;0;0;303
UKR;2020;0;0;0;0;0;0;6;0
ARE;1950;0;0;0;0;0;0;0;0
ARE;1960;0;0;0;0;0;0;0;0
ARE;1970;0;0;0;0;0;0;0;0
ARE;1980;0;0;0;0;0;0;0;0
ARE;1990;0;0;0;0;0;0;0;0
ARE;2000;0;0;0;0;0;0;0;0
ARE;2010;0;0;0;0;0;0;0;0
ARE;2020;0;0;0;0;0;0;0;0
GBR;1950;0;0;0;0;0;0;0;0
GBR;1960;0;0;0;0;0;0;0;0
GBR;1970;0;0;0;0;0;0;0;0
GBR;1980;0;0;0;0;1;0;0;0
GBR;1990;0;0;0;0;0;0;0;0
GBR;2000;0;0;0;1;0;0;0;5
GBR;2010;0;0;0;0;0;0;0;0
GBR;2020;0;0;0;0;0;0;0;0
USA;1950;0;20;0;0;0;0;0;0
USA;1960;0;0;0;0;100;0;0;0
USA;1970;0;201;0;0;16;0;0;0
USA;1980;0;393;0;0;151;0;0;0
USA;1990;0;756;0;9;284;0;31;0
USA;2000;0;52;0;27;284;2;30;3
USA;2010;0;28;0;12;622;3;43;0
USA;2020;0;0;0;0;271;0;77;0
VIR;1950;0;0;0;0;0;0;0;0
VIR;1960;0;0;0;0;0;0;0;0
VIR;1970;0;0;0;0;0;0;0;0
VIR;1980;0;0;0;0;0;0;0;0
VIR;1990;0;0;0;0;0;0;0;0
VIR;2000;0;0;0;0;0;0;0;0
VIR;2010;0;0;0;0;0;0;0;0
VIR;2020;0;0;0;0;0;0;0;0
URY;1950;0;0;0;0;0;0;0;0
URY;1960;0;0;0;0;0;0;0;0
URY;1970;0;0;0;0;0;0;0;0
URY;1980;0;0;0;0;0;0;0;0
URY;1990;0;0;0;0;0;0;0;0
URY;2000;0;0;0;0;1;0;0;0
URY;2010;0;0;0;25;0;0;0;0
URY;2020;0;0;0;0;0;0;0;0
UZB;1950;0;0;0;0;0;0;0;0
UZB;1960;0;0;0;0;0;0;0;0
UZB;1970;0;0;0;0;0;0;0;0
UZB;1980;0;0;0;0;0;0;0;0
UZB;1990;0;0;0;0;0;0;0;0
UZB;2000;0;0;0;0;0;0;0;0
UZB;2010;0;0;0;0;0;0;0;0
UZB;2020;0;0;0;22;0;2;0;0
VUT;1950;0;0;0;0;0;0;0;0
VUT;1960;0;0;0;0;0;0;0;0
VUT;1970;0;0;0;0;0;0;0;0
VUT;1980;0;0;0;0;0;0;0;0
VUT;1990;0;10;0;0;2;0;0;0
VUT;2000;0;0;0;0;1;0;0;0
VUT;2010;0;0;0;0;1;0;0;0
VUT;2020;0;0;0;0;40;0;0;0
VEN;1950;0;0;0;0;0;0;0;0
VEN;1960;0;154;0;0;0;0;0;0
VEN;1970;0;0;0;0;0;0;0;0
VEN;1980;0;9;0;3;0;30;0;0
VEN;1990;0;68;0;307;40;2;0;0
VEN;2000;0;0;0;15;1;0;0;0
VEN;2010;0;0;0;0;0;0;0;0
VEN;2020;0;0;0;0;0;0;0;0
VNM;1950;0;0;0;0;0;0;0;0
VNM;1960;0;0;0;0;0;0;0;0
VNM;1970;0;0;0;0;0;0;0;0
VNM;1980;0;0;0;0;589;0;0;0
VNM;1990;0;0;0;81;205;3;0;0
VNM;2000;0;0;0;51;351;4;0;0
VNM;2010;0;0;0;34;95;0;0;0
VNM;2020;0;0;0;3;69;0;0;0
WLF;1950;0;0;0;0;0;0;0;0
WLF;1960;0;0;0;0;0;0;0;0
WLF;1970;0;0;0;0;0;0;0;0
WLF;1980;0;0;0;0;0;0;0;0
WLF;1990;0;2;0;0;0;0;0;0
WLF;2000;0;0;0;0;0;0;0;0
WLF;2010;0;0;0;0;0;0;0;0
WLF;2020;0;0;0;0;0;0;0;0
YEM;1950;0;0;0;0;0;0;0;0
YEM;1960;0;0;0;0;0;0;0;0
YEM;1970;0;0;0;0;0;0;0;0
YEM;1980;0;0;0;0;0;0;0;0
YEM;1990;0;4;0;0;0;0;0;0
YEM;2000;0;0;2;11;0;1;0;0
YEM;2010;0;0;0;2;19;2;0;0
YEM;2020;0;0;0;51;0;0;0;0
ZMB;1950;0;0;0;0;0;0;0;0
ZMB;1960;0;0;0;0;0;0;0;0
ZMB;1970;0;0;0;90;0;0;0;0
ZMB;1980;0;0;0;0;0;0;0;0
ZMB;1990;0;0;0;0;0;0;0;0
ZMB;2000;0;0;0;1;0;0;0;0
ZMB;2010;0;0;0;0;0;0;0;0
ZMB;2020;0;0;0;0;0;0;0;0
ZWE;1950;0;0;0;0;0;0;0;0
ZWE;1960;0;0;0;0;0;0;0;0
ZWE;1970;0;0;0;0;0;0;0;0
ZWE;1980;0;0;0;0;0;0;0;0
ZWE;1990;0;0;0;0;0;0;0;0
ZWE;2000;0;0;0;0;0;0;0;0
ZWE;2010;0;0;0;0;31;0;0;0
ZWE;2020;0;0;0;0;0;0;0;0
